date,arbnet_density_skew,arbnet,ackerer,bs,arbnet_density
2019-01-01,30.739452362060547,75.70159149169922,40.549983978271484,33.06897735595703,31.455341339111328
2019-01-02,34.74694061279297,64.58109283447266,42.55637741088867,40.91462326049805,35.98664093017578
2019-01-03,23.810070037841797,76.01575469970703,23.397554397583008,29.816722869873047,27.90622329711914
2019-01-04,25.05319595336914,74.54496002197266,35.00041961669922,29.223527908325195,27.808992385864258
2019-01-07,23.252721786499023,70.4483871459961,60.62383270263672,28.963571548461914,25.90609359741211
2019-01-08,23.471668243408203,58.165130615234375,27.16037368774414,35.36882781982422,32.34674835205078
2019-01-09,34.499900817871094,71.44210815429688,45.1072883605957,38.88721466064453,30.21869468688965
2019-01-10,25.156354904174805,55.851463317871094,17.015918731689453,31.72480010986328,24.954618453979492
2019-01-11,15.927347183227539,64.42628479003906,31.72644805908203,26.159652709960938,23.143692016601562
2019-01-14,10.911409378051758,59.6080436706543,13.34942626953125,20.632783889770508,15.21900749206543
2019-01-15,18.66813087463379,62.82461929321289,40.68760681152344,25.831218719482422,23.569908142089844
2019-01-16,18.007362365722656,52.74422073364258,15.253571510314941,27.0423526763916,22.495542526245117
2019-01-17,12.982046127319336,58.26252746582031,16.712278366088867,22.899974822998047,18.6873836517334
2019-01-18,13.409412384033203,52.62611389160156,23.499427795410156,21.326610565185547,14.986835479736328
2019-01-21,5.111504077911377,55.64919662475586,30.8760929107666,17.352764129638672,11.168037414550781
2019-01-22,5.892208576202393,53.98930358886719,15.374683380126953,16.426483154296875,10.198725700378418
2019-01-23,15.270755767822266,58.59093475341797,25.941303253173828,21.46636390686035,17.53160858154297
2019-01-24,9.882315635681152,52.17723083496094,14.698019027709961,16.764528274536133,11.140432357788086
2019-01-25,10.233205795288086,52.113037109375,13.545181274414062,17.473344802856445,13.451677322387695
2019-01-28,8.761625289916992,52.71660232543945,13.328825950622559,14.713091850280762,11.355305671691895
2019-01-29,12.2109956741333,53.947425842285156,12.59035873413086,16.982189178466797,13.112447738647461
2019-01-30,10.858234405517578,47.48783874511719,15.815300941467285,13.346048355102539,10.308295249938965
2019-01-31,15.885242462158203,52.84040451049805,13.936532020568848,23.22366714477539,17.182289123535156
2019-02-01,22.856698989868164,59.35689163208008,24.898340225219727,27.92070198059082,24.00274085998535
2019-02-04,17.893569946289062,56.5465087890625,24.305192947387695,25.04086685180664,19.49698257446289
2019-02-05,20.577831268310547,50.43513870239258,25.121824264526367,27.524002075195312,22.53119659423828
2019-02-06,18.296939849853516,63.086551666259766,34.525569915771484,29.581737518310547,22.275461196899414
2019-02-07,22.193696975708008,48.51177978515625,16.4135799407959,29.26123046875,22.81044578552246
2019-02-08,22.566076278686523,48.334373474121094,29.278223037719727,30.304885864257812,26.320545196533203
2019-02-11,8.98764419555664,50.759857177734375,10.59029769897461,16.3114070892334,12.78860855102539
2019-02-12,7.084883213043213,51.22700119018555,14.992179870605469,13.916104316711426,10.736366271972656
2019-02-13,8.588134765625,50.23746109008789,9.37520980834961,8.327699661254883,9.210905075073242
2019-02-14,5.891376972198486,48.32794952392578,7.068356990814209,14.65730094909668,9.587581634521484
2019-02-15,3.71541690826416,48.665523529052734,6.572697639465332,14.559717178344727,8.709689140319824
2019-02-18,8.235762596130371,49.008419036865234,13.699667930603027,14.285157203674316,9.832114219665527
2019-02-19,7.339304447174072,45.574886322021484,10.960437774658203,13.253703117370605,8.663652420043945
2019-02-20,4.337291717529297,48.398921966552734,11.847901344299316,14.262788772583008,9.260672569274902
2019-02-21,5.191511154174805,47.11365509033203,19.436851501464844,14.930000305175781,9.322240829467773
2019-02-22,3.6010584831237793,48.02262496948242,5.826338768005371,15.182249069213867,8.336959838867188
2019-02-25,4.93307638168335,46.22716522216797,67.37641143798828,15.838603973388672,11.14183521270752
2019-02-26,6.525751113891602,46.90361022949219,8.539857864379883,15.721214294433594,9.526216506958008
2019-02-27,11.98442554473877,47.83487319946289,12.539834022521973,18.346845626831055,13.16707706451416
2019-02-28,13.981441497802734,49.81783676147461,17.83574676513672,19.639814376831055,14.28529167175293
2019-03-01,15.498560905456543,50.3441047668457,14.983770370483398,18.534873962402344,16.307987213134766
2019-03-05,19.10136604309082,54.18090057373047,20.36678123474121,22.885967254638672,18.54014015197754
2019-03-06,18.25821304321289,54.265716552734375,21.107227325439453,23.03196907043457,17.854740142822266
2019-03-07,15.398157119750977,46.34722900390625,12.887659072875977,19.10115623474121,17.042369842529297
2019-03-08,17.43271255493164,53.65747833251953,18.40162467956543,24.627017974853516,17.847030639648438
2019-03-11,14.624224662780762,55.235355377197266,19.828317642211914,23.525901794433594,17.81256103515625
2019-03-12,16.262866973876953,50.51191711425781,17.7604923248291,24.453336715698242,19.533340454101562
2019-03-13,12.272809982299805,49.24320602416992,13.891555786132812,19.286134719848633,14.462355613708496
2019-03-14,10.280091285705566,47.86964416503906,10.488097190856934,18.87066650390625,15.387195587158203
2019-03-15,20.8226375579834,57.89527130126953,27.677967071533203,28.96776008605957,21.72111701965332
2019-03-18,20.803184509277344,59.52170944213867,28.98906707763672,27.14265251159668,22.245155334472656
2019-03-19,22.323171615600586,55.11634826660156,28.487958908081055,27.60017204284668,24.592636108398438
2019-03-20,14.306689262390137,46.01024627685547,25.673137664794922,22.732650756835938,17.265817642211914
2019-03-22,24.64866065979004,58.20037078857422,24.82269859313965,28.783594131469727,24.851123809814453
2019-03-25,14.065723419189453,48.89466094970703,17.56437873840332,19.414878845214844,18.533180236816406
2019-03-26,17.507678985595703,50.07655334472656,19.667102813720703,21.172624588012695,17.04532241821289
2019-03-27,20.166372299194336,53.02219772338867,29.697978973388672,24.141006469726562,22.3962459564209
2019-03-28,21.844327926635742,60.86962890625,31.78252410888672,27.373178482055664,22.462682723999023
2019-03-29,18.836320877075195,61.176055908203125,19.7476863861084,54.7972412109375,19.083209991455078
2019-04-01,25.054258346557617,61.17094039916992,35.387882232666016,34.78277587890625,28.360570907592773
2019-04-02,27.19483184814453,63.169254302978516,30.26984214782715,32.286231994628906,29.508129119873047
2019-04-03,28.274507522583008,61.27079391479492,46.706993103027344,30.79884147644043,26.05605125427246
2019-04-04,32.65937042236328,63.698585510253906,37.00687026977539,39.33415603637695,34.46387481689453
2019-04-05,11.711034774780273,49.78094482421875,19.159128189086914,20.947113037109375,15.036608695983887
2019-04-08,33.14311599731445,62.165382385253906,48.78141403198242,36.27599334716797,34.70566177368164
2019-04-09,31.83681869506836,60.293949127197266,32.72554016113281,34.852996826171875,33.192100524902344
2019-04-10,27.433565139770508,58.32881164550781,31.587751388549805,30.13710594177246,28.467348098754883
2019-04-11,23.736766815185547,56.8304328918457,39.91044998168945,27.366222381591797,25.931581497192383
2019-04-12,41.304691314697266,68.50216674804688,41.046016693115234,44.182701110839844,41.80064010620117
2019-04-15,31.483610153198242,56.868255615234375,39.5180549621582,32.82637405395508,32.00115203857422
2019-04-16,38.109310150146484,64.51078796386719,38.629676818847656,41.8252067565918,39.160255432128906
2019-04-18,40.091495513916016,68.8606948852539,40.364322662353516,44.68701934814453,40.51520538330078
2019-04-22,30.849124908447266,63.79452896118164,34.12851333618164,32.47930145263672,30.672761917114258
2019-04-23,39.47805404663086,69.1337890625,35.7308235168457,41.066749572753906,39.80628204345703
2019-04-24,26.293094635009766,59.757259368896484,30.852018356323242,26.801620483398438,28.27203941345215
2019-04-25,27.60083770751953,60.83439636230469,38.27409744262695,29.327383041381836,27.9856014251709
2019-04-26,16.49578857421875,59.26530838012695,19.20473861694336,21.315248489379883,17.770069122314453
2019-04-30,17.871673583984375,62.14645767211914,18.5458984375,22.296125411987305,24.333656311035156
2019-05-02,25.37061882019043,64.294189453125,24.928205490112305,26.399124145507812,24.373796463012695
2019-05-03,19.68602752685547,57.32283401489258,29.283113479614258,23.370702743530273,19.894378662109375
2019-05-06,29.991558074951172,63.02086639404297,44.84917068481445,33.41438674926758,31.156591415405273
2019-05-07,31.051496505737305,65.83595275878906,33.37162399291992,30.25162124633789,30.526586532592773
2019-05-08,30.705018997192383,65.10260009765625,37.93790817260742,32.66401672363281,30.46446990966797
2019-05-09,26.139833450317383,63.64470291137695,26.592798233032227,27.486560821533203,24.928091049194336
2019-05-10,34.891841888427734,72.92730712890625,34.39780807495117,37.649662017822266,35.13115310668945
2019-05-13,35.90403747558594,72.31733703613281,35.151363372802734,36.712589263916016,35.7363166809082
2019-05-14,29.927907943725586,67.59803009033203,35.1330680847168,32.61992645263672,30.15819549560547
2019-05-15,33.49740982055664,66.38490295410156,44.77682876586914,36.18723678588867,33.23573684692383
2019-05-16,30.6856746673584,68.06281280517578,33.34669494628906,32.86961364746094,30.68816566467285
2019-05-17,34.335365295410156,75.80091857910156,28.74758529663086,37.783241271972656,33.495662689208984
2019-05-20,25.559017181396484,82.93754577636719,25.160734176635742,28.57804298400879,24.966899871826172
2019-05-21,29.773033142089844,89.82498168945312,26.03015899658203,29.92234230041504,27.28081703186035
2019-05-22,34.57125473022461,90.13529205322266,20.44744873046875,36.71988296508789,34.144256591796875
2019-05-23,10.739879608154297,81.1893081665039,25.44205665588379,18.91367530822754,14.534029960632324
2019-05-24,17.431991577148438,81.64075469970703,21.810348510742188,23.105484008789062,19.146085739135742
2019-05-27,20.163545608520508,77.77906036376953,23.27249526977539,25.6110897064209,23.17594337463379
2019-05-28,20.326295852661133,74.77722930908203,22.14737892150879,24.090980529785156,18.855379104614258
2019-05-29,28.780534744262695,71.70096588134766,28.403079986572266,30.82010841369629,29.77825355529785
2019-05-30,29.38260841369629,69.43546295166016,32.06719970703125,36.0162467956543,35.621822357177734
2019-05-31,34.679744720458984,72.0404052734375,34.52081298828125,39.6981201171875,37.029296875
2019-06-03,21.099699020385742,72.4238052368164,30.082643508911133,28.447898864746094,23.961877822875977
2019-06-04,22.616472244262695,72.32413482666016,21.637903213500977,26.415380477905273,23.9589900970459
2019-06-06,24.858463287353516,76.04076385498047,45.59925079345703,30.636472702026367,26.02503776550293
2019-06-07,25.6420955657959,75.12109375,29.498605728149414,28.703989028930664,27.330448150634766
2019-06-10,23.224111557006836,71.22935485839844,26.656761169433594,26.692359924316406,24.817977905273438
2019-06-11,14.067604064941406,69.30851745605469,20.99222755432129,20.967327117919922,18.32571792602539
2019-06-12,22.398988723754883,66.01304626464844,24.039033889770508,24.761533737182617,23.431652069091797
2019-06-13,30.412330627441406,63.73390197753906,31.388708114624023,32.32890701293945,32.31306457519531
2019-06-14,15.046680450439453,69.88336181640625,19.067827224731445,19.812828063964844,21.166561126708984
2019-06-17,24.814552307128906,63.27262496948242,31.81403350830078,27.59503746032715,27.43328094482422
2019-06-18,20.50245475769043,64.11388397216797,24.561813354492188,20.927324295043945,21.066837310791016
2019-06-19,21.646684646606445,58.20698928833008,21.395719528198242,23.074079513549805,24.0339298248291
2019-06-20,19.754236221313477,65.85116577148438,19.185626983642578,23.182659149169922,19.054027557373047
2019-06-21,13.541247367858887,67.09260559082031,12.484999656677246,16.43330192565918,14.914569854736328
2019-06-24,10.338350296020508,62.464393615722656,15.32289981842041,14.875072479248047,13.645167350769043
2019-06-25,20.928861618041992,58.512691497802734,20.14015007019043,22.06500816345215,22.40648651123047
2019-06-26,12.989760398864746,59.543155670166016,16.199216842651367,15.428499221801758,15.61866569519043
2019-06-27,9.388526916503906,61.42245101928711,13.211764335632324,14.160820960998535,11.785508155822754
2019-06-28,14.628195762634277,63.244842529296875,26.24498176574707,23.01767921447754,18.059194564819336
2019-07-01,14.189364433288574,60.581363677978516,16.16850471496582,20.49003791809082,16.3833065032959
2019-07-02,12.273613929748535,58.522212982177734,14.283393859863281,19.552616119384766,16.119462966918945
2019-07-03,13.026970863342285,56.6594352722168,14.497153282165527,20.35085678100586,16.68376350402832
2019-07-04,19.102142333984375,53.223602294921875,15.920419692993164,22.291719436645508,16.561237335205078
2019-07-05,18.01238250732422,60.27324676513672,18.24265480041504,23.577836990356445,20.227678298950195
2019-07-08,22.946908950805664,67.57386016845703,28.69647979736328,25.763179779052734,25.634841918945312
2019-07-09,24.83128547668457,68.73800659179688,28.585702896118164,23.422510147094727,24.22665786743164
2019-07-10,19.759674072265625,63.73625946044922,25.948532104492188,24.465118408203125,21.987201690673828
2019-07-11,23.30377769470215,63.692344665527344,30.5087833404541,25.804107666015625,25.57644271850586
2019-07-12,26.671985626220703,60.55276107788086,33.22671127319336,31.228374481201172,29.55668067932129
2019-07-15,22.005239486694336,56.79225158691406,26.180004119873047,26.546194076538086,24.908536911010742
2019-07-16,19.33038902282715,59.50917434692383,26.957738876342773,24.5481014251709,23.24355697631836
2019-07-17,25.571666717529297,54.067195892333984,24.616962432861328,28.503185272216797,26.176319122314453
2019-07-18,17.510009765625,57.69091796875,27.256330490112305,22.029207229614258,17.432756423950195
2019-07-19,15.144402503967285,64.44541931152344,24.22659683227539,22.548133850097656,18.79623031616211
2019-07-22,19.561912536621094,57.24665832519531,24.284181594848633,23.40807342529297,21.057710647583008
2019-07-23,13.462209701538086,57.870201110839844,12.553028106689453,18.29351043701172,16.693687438964844
2019-07-24,17.575197219848633,54.214141845703125,17.38636016845703,20.659027099609375,20.039670944213867
2019-07-25,11.611059188842773,55.147098541259766,18.24811553955078,17.116247177124023,12.755274772644043
2019-07-26,11.930594444274902,52.381866455078125,13.013737678527832,18.451480865478516,13.820990562438965
2019-07-29,14.273807525634766,48.31452560424805,15.1543607711792,19.16183090209961,15.850982666015625
2019-07-30,9.127021789550781,50.775760650634766,11.04357624053955,15.186748504638672,11.21787166595459
2019-07-31,11.717144012451172,45.16801452636719,15.978703498840332,17.307884216308594,15.108940124511719
2019-08-01,10.190391540527344,50.8224983215332,18.082462310791016,15.40267276763916,12.544543266296387
2019-08-02,6.684169769287109,57.697269439697266,21.389244079589844,15.343582153320312,10.057168960571289
2019-08-05,8.814596176147461,58.479888916015625,8.890785217285156,14.626806259155273,10.534867286682129
2019-08-06,8.68559455871582,56.14194107055664,10.096126556396484,15.936924934387207,12.096735000610352
2019-08-07,7.621753215789795,56.76777648925781,15.163233757019043,14.660399436950684,10.671191215515137
2019-08-08,18.077390670776367,61.260948181152344,20.57710075378418,23.00507926940918,21.141250610351562
2019-08-09,13.65400218963623,62.744144439697266,12.340909004211426,19.64760971069336,16.89459800720215
2019-08-13,16.443553924560547,62.30583953857422,18.55535125732422,21.75006866455078,20.788898468017578
2019-08-14,14.688846588134766,65.78271484375,17.22356605529785,19.47340965270996,16.697031021118164
2019-08-16,6.748665809631348,65.79498291015625,9.277031898498535,14.592974662780762,9.83489990234375
2019-08-19,12.202658653259277,60.33987045288086,12.935273170471191,17.09474754333496,13.446791648864746
2019-08-20,9.280275344848633,57.96840286254883,10.953242301940918,15.988296508789062,12.701505661010742
2019-08-21,9.06275749206543,57.095176696777344,10.126884460449219,14.551311492919922,12.867827415466309
2019-08-22,9.500509262084961,63.040611267089844,20.020875930786133,14.438654899597168,13.062823295593262
2019-08-23,6.9015679359436035,65.47209167480469,13.035550117492676,13.495223999023438,10.546614646911621
2019-08-26,16.138893127441406,70.72815704345703,22.526376724243164,18.74029541015625,17.45571517944336
2019-08-27,21.750518798828125,63.85942077636719,21.03211784362793,24.58356475830078,23.56728744506836
2019-08-28,17.220111846923828,62.710567474365234,16.411344528198242,20.72863006591797,18.9802303314209
2019-08-29,11.75576400756836,67.07557678222656,21.168813705444336,15.540616989135742,12.599665641784668
2019-08-30,11.123946189880371,68.01717376708984,16.94072914123535,18.781131744384766,14.614175796508789
2019-09-03,12.9987154006958,73.42088317871094,15.902166366577148,16.058032989501953,10.860666275024414
2019-09-04,13.108322143554688,71.21800231933594,19.79269790649414,17.84841537475586,16.02490234375
2019-09-05,14.987248420715332,68.62004089355469,17.572134017944336,20.94121551513672,16.939159393310547
2019-09-06,15.12950325012207,72.80094909667969,12.265058517456055,18.65728187561035,13.17432975769043
2019-09-09,18.832317352294922,65.5574951171875,21.105005264282227,24.422142028808594,21.81434440612793
2019-09-11,14.818449974060059,62.841793060302734,98.63319396972656,20.05076789855957,16.97157859802246
2019-09-12,9.893205642700195,66.80859375,14.033675193786621,18.43170738220215,14.178354263305664
2019-09-13,18.466541290283203,63.95072937011719,24.956058502197266,21.300853729248047,18.3175048828125
2019-09-16,6.883906841278076,64.09269714355469,13.86064624786377,14.920674324035645,14.037981033325195
2019-09-17,13.946792602539062,67.48336029052734,17.99311637878418,17.30949592590332,16.493473052978516
2019-09-18,15.018321990966797,63.32810592651367,21.3621768951416,19.044139862060547,16.266006469726562
2019-09-19,20.76445960998535,63.227840423583984,19.13096809387207,22.13538932800293,21.83525848388672
2019-09-20,40.05691909790039,101.02318572998047,41.6721305847168,47.30168151855469,39.75309371948242
2019-09-23,56.06357955932617,97.4282455444336,62.068382263183594,54.37436294555664,53.663360595703125
2019-09-24,45.983028411865234,100.24333953857422,64.16143035888672,49.05289840698242,42.89302444458008
2019-09-25,52.579463958740234,106.69343566894531,49.023311614990234,44.212684631347656,45.94224166870117
2019-09-26,62.314903259277344,102.104248046875,65.62960815429688,61.01694869995117,64.12590026855469
2019-09-27,45.351402282714844,126.81094360351562,45.34931564331055,38.54896926879883,43.37367630004883
2019-09-30,44.05085754394531,110.9737319946289,53.22707748413086,44.44050598144531,47.10154724121094
2019-10-01,61.16841125488281,103.39944458007812,62.5652961730957,62.147125244140625,62.19416427612305
2019-10-03,36.469303131103516,108.07188415527344,48.43826675415039,37.99641799926758,36.51021957397461
2019-10-04,54.3442268371582,103.21533966064453,53.39142608642578,60.018280029296875,57.76856994628906
2019-10-07,36.834632873535156,99.41962432861328,41.66825866699219,37.8345947265625,36.663944244384766
2019-10-09,52.61517333984375,97.26495361328125,53.801475524902344,58.01753616333008,56.834930419921875
2019-10-10,23.587514877319336,105.30326080322266,31.4129638671875,34.436824798583984,33.93557357788086
2019-10-11,50.11439895629883,95.73623657226562,56.7410774230957,49.77764129638672,51.643898010253906
2019-10-14,31.128780364990234,92.3396224975586,33.59375,34.68156051635742,33.593360900878906
2019-10-15,32.737144470214844,90.69597625732422,36.67776870727539,33.277435302734375,31.476926803588867
2019-10-16,32.34210205078125,88.01911926269531,35.79166030883789,33.732234954833984,35.935482025146484
2019-10-17,33.86000442504883,86.53885650634766,45.191986083984375,33.979949951171875,32.97312927246094
2019-10-18,36.06553268432617,86.43341827392578,39.9525032043457,43.912879943847656,39.417388916015625
2019-10-22,21.165481567382812,82.60755920410156,21.490673065185547,23.876853942871094,21.343801498413086
2019-10-23,18.599185943603516,81.73238372802734,30.73801040649414,23.357202529907227,20.439817428588867
2019-10-24,17.61811065673828,78.66777801513672,22.745344161987305,22.331661224365234,19.978273391723633
2019-10-25,22.929187774658203,76.57032012939453,29.435699462890625,25.75762367248535,23.307174682617188
2019-10-29,21.026077270507812,72.10884857177734,20.987380981445312,25.512847900390625,22.70043182373047
2019-10-30,19.064346313476562,70.2817153930664,26.69683837890625,25.319717407226562,21.173675537109375
2019-10-31,20.724830627441406,68.85435485839844,23.814796447753906,25.361164093017578,23.012866973876953
2019-11-01,15.073135375976562,75.25882720947266,23.823381423950195,22.10460090637207,18.660015106201172
2019-11-04,15.113759994506836,66.96747589111328,37.99123001098633,21.851497650146484,18.789997100830078
2019-11-05,12.570371627807617,66.11082458496094,13.750521659851074,18.90671157836914,16.40523910522461
2019-11-06,10.827791213989258,62.640323638916016,16.1634578704834,19.19240379333496,13.832502365112305
2019-11-07,12.071990013122559,65.41376495361328,15.942737579345703,20.34252166748047,14.67781925201416
2019-11-08,12.584907531738281,64.70989227294922,28.695890426635742,18.84713363647461,14.087278366088867
2019-11-11,9.125825881958008,61.252716064453125,21.149250030517578,16.891775131225586,12.458127975463867
2019-11-13,7.346109390258789,59.17009353637695,9.051530838012695,15.051392555236816,10.902230262756348
2019-11-14,10.786584854125977,58.9693603515625,14.92591667175293,17.042322158813477,14.22312068939209
2019-11-15,8.588391304016113,59.44849395751953,19.390750885009766,17.24187469482422,11.123162269592285
2019-11-18,3.8592889308929443,56.21458435058594,8.8301420211792,13.694418907165527,8.55031681060791
2019-11-19,5.6515350341796875,53.71742630004883,17.02855110168457,14.1921968460083,9.727066040039062
2019-11-20,3.3644087314605713,51.85323715209961,6.857450008392334,13.955770492553711,8.306755065917969
2019-11-21,6.283275604248047,53.28886795043945,19.191179275512695,15.025710105895996,9.798645973205566
2019-11-22,7.511086940765381,53.10394287109375,8.409062385559082,15.663862228393555,10.933979988098145
2019-11-25,7.983280658721924,53.9238166809082,7.910590648651123,16.164419174194336,10.019658088684082
2019-11-26,9.928247451782227,53.639808654785156,12.028204917907715,16.315696716308594,9.2432222366333
2019-11-27,7.786591529846191,49.25249481201172,9.693190574645996,15.91175651550293,12.409829139709473
2019-11-28,7.244096279144287,51.49165344238281,8.292903900146484,16.249635696411133,12.080485343933105
2019-11-29,7.510135650634766,54.75839614868164,10.748324394226074,16.577425003051758,12.12306022644043
2019-12-02,11.184391975402832,51.08091735839844,12.156174659729004,16.206256866455078,11.052587509155273
2019-12-03,4.672804355621338,50.44332504272461,10.610210418701172,14.068414688110352,9.299813270568848
2019-12-04,11.5825777053833,48.89870071411133,14.506854057312012,18.35570526123047,13.924739837646484
2019-12-05,4.718925476074219,49.81736373901367,7.103675842285156,15.417930603027344,9.323866844177246
2019-12-06,3.4542596340179443,52.39875793457031,7.115873336791992,14.627734184265137,9.019039154052734
2019-12-09,5.160529136657715,48.066688537597656,3.982473134994507,14.295899391174316,9.275627136230469
2019-12-10,4.398044586181641,48.01991271972656,15.940630912780762,13.812567710876465,8.519728660583496
2019-12-11,3.7865302562713623,46.43484115600586,10.404154777526855,13.305355072021484,8.580782890319824
2019-12-12,6.811975955963135,48.22158432006836,9.334628105163574,14.937365531921387,8.745139122009277
2019-12-13,7.455984115600586,51.368194580078125,14.074431419372559,17.076778411865234,9.86575698852539
2019-12-16,5.042774677276611,46.987239837646484,9.18876838684082,14.88737964630127,8.970558166503906
2019-12-17,5.419026851654053,48.425472259521484,8.618170738220215,15.697310447692871,11.731095314025879
2019-12-18,5.159502029418945,45.579261779785156,7.773835182189941,15.28643798828125,10.599455833435059
2019-12-19,5.607760906219482,45.30538558959961,22.01984214782715,16.367380142211914,9.631603240966797
2019-12-20,3.2949883937835693,46.17609786987305,6.849684238433838,15.795212745666504,9.273563385009766
2019-12-23,4.638960361480713,44.53989791870117,7.737598896026611,15.374429702758789,9.677721977233887
2019-12-24,6.587774276733398,42.57622528076172,8.303733825683594,15.517839431762695,9.897482872009277
2019-12-26,5.936384201049805,44.46221923828125,11.433428764343262,14.58393383026123,8.442981719970703
2019-12-27,6.449343681335449,50.9276123046875,7.80631685256958,19.24746322631836,12.784661293029785
2019-12-30,6.634687423706055,47.73116683959961,69.30677795410156,19.030757904052734,11.888482093811035
2019-12-31,7.86381196975708,49.91002655029297,7.7417497634887695,19.055150985717773,12.370529174804688
2020-01-01,5.967906951904297,45.932579040527344,7.691091537475586,18.1724796295166,11.689079284667969
2020-01-02,6.7900824546813965,48.74414825439453,7.004227161407471,19.68600845336914,11.966391563415527
2020-01-03,7.066630840301514,49.99825668334961,6.462224960327148,19.26587677001953,12.073531150817871
2020-01-06,7.034484386444092,61.110267639160156,22.2316951751709,16.208723068237305,11.369800567626953
2020-01-07,7.5633087158203125,57.96662139892578,14.20973014831543,18.04685401916504,12.672677993774414
2020-01-08,6.504280090332031,56.65925216674805,11.976104736328125,14.767632484436035,9.586247444152832
2020-01-09,9.805532455444336,63.93130111694336,13.756556510925293,19.259563446044922,13.869441032409668
2020-01-10,14.994805335998535,60.90026092529297,18.90279769897461,20.57891273498535,17.87498664855957
2020-01-13,7.827545166015625,60.22685241699219,11.780025482177734,17.04401969909668,12.450347900390625
2020-01-14,12.277205467224121,57.90557861328125,24.478002548217773,16.904273986816406,11.81716537475586
2020-01-15,5.243232727050781,54.7812385559082,13.57213306427002,15.668885231018066,10.366653442382812
2020-01-16,8.194117546081543,53.54523468017578,10.619412422180176,17.54767417907715,11.895458221435547
2020-01-17,6.097408294677734,55.57937240600586,13.103612899780273,16.56719207763672,9.974674224853516
2020-01-20,7.190689563751221,56.239402770996094,9.560680389404297,15.83262825012207,9.937843322753906
2020-01-21,8.870893478393555,55.90528869628906,10.046706199645996,16.260007858276367,12.604948997497559
2020-01-22,10.2572021484375,55.50996398925781,15.303779602050781,16.706912994384766,12.33697509765625
2020-01-23,6.795716285705566,54.82610321044922,10.263030052185059,14.923314094543457,9.380080223083496
2020-01-24,8.40050220489502,55.85923767089844,19.885116577148438,16.508285522460938,11.4359130859375
2020-01-27,11.809981346130371,58.811771392822266,12.366312026977539,16.547271728515625,12.904829978942871
2020-01-28,11.910658836364746,57.320804595947266,14.31087875366211,16.22454261779785,12.522233009338379
2020-01-29,6.363309383392334,53.5483283996582,13.179802894592285,14.124298095703125,9.605405807495117
2020-01-30,9.171910285949707,56.4447135925293,9.487058639526367,14.964744567871094,10.871374130249023
2020-01-31,13.495643615722656,61.25080108642578,11.407052993774414,17.61752700805664,15.419112205505371
2020-02-03,14.145033836364746,66.57454681396484,19.981937408447266,20.311996459960938,16.137310028076172
2020-02-04,20.16765594482422,62.934791564941406,28.65106964111328,23.10065460205078,19.445293426513672
2020-02-05,17.851558685302734,63.8835563659668,17.670841217041016,20.700178146362305,19.376468658447266
2020-02-06,18.408567428588867,62.18869400024414,25.210533142089844,23.077890396118164,19.15444564819336
2020-02-07,13.127167701721191,65.33112335205078,11.460969924926758,17.67211151123047,14.445079803466797
2020-02-10,13.609257698059082,56.78508377075195,13.108000755310059,17.674766540527344,16.092111587524414
2020-02-11,12.814651489257812,57.961238861083984,22.214351654052734,14.84812068939209,14.509371757507324
2020-02-12,16.24256134033203,51.955596923828125,17.96246910095215,20.694795608520508,18.891263961791992
2020-02-13,17.242279052734375,54.51898956298828,14.34694766998291,18.8509521484375,18.81561279296875
2020-02-14,7.354240894317627,56.312774658203125,15.52675724029541,14.687870979309082,11.127715110778809
2020-02-17,7.671563625335693,53.143470764160156,11.28644847869873,12.458410263061523,10.644634246826172
2020-02-18,9.812417030334473,48.512901306152344,10.13882827758789,14.2078275680542,10.728387832641602
2020-02-19,11.982586860656738,47.81599426269531,26.225292205810547,17.131515502929688,13.3523588180542
2020-02-20,9.187575340270996,51.073577880859375,11.550243377685547,14.27237319946289,10.913226127624512
2020-02-24,10.328575134277344,58.694129943847656,15.203161239624023,11.453518867492676,8.436598777770996
2020-02-25,7.640913009643555,56.039947509765625,11.151519775390625,12.716108322143555,9.229460716247559
2020-02-26,8.085984230041504,55.1069221496582,7.744110107421875,10.957711219787598,9.444283485412598
2020-02-27,5.7404680252075195,54.18357467651367,7.4773335456848145,10.552597999572754,7.7230377197265625
2020-02-28,19.320131301879883,70.94322204589844,17.566993713378906,21.195335388183594,21.08095359802246
2020-03-02,13.277582168579102,74.302978515625,13.513379096984863,14.977068901062012,12.333236694335938
2020-03-03,15.680434226989746,76.4151382446289,12.81282901763916,12.047818183898926,10.72398567199707
2020-03-04,5.5167012214660645,72.7953872680664,11.925207138061523,10.086128234863281,7.070775032043457
2020-03-05,9.670220375061035,71.94895935058594,9.765108108520508,14.214014053344727,11.701949119567871
2020-03-06,7.240711688995361,74.4442367553711,10.727774620056152,10.363537788391113,8.392688751220703
2020-03-09,15.132120132446289,73.70235443115234,12.713706970214844,14.999394416809082,16.126394271850586
2020-03-11,11.109748840332031,85.27903747558594,11.796390533447266,13.620823860168457,13.695093154907227
2020-03-12,24.2132625579834,68.83647918701172,25.27161407470703,22.47643280029297,23.141416549682617
2020-03-13,19.603988647460938,142.99449157714844,26.76204490661621,24.90743064880371,20.351337432861328
2020-03-16,40.004844665527344,110.5048828125,31.59351348876953,41.9779167175293,34.76205825805664
2020-03-17,33.13901901245117,115.96224212646484,35.55802917480469,34.00020217895508,36.199947357177734
2020-03-18,38.44243621826172,94.29837799072266,35.93217849731445,33.84026336669922,32.98478698730469
2020-03-19,42.30827713012695,116.4120101928711,44.31895065307617,43.418060302734375,44.057376861572266
2020-03-20,22.79547691345215,154.66268920898438,21.04916000366211,24.63968276977539,22.569419860839844
2020-03-23,28.579519271850586,95.10078430175781,28.07884407043457,27.777572631835938,28.0494441986084
2020-03-24,32.177207946777344,148.93081665039062,26.648176193237305,32.321842193603516,31.550838470458984
2020-03-25,34.35732650756836,177.87774658203125,32.7060546875,31.998777389526367,45.05581283569336
2020-03-26,36.43275451660156,204.66506958007812,49.286537170410156,36.88292694091797,38.217159271240234
2020-03-27,48.496028900146484,212.438232421875,52.40729522705078,42.46492004394531,42.04292678833008
2020-03-30,17.934120178222656,188.3173065185547,27.160919189453125,20.226716995239258,19.579965591430664
2020-03-31,50.99910354614258,194.47821044921875,45.94729995727539,48.953338623046875,48.79600143432617
2020-04-01,52.91437911987305,184.2538299560547,54.18869400024414,54.163997650146484,54.343135833740234
2020-04-03,64.17472839355469,174.52345275878906,58.620399475097656,65.02230834960938,68.57534790039062
2020-04-07,77.67345428466797,212.4121551513672,91.84651184082031,75.90876007080078,78.84930419921875
2020-04-08,67.73304748535156,200.6386260986328,69.34021759033203,64.9426040649414,68.12931060791016
2020-04-09,84.4284439086914,224.98060607910156,97.39232635498047,81.70138549804688,84.2767333984375
2020-04-13,67.24944305419922,211.32835388183594,65.57439422607422,62.060997009277344,65.86461639404297
2020-04-15,61.830596923828125,193.2699737548828,61.39247512817383,59.34298324584961,63.51065444946289
2020-04-16,49.65786361694336,202.8096466064453,48.90339279174805,44.902366638183594,34.51317596435547
2020-04-17,58.20221710205078,206.8728790283203,60.04670333862305,59.781734466552734,58.98595428466797
2020-04-20,32.480899810791016,196.7708740234375,43.28444290161133,37.27090072631836,30.478864669799805
2020-04-21,39.93081283569336,183.06591796875,28.464712142944336,29.774986267089844,33.42607498168945
2020-04-22,54.82692337036133,185.66004943847656,63.25099182128906,47.93675231933594,57.6086540222168
2020-04-23,74.8924331665039,189.9980926513672,77.38467407226562,80.97931671142578,75.70491027832031
2020-04-24,56.42677307128906,190.03079223632812,49.529884338378906,37.6236686706543,48.263023376464844
2020-04-27,58.799861907958984,174.74319458007812,64.19816589355469,50.754188537597656,48.35986328125
2020-04-28,63.095272064208984,167.47500610351562,66.1362533569336,65.96051788330078,64.67914581298828
2020-04-29,61.51611328125,168.2447509765625,69.02587127685547,59.14314270019531,56.395912170410156
2020-04-30,78.06510162353516,176.86502075195312,81.79148864746094,77.2593002319336,76.20093536376953
2020-05-04,46.57403564453125,167.3693389892578,46.14956283569336,47.551109313964844,47.65874481201172
2020-05-05,57.875736236572266,157.86692810058594,63.24238586425781,60.061981201171875,63.37815856933594
2020-05-06,50.01154708862305,150.8532257080078,43.99967956542969,40.75694274902344,53.86513900756836
2020-05-07,45.3651123046875,155.23960876464844,47.79487609863281,41.91915512084961,37.44576644897461
2020-05-08,51.21733474731445,158.37075805664062,66.45189666748047,48.932151794433594,54.115318298339844
2020-05-11,26.225229263305664,141.4060516357422,31.401607513427734,40.09644317626953,35.799598693847656
2020-05-12,49.68718338012695,136.0334014892578,51.33414077758789,53.990962982177734,52.59010314941406
2020-05-13,16.37038230895996,135.4325714111328,17.527408599853516,30.891691207885742,31.36587905883789
2020-05-14,37.67851257324219,135.42886352539062,40.333778381347656,36.350215911865234,37.32619857788086
2020-05-15,43.42764663696289,131.65687561035156,45.196922302246094,44.599544525146484,47.234947204589844
2020-05-18,27.991348266601562,116.81172943115234,30.915735244750977,28.853008270263672,28.24484634399414
2020-05-19,11.83892822265625,119.80060577392578,18.158737182617188,14.710579872131348,18.824525833129883
2020-05-20,47.489444732666016,127.81817626953125,46.885372161865234,46.17313766479492,49.18094253540039
2020-05-21,18.98908805847168,124.04069519042969,28.210283279418945,26.67486000061035,21.681692123413086
2020-05-22,38.91025161743164,118.74158477783203,59.04710388183594,41.03118133544922,39.56396484375
2020-05-26,21.359054565429688,108.21000671386719,65.81452178955078,25.376712799072266,19.563690185546875
2020-05-27,50.23203659057617,112.8582763671875,50.9564323425293,52.57416915893555,57.76108169555664
2020-05-28,52.985511779785156,123.6069107055664,51.06526565551758,45.59659194946289,42.86582565307617
2020-05-29,66.03144836425781,121.95856475830078,70.4408950805664,71.15594482421875,67.81816101074219
2020-06-01,34.70685958862305,95.2031478881836,34.12394714355469,36.50669479370117,34.3664665222168
2020-06-02,31.775602340698242,90.14998626708984,45.24007034301758,35.38896560668945,34.53528594970703
2020-06-03,24.023744583129883,91.29277801513672,25.995683670043945,29.066465377807617,24.88123321533203
2020-06-04,30.734333038330078,94.41728973388672,29.941062927246094,34.42839813232422,32.71132278442383
2020-06-05,21.224964141845703,97.82060241699219,36.23393630981445,26.152359008789062,23.291336059570312
2020-06-08,22.103883743286133,93.86852264404297,28.879398345947266,25.592025756835938,27.55977439880371
2020-06-09,16.19704246520996,94.97988891601562,24.30327796936035,19.535003662109375,18.33188247680664
2020-06-10,15.581608772277832,91.35442352294922,21.653629302978516,19.040132522583008,16.826875686645508
2020-06-11,20.695663452148438,96.06861877441406,24.834692001342773,23.22119140625,20.61862564086914
2020-06-12,20.86545753479004,97.69306945800781,24.474037170410156,22.994171142578125,20.256938934326172
2020-06-15,18.87388038635254,93.80675506591797,19.32164192199707,19.229049682617188,17.289987564086914
2020-06-16,7.355709075927734,93.71632385253906,17.38726806640625,13.278985023498535,10.14188289642334
2020-06-17,13.992247581481934,91.55255126953125,18.668203353881836,18.728790283203125,18.27886390686035
2020-06-18,17.11705207824707,91.23778533935547,18.365659713745117,20.687911987304688,14.259580612182617
2020-06-19,14.79827880859375,90.88375091552734,17.807247161865234,20.994287490844727,17.2716064453125
2020-06-22,17.337512969970703,90.72683715820312,17.100435256958008,21.38842010498047,21.659610748291016
2020-06-23,24.968584060668945,82.04415130615234,34.9456787109375,26.822277069091797,27.388872146606445
2020-06-24,26.1168155670166,89.26803588867188,32.219234466552734,26.955646514892578,28.114809036254883
2020-06-25,28.818674087524414,94.84097290039062,34.008453369140625,31.38829803466797,30.57452964782715
2020-06-26,23.795507431030273,124.68766021728516,35.44155502319336,29.50733757019043,26.69196319580078
2020-06-29,21.678537368774414,112.05531311035156,29.23322105407715,30.749202728271484,26.366552352905273
2020-06-30,23.952106475830078,112.45040893554688,35.17909240722656,27.970998764038086,24.258392333984375
2020-07-01,20.536680221557617,110.02058410644531,28.320764541625977,28.4406795501709,25.019804000854492
2020-07-02,34.905094146728516,108.37017822265625,40.0558967590332,41.16679382324219,37.95329284667969
2020-07-03,25.065338134765625,117.20601654052734,26.71331214904785,33.69338607788086,27.517988204956055
2020-07-06,22.76549530029297,111.50526428222656,24.456937789916992,31.113752365112305,25.81119155883789
2020-07-07,35.380470275878906,105.63772583007812,39.80948257446289,41.37319564819336,36.71669387817383
2020-07-08,27.777738571166992,104.94525909423828,35.89106369018555,32.767662048339844,29.56951904296875
2020-07-09,36.832332611083984,109.22673797607422,42.15421676635742,36.280113220214844,34.50223159790039
2020-07-10,28.58124351501465,112.97782135009766,39.365543365478516,32.878910064697266,31.671783447265625
2020-07-13,25.900442123413086,106.43241882324219,24.783531188964844,32.01981735229492,27.590938568115234
2020-07-14,13.527568817138672,107.85286712646484,26.59067726135254,21.371572494506836,17.532867431640625
2020-07-15,22.201440811157227,104.64398956298828,27.507131576538086,26.094968795776367,23.373245239257812
2020-07-16,33.131343841552734,108.0333480834961,33.487701416015625,38.73188400268555,34.17416000366211
2020-07-17,32.793487548828125,109.03755950927734,33.17761993408203,33.24679183959961,33.70188903808594
2020-07-20,31.156898498535156,106.6187515258789,45.83656692504883,34.6177864074707,30.93070411682129
2020-07-21,31.309289932250977,101.9929428100586,32.09879684448242,33.76783752441406,33.094642639160156
2020-07-22,22.06841278076172,104.7745361328125,25.21409034729004,28.239917755126953,25.449344635009766
2020-07-23,21.248329162597656,110.2031021118164,32.94284439086914,28.37879180908203,24.75102996826172
2020-07-24,30.860496520996094,106.82703399658203,36.31459045410156,35.220008850097656,32.37944793701172
2020-07-27,25.322097778320312,106.79396057128906,22.028230667114258,28.065914154052734,21.21100616455078
2020-07-28,19.163368225097656,102.21195983886719,32.4803581237793,27.60787582397461,20.649717330932617
2020-07-29,26.104768753051758,99.02265930175781,23.28754234313965,28.076644897460938,25.154565811157227
2020-07-30,27.80396270751953,104.48912048339844,38.728477478027344,33.82786178588867,29.89161491394043
2020-07-31,22.611539840698242,108.08544921875,20.739830017089844,26.623205184936523,20.95638084411621
2020-08-03,27.922319412231445,106.82707214355469,25.448596954345703,31.990436553955078,30.87919044494629
2020-08-04,33.24110412597656,100.24576568603516,35.99871826171875,37.85310363769531,37.910865783691406
2020-08-05,21.912334442138672,101.33789825439453,25.59083366394043,26.456687927246094,22.77442741394043
2020-08-06,38.58040237426758,104.1239242553711,40.16511917114258,43.998931884765625,44.54361343383789
2020-08-07,30.7807674407959,108.31300354003906,36.260658264160156,33.83611297607422,32.925968170166016
2020-08-10,28.077693939208984,102.39674377441406,36.56436538696289,30.732309341430664,30.465036392211914
2020-08-11,21.06592559814453,100.15592956542969,36.32304000854492,28.287328720092773,32.92241287231445
2020-08-12,38.938148498535156,97.80850982666016,47.415496826171875,37.80546951293945,35.82180404663086
2020-08-13,37.200035095214844,101.81389617919922,58.04172134399414,42.18382263183594,39.243961334228516
2020-08-14,39.16800308227539,101.57064056396484,44.77355194091797,43.8984260559082,42.572444915771484
2020-08-17,43.370235443115234,98.97129821777344,46.07277297973633,45.92254638671875,45.78730392456055
2020-08-18,43.09215545654297,99.06787872314453,30.13255500793457,37.43834686279297,39.47212219238281
2020-08-19,35.814327239990234,96.99774932861328,47.09030532836914,36.606136322021484,34.18366622924805
2020-08-20,44.923954010009766,101.94835662841797,47.85251998901367,38.869083404541016,39.270774841308594
2020-08-21,32.519508361816406,100.3563232421875,42.54444122314453,41.19035720825195,36.16689682006836
2020-08-24,43.63285827636719,97.8274917602539,63.81142807006836,38.58180618286133,34.96077346801758
2020-08-25,31.830842971801758,96.9683609008789,32.585899353027344,35.31947326660156,32.359840393066406
2020-08-26,50.76997756958008,94.1573486328125,46.69846725463867,49.5145263671875,52.185646057128906
2020-08-27,32.61935043334961,101.22880554199219,43.296722412109375,37.9954719543457,34.64534378051758
2020-08-28,55.63127136230469,99.02182006835938,71.1585922241211,61.006988525390625,56.68428421020508
2020-08-31,36.49761962890625,98.80703735351562,44.85676193237305,38.64484405517578,35.93907928466797
2020-09-01,22.200586318969727,101.34986877441406,31.808982849121094,28.187381744384766,23.76523780822754
2020-09-02,47.19390869140625,95.31099700927734,39.80133819580078,48.07984161376953,46.37208938598633
2020-09-03,28.770877838134766,104.10515594482422,29.545663833618164,40.18128967285156,33.04555130004883
2020-09-04,27.89342498779297,101.74193572998047,36.62948226928711,30.234825134277344,31.16901206970215
2020-09-07,40.529052734375,96.51084899902344,37.04988479614258,42.394432067871094,41.25598907470703
2020-09-08,36.73170852661133,97.88990783691406,47.98320388793945,39.98670959472656,37.923641204833984
2020-09-09,31.798583984375,94.3019027709961,35.85226821899414,37.04768753051758,36.145328521728516
2020-09-10,46.24424743652344,96.06932067871094,61.762882232666016,51.873291015625,48.039398193359375
2020-09-11,31.642772674560547,101.62574005126953,38.53476333618164,32.8480339050293,35.04892349243164
2020-09-14,32.77116775512695,95.4888916015625,39.948333740234375,35.975223541259766,32.96249771118164
2020-09-15,33.53563690185547,94.74575805664062,33.2491569519043,35.70055389404297,33.05732727050781
2020-09-16,25.59273338317871,91.45135498046875,26.72608757019043,31.25922203063965,30.547344207763672
2020-09-17,36.11664962768555,96.03214263916016,42.128395080566406,34.06856155395508,35.11891555786133
2020-09-18,40.7392578125,95.01240539550781,42.09365463256836,46.69102096557617,45.10162353515625
2020-09-21,24.42165184020996,92.55691528320312,26.602617263793945,25.920059204101562,24.772859573364258
2020-09-22,25.834453582763672,93.7812728881836,43.38235855102539,25.78761100769043,25.940185546875
2020-09-23,28.47616195678711,91.21551513671875,33.01520538330078,28.01801300048828,27.215049743652344
2020-09-24,26.598655700683594,84.77233123779297,26.180978775024414,28.66092872619629,26.44497299194336
2020-09-25,41.91489791870117,95.68397521972656,37.804325103759766,43.42815017700195,41.85125732421875
2020-09-28,41.142391204833984,90.173583984375,41.65571594238281,44.08530044555664,43.383216857910156
2020-09-29,40.479671478271484,88.9138412475586,41.37206268310547,38.01677703857422,42.58127212524414
2020-09-30,43.799739837646484,85.81456756591797,44.82756042480469,43.16250991821289,42.83427429199219
2020-10-01,39.03970718383789,90.61786651611328,39.722965240478516,44.16664505004883,42.494659423828125
2020-10-05,37.545623779296875,99.39984893798828,41.73063278198242,42.82625198364258,41.63923645019531
2020-10-06,60.8908805847168,98.4101333618164,56.755123138427734,59.54084014892578,63.1307258605957
2020-10-07,38.580204010009766,97.60417938232422,55.97187423706055,38.77592468261719,35.9095573425293
2020-10-08,41.34769821166992,101.96599578857422,50.85657501220703,42.817237854003906,40.601234436035156
2020-10-09,45.02618408203125,101.94145965576172,49.53669738769531,43.9356803894043,46.45966339111328
2020-10-12,33.02436828613281,101.65463256835938,29.730260848999023,31.329803466796875,34.53801727294922
2020-10-13,42.00142288208008,96.3840103149414,45.72687530517578,45.66313934326172,43.72819900512695
2020-10-14,43.67574691772461,95.73882293701172,48.11775207519531,43.119998931884766,49.829593658447266
2020-10-15,43.455692291259766,101.24272918701172,59.10256576538086,41.639034271240234,47.627662658691406
2020-10-16,39.420467376708984,108.3783950805664,57.59809875488281,32.646663665771484,29.4849796295166
2020-10-19,31.197166442871094,99.41645812988281,39.95441436767578,29.232873916625977,28.94023323059082
2020-10-20,30.18984603881836,99.05339050292969,36.95067596435547,27.01611328125,28.129718780517578
2020-10-21,29.36543083190918,96.97728729248047,33.2227668762207,30.80887222290039,29.483182907104492
2020-10-22,36.58912658691406,101.69457244873047,48.47125244140625,25.74740982055664,29.811250686645508
2020-10-23,19.463747024536133,105.9024887084961,51.363529205322266,31.1341552734375,28.25625228881836
2020-10-26,33.33164596557617,102.2754135131836,31.386728286743164,25.284561157226562,23.760616302490234
2020-10-27,27.400371551513672,99.25505065917969,38.704830169677734,30.370634078979492,24.552541732788086
2020-10-28,37.01859664916992,96.2874984741211,41.21958541870117,36.12278366088867,37.90214920043945
2020-10-29,37.867706298828125,98.40110778808594,36.05412673950195,37.25001525878906,39.06288146972656
2020-10-30,21.82468032836914,106.0302505493164,29.413814544677734,26.012950897216797,23.705495834350586
2020-11-02,19.56453514099121,99.9730453491211,24.686336517333984,23.258440017700195,21.18989372253418
2020-11-03,20.796449661254883,100.17781829833984,29.266393661499023,25.206113815307617,22.379648208618164
2020-11-04,36.614845275878906,94.68878173828125,34.29387664794922,35.928977966308594,34.21770095825195
2020-11-05,32.14347457885742,96.542724609375,38.4810676574707,35.14434051513672,38.16654968261719
2020-11-06,60.3602180480957,101.62384796142578,53.21263122558594,59.27153396606445,57.65038299560547
2020-11-09,28.191701889038086,91.49250030517578,28.57183074951172,34.61442565917969,35.16011047363281
2020-11-10,20.942703247070312,94.1382827758789,27.62424659729004,28.73760223388672,29.352882385253906
2020-11-11,32.475830078125,91.03610229492188,33.34465789794922,32.577781677246094,35.14614486694336
2020-11-12,34.381649017333984,97.48729705810547,40.0952262878418,38.63212585449219,37.6884765625
2020-11-13,46.49475860595703,99.2152328491211,47.91815948486328,49.742862701416016,46.0731086730957
2020-11-17,30.343181610107422,91.79380798339844,32.2928352355957,37.71586608886719,32.72547912597656
2020-11-18,37.297950744628906,88.7945556640625,36.7708854675293,39.69804382324219,36.57929229736328
2020-11-19,40.03474807739258,101.1069564819336,51.577354431152344,41.34303665161133,40.6157112121582
2020-11-20,45.215293884277344,96.44586181640625,67.7459716796875,50.847415924072266,48.38180923461914
2020-11-23,26.62718391418457,93.26514434814453,33.9780387878418,34.50773239135742,29.150537490844727
2020-11-24,45.98110580444336,86.79682159423828,46.34340286254883,47.14516830444336,45.76116943359375
2020-11-25,33.25387954711914,97.74128723144531,39.32862091064453,34.199974060058594,31.720443725585938
2020-11-26,42.42487335205078,98.77873992919922,39.29795837402344,38.55147933959961,37.42587661743164
2020-11-27,48.55085372924805,96.95425415039062,60.737483978271484,47.16029357910156,46.01277160644531
2020-12-01,33.21583557128906,90.2610092163086,41.39145278930664,40.01906967163086,35.653907775878906
2020-12-02,36.51581573486328,91.13070678710938,42.63448715209961,41.81977462768555,39.03237533569336
2020-12-03,40.549232482910156,95.1052474975586,47.73401641845703,44.5897331237793,43.69879150390625
2020-12-04,29.423316955566406,95.21810150146484,34.691436767578125,41.19090270996094,32.822811126708984
2020-12-07,44.824588775634766,90.80650329589844,40.03583526611328,51.3324089050293,45.60205841064453
2020-12-08,39.82156753540039,92.49829864501953,39.428733825683594,43.52156066894531,42.19416046142578
2020-12-09,26.04556655883789,87.20001220703125,29.578920364379883,36.09135055541992,26.55187225341797
2020-12-10,39.981082916259766,94.37590789794922,47.1087532043457,44.58171844482422,42.40715408325195
2020-12-11,38.866737365722656,98.63534545898438,47.535823822021484,41.27577590942383,38.682315826416016
2020-12-14,27.8315486907959,96.38423919677734,32.9438591003418,32.126258850097656,30.066328048706055
2020-12-15,23.60308074951172,92.53820037841797,23.440200805664062,29.972021102905273,24.588489532470703
2020-12-16,21.00434684753418,87.75959014892578,27.640275955200195,31.123563766479492,25.77469253540039
2020-12-17,30.426546096801758,94.9776611328125,39.417030334472656,37.37624740600586,31.034584045410156
2020-12-18,32.52842330932617,99.58159637451172,33.95111846923828,35.01973342895508,35.748573303222656
2020-12-21,19.67822265625,102.48053741455078,24.5411376953125,22.561634063720703,18.493667602539062
2020-12-22,24.615575790405273,97.37706756591797,44.226898193359375,29.60346794128418,26.419403076171875
2020-12-23,17.48397445678711,98.39640808105469,25.551376342773438,27.400959014892578,24.0074520111084
2020-12-24,32.30548095703125,98.31586456298828,33.29420852661133,39.54220962524414,37.55437088012695
2020-12-28,20.785324096679688,100.77677154541016,31.993057250976562,26.362380981445312,24.395404815673828
2020-12-29,20.700002670288086,97.51893615722656,17.809005737304688,25.151268005371094,23.932889938354492
2020-12-30,25.28070068359375,97.79829406738281,34.00265121459961,30.493087768554688,27.348772048950195
2020-12-31,25.422313690185547,104.3816909790039,20.271541595458984,32.44044494628906,28.051109313964844
2021-01-01,32.008026123046875,106.44405364990234,34.47328186035156,36.77268981933594,34.120506286621094
2021-01-04,28.19400405883789,96.77495574951172,28.206819534301758,35.69610595703125,30.17391014099121
2021-01-05,31.51772689819336,98.6465072631836,42.11688232421875,39.99976348876953,33.72731018066406
2021-01-06,21.85223960876465,99.69998931884766,26.54625129699707,30.226036071777344,25.866437911987305
2021-01-07,23.56618881225586,103.73554992675781,26.10099220275879,32.48219680786133,27.48512077331543
2021-01-08,27.649852752685547,97.99663543701172,31.648746490478516,36.644447326660156,32.09593963623047
2021-01-11,23.763540267944336,95.69916534423828,25.644996643066406,29.2205810546875,28.147815704345703
2021-01-12,16.16278839111328,97.12802124023438,16.588058471679688,24.314102172851562,18.606182098388672
2021-01-13,17.115333557128906,95.96346282958984,25.29890251159668,23.7459774017334,20.451297760009766
2021-01-14,15.102692604064941,100.0275650024414,16.468708038330078,22.72707748413086,16.84785270690918
2021-01-15,17.85277557373047,108.5069580078125,26.164588928222656,20.828763961791992,17.544170379638672
2021-01-18,12.100330352783203,108.38404846191406,19.38125228881836,15.34504222869873,11.87822151184082
2021-01-19,17.325395584106445,99.16201782226562,22.735689163208008,21.2721004486084,18.20590591430664
2021-01-20,33.55328369140625,93.05435943603516,31.09276580810547,30.80497169494629,32.238189697265625
2021-01-21,18.29716682434082,103.50550842285156,23.516679763793945,22.198467254638672,18.532428741455078
2021-01-22,11.936201095581055,109.0673828125,16.783170700073242,17.857986450195312,13.210190773010254
2021-01-25,20.26940155029297,106.81848907470703,25.31264305114746,21.3807315826416,19.388235092163086
2021-01-27,10.219392776489258,105.4248046875,24.076251983642578,11.644021034240723,12.148282051086426
2021-01-28,10.12032413482666,109.29780578613281,8.311751365661621,14.05196475982666,13.32676887512207
2021-01-29,21.875268936157227,113.25312042236328,27.809818267822266,25.97980308532715,19.115177154541016
2021-02-01,19.292987823486328,113.55160522460938,57.37749099731445,21.469343185424805,16.036407470703125
2021-02-02,25.224897384643555,102.75399017333984,31.442296981811523,32.342647552490234,27.384397506713867
2021-02-03,21.517290115356445,95.4539566040039,22.547677993774414,28.343608856201172,23.54978370666504
2021-02-04,30.415454864501953,101.57036590576172,33.67420196533203,35.85729217529297,33.13947677612305
2021-02-05,25.945985794067383,109.42344665527344,41.9539794921875,34.01025390625,29.374103546142578
2021-02-08,22.65641212463379,93.82120513916016,24.132701873779297,30.847990036010742,28.25383186340332
2021-02-09,17.563058853149414,101.35334014892578,21.194272994995117,25.839462280273438,20.284709930419922
2021-02-10,23.454896926879883,98.6729736328125,23.28081703186035,30.55171012878418,26.734018325805664
2021-02-11,30.181211471557617,99.38346862792969,39.939720153808594,30.871429443359375,24.886032104492188
2021-02-12,26.176101684570312,104.44601440429688,30.178163528442383,35.79085922241211,28.37462615966797
2021-02-15,25.32899284362793,92.53873443603516,26.276845932006836,32.1454963684082,29.32164764404297
2021-02-16,24.620336532592773,98.51424407958984,39.27684783935547,27.17243766784668,25.55143928527832
2021-02-17,22.273408889770508,102.43968963623047,46.09563446044922,28.81962013244629,26.247257232666016
2021-02-18,30.665515899658203,108.2806396484375,32.08064651489258,34.77872848510742,36.12451171875
2021-02-19,22.44013786315918,113.47632598876953,42.63050842285156,27.77752113342285,22.964826583862305
2021-02-22,14.316873550415039,113.51612854003906,18.075408935546875,15.851799011230469,15.518869400024414
2021-02-23,9.9813232421875,110.37394714355469,31.575057983398438,17.56405258178711,13.713740348815918
2021-02-24,19.642066955566406,106.40148162841797,29.33945083618164,22.15134048461914,15.680129051208496
2021-02-25,18.742042541503906,110.17899322509766,25.832927703857422,26.689605712890625,21.852670669555664
2021-02-26,11.936616897583008,122.7834701538086,12.666335105895996,16.229089736938477,12.189497947692871
2021-03-01,39.99319076538086,130.11265563964844,57.6559944152832,41.473487854003906,37.9623908996582
2021-03-02,47.63570785522461,130.41029357910156,55.115177154541016,51.64047622680664,49.26331329345703
2021-03-03,52.79991149902344,115.11418914794922,57.302738189697266,43.86173629760742,41.981353759765625
2021-03-04,54.176116943359375,130.6980438232422,68.35489654541016,54.56822204589844,53.67985916137695
2021-03-05,31.141101837158203,132.75433349609375,34.62224197387695,33.190364837646484,32.308467864990234
2021-03-08,38.4256706237793,130.63108825683594,37.824012756347656,41.21591567993164,38.46533966064453
2021-03-09,32.27967834472656,120.07999420166016,33.13369369506836,36.72874450683594,34.28322219848633
2021-03-10,53.579124450683594,128.9523468017578,61.40266418457031,56.6115837097168,58.33037567138672
2021-03-12,40.67558288574219,128.86630249023438,41.30434799194336,44.1298828125,43.601104736328125
2021-03-15,34.28606414794922,124.89744567871094,59.94254684448242,36.73923873901367,35.214046478271484
2021-03-16,44.480918884277344,125.05584716796875,41.74699401855469,47.28455352783203,45.098411560058594
2021-03-17,46.80290985107422,120.97310638427734,45.52920913696289,49.20692443847656,52.626705169677734
2021-03-18,39.44702911376953,126.17108154296875,51.55801773071289,39.92194747924805,40.36437225341797
2021-03-19,46.707088470458984,130.93548583984375,67.96170806884766,43.341861724853516,38.34708023071289
2021-03-22,35.08829879760742,125.53071594238281,40.23029708862305,38.854095458984375,38.51932144165039
2021-03-23,45.7538948059082,117.1566390991211,47.20161819458008,50.25957107543945,48.06477737426758
2021-03-24,29.55293083190918,117.15988159179688,42.850372314453125,31.736642837524414,30.88496208190918
2021-03-25,28.996456146240234,117.86258697509766,53.84214782714844,26.59181785583496,27.487213134765625
2021-03-26,44.15467834472656,143.33251953125,46.39558410644531,39.545711517333984,35.09791564941406
2021-03-31,44.490970611572266,128.7834014892578,53.27052307128906,46.94450759887695,44.076141357421875
2021-04-01,49.93052673339844,136.94007873535156,61.25251388549805,50.52614212036133,48.877525329589844
2021-04-05,34.29246520996094,136.8231658935547,40.767696380615234,36.89438247680664,37.79850387573242
2021-04-06,39.51741409301758,133.9168701171875,47.21977233886719,33.058624267578125,43.0075569152832
2021-04-07,34.54867935180664,131.68264770507812,33.36019515991211,41.213600158691406,28.775836944580078
2021-04-08,60.807559967041016,131.89224243164062,68.87266540527344,57.337074279785156,55.45033645629883
2021-04-09,42.940940856933594,134.83848571777344,51.203216552734375,51.44830322265625,45.863250732421875
2021-04-12,35.38493347167969,133.7696990966797,48.024078369140625,36.089263916015625,37.0370979309082
2021-04-13,41.76081085205078,131.35301208496094,43.55305099487305,44.25897216796875,42.21626281738281
2021-04-15,52.079750061035156,131.1382598876953,54.626461029052734,49.17450714111328,56.78102111816406
2021-04-16,58.122108459472656,137.0908203125,52.83152770996094,60.932193756103516,60.28659439086914
2021-04-19,25.69692611694336,131.7218780517578,50.874542236328125,32.2246208190918,36.83024978637695
2021-04-20,31.421300888061523,130.40113830566406,39.133506774902344,32.41254806518555,32.01221466064453
2021-04-22,26.360754013061523,133.57936096191406,45.38652420043945,30.75879669189453,31.320831298828125
2021-04-23,45.39503479003906,131.01121520996094,51.645263671875,47.04583740234375,42.24061584472656
2021-04-26,29.068523406982422,129.81626892089844,36.10942459106445,27.442018508911133,28.30239486694336
2021-04-27,48.09587097167969,127.01213073730469,46.539024353027344,49.49380111694336,47.095672607421875
2021-04-28,34.00926971435547,119.20299530029297,41.54000473022461,38.54887771606445,36.173866271972656
2021-04-29,30.914649963378906,124.34381866455078,33.47874450683594,35.61359786987305,32.306976318359375
2021-04-30,36.07835006713867,132.9912567138672,37.8785514831543,41.26705551147461,38.38706588745117
2021-05-03,40.90034484863281,131.50372314453125,46.40470886230469,44.787681579589844,42.69791030883789
2021-05-04,38.858558654785156,128.38755798339844,42.398006439208984,40.92558670043945,43.56414794921875
2021-05-05,37.47203063964844,124.65621185302734,40.766334533691406,40.89328384399414,41.260398864746094
2021-05-06,44.08966827392578,128.3264923095703,49.515201568603516,44.656612396240234,45.1524772644043
2021-05-07,52.43350601196289,131.65988159179688,54.34171676635742,56.4998779296875,56.83879852294922
2021-05-10,52.399444580078125,119.76806640625,57.457855224609375,60.00550842285156,57.6990966796875
2021-05-11,42.7818717956543,120.4859390258789,45.92243957519531,46.4752311706543,45.00955581665039
2021-05-12,54.10902786254883,129.04266357421875,55.635379791259766,50.65188217163086,50.34858322143555
2021-05-14,38.51992416381836,128.91624450683594,64.96328735351562,41.26090621948242,37.36138153076172
2021-05-17,61.42829895019531,122.07350158691406,60.597923278808594,60.986305236816406,61.5939826965332
2021-05-18,45.14158630371094,110.7103500366211,43.4801139831543,48.76123046875,43.29494094848633
2021-05-19,37.842803955078125,114.03301239013672,66.09552001953125,50.63359451293945,53.218074798583984
2021-05-20,37.596595764160156,126.99885559082031,77.12632751464844,46.19795227050781,45.57495880126953
2021-05-21,49.56852722167969,115.76434326171875,46.49302673339844,52.619537353515625,45.43115234375
2021-05-24,57.650699615478516,118.5562973022461,50.4484977722168,49.57686996459961,49.01390075683594
2021-05-25,58.256893157958984,112.29393768310547,55.23835372924805,49.60116958618164,49.6322021484375
2021-05-26,72.12992095947266,110.40979766845703,87.16361236572266,68.08638000488281,71.53811645507812
2021-05-27,49.25623321533203,116.83797454833984,51.72119903564453,52.94728469848633,52.75360107421875
2021-05-28,69.006103515625,124.65025329589844,81.25865173339844,72.98277282714844,69.50897979736328
2021-05-31,65.56104278564453,120.57538604736328,62.20719909667969,63.67225646972656,62.5733642578125
2021-06-01,60.09186935424805,118.59626007080078,52.73024368286133,47.32300567626953,43.647396087646484
2021-06-02,91.6387939453125,127.58592224121094,66.82398986816406,82.49266052246094,81.517333984375
2021-06-03,96.92784118652344,127.02589416503906,87.09909057617188,92.30435943603516,94.61754608154297
2021-06-04,71.17566680908203,126.86502838134766,75.82841491699219,76.04657745361328,74.35891723632812
2021-06-07,79.45198059082031,119.37677764892578,74.84668731689453,83.42860412597656,83.29582214355469
2021-06-08,71.99922180175781,119.9783935546875,49.1728630065918,58.713409423828125,60.936275482177734
2021-06-09,82.6879653930664,122.81182098388672,79.6259994506836,88.95955657958984,87.15470886230469
2021-06-10,68.21194458007812,120.0406723022461,56.70525360107422,55.665592193603516,62.10593795776367
2021-06-11,64.952880859375,121.28678131103516,79.46498107910156,62.756107330322266,64.78131103515625
2021-06-14,77.56916046142578,118.53177642822266,82.56413269042969,76.8855209350586,83.13282775878906
2021-06-15,83.63859558105469,120.7270278930664,83.76343536376953,83.9083480834961,82.3322525024414
2021-06-16,69.70984649658203,111.19561004638672,72.31314849853516,65.69578552246094,73.4158706665039
2021-06-17,63.57286071777344,125.06423950195312,79.23213195800781,65.24740600585938,61.86212921142578
2021-06-18,65.88119506835938,126.21954345703125,72.19515228271484,61.98263931274414,65.65909576416016
2021-06-21,86.5696792602539,120.54972076416016,80.67496490478516,72.38980102539062,87.28297424316406
2021-06-22,84.0973129272461,115.00198364257812,74.21604919433594,81.76921844482422,85.75564575195312
2021-06-23,75.39940643310547,111.9122085571289,91.74514770507812,76.35160827636719,71.72216796875
2021-06-24,65.97832489013672,115.36994171142578,73.33711242675781,65.08421325683594,61.79903030395508
2021-06-25,73.65386962890625,115.66148376464844,82.06757354736328,74.2513198852539,74.73993682861328
2021-06-28,56.18042755126953,117.27252960205078,64.8008041381836,66.1614990234375,54.549015045166016
2021-06-29,61.935264587402344,106.37773132324219,66.49304962158203,63.752784729003906,64.07820892333984
2021-06-30,51.94696044921875,115.52734375,64.96562194824219,67.091064453125,69.0184326171875
2021-07-01,96.62950134277344,128.04345703125,83.22586059570312,91.8498306274414,93.98859405517578
2021-07-02,73.54785919189453,135.68179321289062,78.01334381103516,83.27483367919922,89.88555145263672
2021-07-05,96.52607727050781,126.75020599365234,113.62702178955078,89.32999420166016,100.02780151367188
2021-07-06,98.55726623535156,133.4553985595703,98.1234359741211,90.09371948242188,100.22959899902344
2021-07-07,92.07687377929688,130.47320556640625,101.26179504394531,86.08673095703125,84.97623443603516
2021-07-08,97.0598373413086,126.22004699707031,92.92939758300781,89.4820785522461,99.12474822998047
2021-07-09,105.06387329101562,129.5283966064453,90.36666870117188,101.46208190917969,104.6213607788086
2021-07-12,93.06781768798828,122.73860168457031,83.28225708007812,84.89704895019531,94.30252075195312
2021-07-13,98.53235626220703,125.95484924316406,98.50442504882812,103.06318664550781,103.09336853027344
2021-07-14,91.28341674804688,119.34086608886719,82.91471862792969,75.18257904052734,76.32276153564453
2021-07-15,88.215576171875,127.82672882080078,99.42189025878906,82.80668640136719,81.87808227539062
2021-07-16,105.49754333496094,139.02001953125,110.0291748046875,100.35983276367188,109.79642486572266
2021-07-19,104.3384780883789,133.1915283203125,113.142822265625,97.21595764160156,100.19216918945312
2021-07-20,76.0387954711914,123.38555908203125,83.87860107421875,66.32071685791016,66.6923828125
2021-07-22,92.58860778808594,138.12852478027344,94.10494995117188,85.69621276855469,86.04100799560547
2021-07-23,108.71073150634766,129.7357177734375,103.28841400146484,103.08782958984375,110.61775970458984
2021-07-26,99.44691467285156,128.61729431152344,90.33951568603516,94.70288848876953,99.44861602783203
2021-07-27,61.841453552246094,118.6824722290039,85.74161529541016,72.45260620117188,72.17516326904297
2021-07-28,63.735748291015625,111.88888549804688,74.03865051269531,68.12032318115234,68.96640014648438
2021-07-29,76.90792846679688,121.93016815185547,85.35271453857422,75.27191925048828,75.71733856201172
2021-07-30,87.77529907226562,123.16834259033203,66.26380920410156,85.5568618774414,87.6150131225586
2021-08-02,93.48641204833984,119.10977935791016,102.91557312011719,94.16130828857422,97.38462829589844
2021-08-03,107.2942886352539,128.02105712890625,104.96896362304688,101.7765121459961,107.32564544677734
2021-08-04,106.3507080078125,123.11409759521484,129.54383850097656,101.56713104248047,109.25843811035156
2021-08-05,91.29940032958984,130.78518676757812,98.80996704101562,94.33118438720703,90.07252502441406
2021-08-06,96.5734634399414,137.635498046875,110.9008560180664,91.08675384521484,91.44972229003906
2021-08-09,82.76720428466797,129.40985107421875,87.45793151855469,89.26990509033203,90.69628143310547
2021-08-10,110.75697326660156,124.10973358154297,118.27490234375,116.0564956665039,120.03926086425781
2021-08-11,84.43821716308594,124.22600555419922,74.58633422851562,85.05690002441406,91.96467590332031
2021-08-12,97.71663665771484,132.90554809570312,99.22021484375,88.82196807861328,90.08625793457031
2021-08-13,111.8483657836914,132.1338653564453,99.3394775390625,106.40970611572266,113.64540100097656
2021-08-16,86.54671478271484,123.50386810302734,88.59284973144531,78.34065246582031,81.04204559326172
2021-08-17,93.28334045410156,122.98053741455078,94.62796020507812,86.60090637207031,81.45650482177734
2021-08-18,88.55430603027344,121.2313232421875,97.06905364990234,87.18241882324219,83.5743408203125
2021-08-20,96.36278533935547,133.19305419921875,94.74756622314453,97.72838592529297,102.31267547607422
2021-08-23,74.07288360595703,119.29093170166016,76.73414611816406,72.19845581054688,65.36687469482422
2021-08-24,89.56307983398438,115.20025634765625,85.72582244873047,95.14971923828125,95.2365493774414
2021-08-25,66.11103820800781,112.46260833740234,72.5478744506836,75.20962524414062,68.15046691894531
2021-08-26,107.26956176757812,128.1451416015625,108.40802001953125,96.53372192382812,110.11985778808594
2021-08-27,88.89564514160156,114.79373168945312,96.62593841552734,95.16340637207031,96.66614532470703
2021-08-30,95.00384521484375,133.3245849609375,114.01405334472656,96.78311157226562,93.9053726196289
2021-08-31,103.40618133544922,115.57796478271484,131.08523559570312,102.17687225341797,107.75869750976562
2021-09-01,86.24955749511719,116.12931060791016,89.87923431396484,85.98344421386719,86.23851013183594
2021-09-02,93.61216735839844,126.41769409179688,98.30641174316406,92.33617401123047,92.54464721679688
2021-09-03,107.40977478027344,131.04812622070312,103.21235656738281,108.42899322509766,108.79442596435547
2021-09-06,67.38002014160156,113.81794738769531,62.54924774169922,69.508056640625,71.0709228515625
2021-09-07,63.67156982421875,115.51875305175781,54.986167907714844,71.6035385131836,66.91351318359375
2021-09-08,95.78718566894531,120.75701904296875,76.60032653808594,90.01759338378906,95.69108581542969
2021-09-09,83.31947326660156,127.85812377929688,74.90424346923828,89.77111053466797,88.06997680664062
2021-09-13,81.02899932861328,116.99050903320312,75.2947006225586,81.96113586425781,83.5504379272461
2021-09-14,74.08453369140625,116.02628326416016,78.85962677001953,70.11058044433594,69.80809020996094
2021-09-15,65.75385284423828,108.0283203125,62.995079040527344,73.14392852783203,72.42566680908203
2021-09-16,87.80315399169922,130.80633544921875,108.91908264160156,79.99014282226562,79.74061584472656
2021-09-17,55.269927978515625,115.59490966796875,72.43572998046875,65.35665130615234,57.85554504394531
2021-09-20,51.48863983154297,119.6112289428711,66.7244873046875,52.273780822753906,50.06581497192383
2021-09-21,72.79561614990234,106.47078704833984,82.21271514892578,69.98328399658203,70.06980895996094
2021-09-22,51.67352294921875,109.56404113769531,46.412330627441406,51.171993255615234,47.644710540771484
2021-09-23,58.80354690551758,109.46139526367188,60.94767379760742,58.78334045410156,58.28504943847656
2021-09-24,61.218666076660156,109.87328338623047,99.42772674560547,63.284751892089844,64.93968963623047
2021-09-27,40.64312744140625,108.34552001953125,41.94363021850586,43.35900115966797,38.802738189697266
2021-09-28,33.19744110107422,110.46475982666016,35.97175216674805,37.95921325683594,31.454343795776367
2021-09-29,37.91520309448242,109.76580810546875,46.03236770629883,43.88785934448242,39.47550582885742
2021-09-30,36.888301849365234,117.37184143066406,41.46407699584961,43.38282775878906,37.60589599609375
2021-10-01,53.402427673339844,128.4457244873047,50.28308868408203,54.53656005859375,49.179264068603516
2021-10-04,52.591888427734375,122.44091796875,57.800193786621094,55.255802154541016,54.032814025878906
2021-10-05,50.15096664428711,117.6573257446289,53.867149353027344,60.81983947753906,60.07866668701172
2021-10-06,47.971900939941406,119.87847900390625,51.02799987792969,60.33802032470703,54.54920196533203
2021-10-07,79.92327117919922,113.57850646972656,71.91799926757812,71.30870819091797,72.89556884765625
2021-10-08,86.93082427978516,118.51754760742188,85.56859588623047,78.34466552734375,84.59062957763672
2021-10-11,76.19330596923828,112.06625366210938,103.74079895019531,76.55033874511719,76.66952514648438
2021-10-12,70.06835174560547,116.5361328125,65.67725372314453,73.35440063476562,85.26946258544922
2021-10-13,51.119625091552734,109.38298797607422,55.94334030151367,61.73557662963867,58.39536666870117
2021-10-14,87.67070007324219,112.52008819580078,69.69744873046875,69.90264892578125,69.58375549316406
2021-10-18,46.758567810058594,109.19503021240234,53.527557373046875,49.10243225097656,44.970115661621094
2021-10-19,56.863590240478516,109.86073303222656,56.251121520996094,52.96072769165039,57.85000228881836
2021-10-20,37.18605041503906,114.35350799560547,39.996185302734375,34.82325744628906,35.0712776184082
2021-10-21,35.692867279052734,118.0687255859375,42.52738952636719,40.927310943603516,39.5673828125
2021-10-22,39.13703918457031,125.08709716796875,39.8590087890625,42.12519454956055,38.800662994384766
2021-10-25,43.337432861328125,117.3611831665039,61.22227478027344,44.6748046875,44.03694152832031
2021-10-26,50.66011428833008,118.58927917480469,44.77190399169922,48.73687744140625,50.139366149902344
2021-10-27,37.237220764160156,111.89991760253906,37.328739166259766,42.49338912963867,43.03627014160156
2021-10-28,38.26633834838867,125.02047729492188,30.32790184020996,41.453369140625,40.42714309692383
2021-10-29,42.37639236450195,126.25262451171875,41.49165344238281,47.632354736328125,45.8519287109375
2021-11-01,40.39680862426758,120.57852935791016,41.7408561706543,46.14270782470703,41.875396728515625
2021-11-02,44.97251510620117,118.9275131225586,46.74323272705078,50.48603057861328,46.80013656616211
2021-11-03,52.30185317993164,124.25887298583984,52.15943145751953,59.016754150390625,55.01041793823242
2021-11-04,51.96213150024414,129.53807067871094,58.9801139831543,52.56199645996094,47.1903076171875
2021-11-08,47.1180534362793,127.1455307006836,42.702327728271484,48.70042037963867,48.35006332397461
2021-11-09,47.430423736572266,120.05691528320312,51.693416595458984,50.859588623046875,49.77061080932617
2021-11-10,48.983787536621094,119.02559661865234,46.46784591674805,55.1109733581543,58.034969329833984
2021-11-11,47.73674392700195,124.19988250732422,45.40733337402344,53.98390197753906,52.26041793823242
2021-11-12,52.35456466674805,124.19418334960938,60.20897674560547,56.31735610961914,53.313690185546875
2021-11-15,61.93983459472656,117.32483673095703,67.82737731933594,63.399166107177734,63.923851013183594
2021-11-16,56.744815826416016,119.04875946044922,73.73169708251953,55.018917083740234,55.707576751708984
2021-11-17,65.98335266113281,122.63835144042969,69.21125793457031,64.93275451660156,70.41038513183594
2021-11-18,59.340293884277344,120.09202575683594,68.01071166992188,59.74782943725586,60.883872985839844
2021-11-22,52.79496765136719,115.56012725830078,80.44889068603516,54.62870788574219,56.299835205078125
2021-11-23,52.27900695800781,114.3388900756836,69.59514617919922,57.304359436035156,54.81362533569336
2021-11-24,69.07415008544922,123.64927673339844,91.31143951416016,61.74799346923828,65.22142791748047
2021-11-25,54.327552795410156,115.53807067871094,57.37007522583008,58.30626678466797,55.43736267089844
2021-11-26,49.623043060302734,113.9105453491211,54.01423645019531,49.736572265625,49.01389694213867
2021-11-29,31.917156219482422,114.8362045288086,40.84428787231445,37.12681198120117,32.65460205078125
2021-11-30,33.358421325683594,111.73758697509766,45.22508239746094,38.33306884765625,35.589447021484375
2021-12-01,39.10248565673828,115.14732360839844,43.901615142822266,44.546146392822266,40.08320236206055
2021-12-02,53.92012405395508,117.2149429321289,66.93236541748047,55.927894592285156,53.70320129394531
2021-12-03,34.74561309814453,117.50282287597656,46.292293548583984,41.86561965942383,35.17946243286133
2021-12-06,31.041255950927734,110.25757598876953,37.910091400146484,32.10760498046875,27.84010124206543
2021-12-07,32.87372970581055,112.7783432006836,33.619441986083984,36.89513397216797,31.363391876220703
2021-12-08,42.40142059326172,112.40290069580078,32.21917724609375,44.08330154418945,37.31393051147461
2021-12-09,52.70812225341797,115.7417984008789,49.68437576293945,53.5694694519043,53.90279006958008
2021-12-10,54.74283981323242,116.0517349243164,63.96734619140625,53.483402252197266,54.78559875488281
2021-12-13,40.67838668823242,113.52019500732422,50.05806350708008,43.48672866821289,42.357643127441406
2021-12-14,46.384986877441406,111.39444732666016,41.31511306762695,47.48775863647461,47.198089599609375
2021-12-15,38.951969146728516,105.48856353759766,40.765262603759766,39.0464973449707,39.95953369140625
2021-12-16,42.428951263427734,116.81909942626953,49.72285461425781,40.44903564453125,40.644386291503906
2021-12-17,44.5616340637207,110.86409759521484,56.94718551635742,47.32258987426758,49.207515716552734
2021-12-20,22.860795974731445,97.2551498413086,29.409399032592773,25.807680130004883,26.618915557861328
2021-12-21,38.757442474365234,107.0548095703125,41.774078369140625,40.77548599243164,38.40305709838867
2021-12-22,43.90187454223633,105.59034729003906,43.85590362548828,46.10356903076172,44.60792922973633
2021-12-23,52.27071762084961,109.30237579345703,51.915733337402344,53.2696418762207,55.36653137207031
2021-12-24,44.589839935302734,111.9687271118164,43.90324020385742,49.74312210083008,47.99966049194336
2021-12-27,37.23126220703125,111.83891296386719,40.41442108154297,40.54296112060547,38.57670974731445
2021-12-28,39.36301040649414,107.16719818115234,57.544857025146484,45.30710220336914,41.17844772338867
2021-12-29,29.93883514404297,106.27752685546875,32.66960525512695,34.62059783935547,28.308551788330078
2021-12-30,28.396656036376953,113.70838928222656,32.37388229370117,36.051475524902344,29.424087524414062
2021-12-31,42.365787506103516,120.53234100341797,43.481300354003906,46.610477447509766,46.28486251831055
2022-01-03,35.13873291015625,119.01792907714844,55.43334197998047,41.06879806518555,38.577911376953125
2022-01-04,50.543460845947266,111.34957122802734,56.33449935913086,50.2492561340332,50.386592864990234
2022-01-05,48.87146759033203,111.75206756591797,42.47737121582031,50.613746643066406,55.75135803222656
2022-01-06,33.4965705871582,125.05349731445312,40.60863494873047,42.505165100097656,36.06219482421875
2022-01-07,46.45193099975586,120.8697738647461,47.71665573120117,49.85902404785156,54.82046890258789
2022-01-10,46.6317253112793,111.86724090576172,54.93950271606445,52.632415771484375,54.4636116027832
2022-01-11,56.178466796875,111.21764373779297,51.2121696472168,54.09700012207031,53.75827407836914
2022-01-12,55.90777587890625,110.26422119140625,53.68437194824219,51.40595245361328,59.100242614746094
2022-01-13,47.14431381225586,119.12633514404297,45.52964401245117,46.075355529785156,45.257816314697266
2022-01-14,35.265541076660156,116.1908950805664,45.10426712036133,39.98544692993164,40.425662994384766
2022-01-17,28.819190979003906,112.00812530517578,41.61801528930664,37.98986053466797,42.29460525512695
2022-01-18,30.84505844116211,117.9068374633789,40.19468688964844,32.19268035888672,36.30744552612305
2022-01-19,40.562530517578125,114.00106048583984,48.09212875366211,41.172393798828125,42.34029006958008
2022-01-20,35.427894592285156,120.43904113769531,45.31913757324219,38.024227142333984,38.41925811767578
2022-01-21,36.55952835083008,124.85417938232422,34.74998474121094,37.571834564208984,38.44659423828125
2022-01-24,22.594141006469727,122.13103485107422,34.300533294677734,24.40131378173828,20.82403564453125
2022-01-25,25.349166870117188,119.85581970214844,27.04425811767578,27.3260498046875,26.40271759033203
2022-01-27,28.718503952026367,117.98680877685547,36.322547912597656,30.217538833618164,27.530914306640625
2022-01-28,26.702245712280273,123.71484375,56.14246368408203,20.260360717773438,18.180204391479492
2022-01-31,30.31844711303711,123.37712860107422,24.225067138671875,31.881868362426758,26.018430709838867
2022-02-01,31.92963218688965,117.87194061279297,30.800390243530273,35.13260269165039,34.94179916381836
2022-02-02,49.64677047729492,111.86882781982422,49.66716766357422,47.69964599609375,47.819976806640625
2022-02-03,44.977806091308594,119.70942687988281,54.45216369628906,48.51300048828125,48.03970718383789
2022-02-04,30.27901840209961,121.161865234375,33.17705154418945,35.86387634277344,32.048561096191406
2022-02-07,33.764862060546875,113.01676940917969,33.612430572509766,34.4094123840332,37.64229202270508
2022-02-08,40.088356018066406,109.57793426513672,38.672000885009766,39.94782257080078,39.87153625488281
2022-02-09,43.7254524230957,109.17124938964844,55.56303787231445,47.39501190185547,46.62364959716797
2022-02-10,64.0103530883789,116.4835205078125,52.68534469604492,54.93745803833008,60.39216613769531
2022-02-11,54.257938385009766,119.61138153076172,54.66593551635742,53.51212692260742,54.70774459838867
2022-02-14,21.370813369750977,106.78367614746094,26.600040435791016,20.168067932128906,24.385133743286133
2022-02-15,40.96451950073242,109.15380859375,37.15815353393555,46.32114791870117,44.33464813232422
2022-02-16,41.03681182861328,121.17710876464844,44.81574249267578,44.89568328857422,42.57973861694336
2022-02-17,39.308082580566406,122.5128173828125,43.99197006225586,36.69682312011719,40.19072723388672
2022-02-18,35.15301513671875,127.7205581665039,33.3405876159668,34.15750503540039,38.832279205322266
2022-02-21,29.881380081176758,120.42105102539062,35.54471969604492,32.73031234741211,29.621017456054688
2022-02-22,18.040668487548828,120.91697692871094,21.012834548950195,17.3398494720459,15.665270805358887
2022-02-23,26.27283477783203,118.50567626953125,39.880592346191406,27.59617805480957,25.589529037475586
2022-02-24,75.01861572265625,125.64607238769531,73.24021911621094,79.90418243408203,74.43167114257812
2022-02-25,26.86682891845703,129.29119873046875,30.577348709106445,33.01078796386719,27.815998077392578
2022-02-28,21.823211669921875,132.166748046875,20.94772720336914,25.52114486694336,19.35757064819336
2022-03-02,26.190753936767578,130.5155029296875,23.885833740234375,30.06618309020996,26.441762924194336
2022-03-03,15.743598937988281,129.3263397216797,22.350631713867188,19.494369506835938,15.298691749572754
2022-03-04,14.990876197814941,117.87049865722656,25.22092628479004,18.015382766723633,14.89841365814209
2022-03-07,26.210039138793945,102.28106689453125,26.47368621826172,31.95998764038086,21.935016632080078
2022-03-08,21.586223602294922,117.9179916381836,39.82590103149414,22.433923721313477,19.97671890258789
2022-03-09,18.648418426513672,122.00184631347656,28.782997131347656,22.531387329101562,17.58381462097168
2022-03-10,19.768831253051758,127.1744613647461,43.076904296875,24.657773971557617,20.526470184326172
2022-03-11,16.71907615661621,133.3046417236328,32.85408020019531,20.6229190826416,17.217653274536133
2022-03-14,22.780595779418945,122.18878173828125,40.66986083984375,27.292299270629883,23.211915969848633
2022-03-15,34.74644088745117,136.77987670898438,38.49837112426758,35.9681396484375,34.35908889770508
2022-03-16,27.227420806884766,117.43963623046875,35.66877365112305,27.9882755279541,25.93385124206543
2022-03-17,24.630008697509766,116.62532043457031,35.132057189941406,32.023189544677734,27.230411529541016
2022-03-21,22.41060447692871,127.67776489257812,30.951725006103516,26.06795310974121,23.88317108154297
2022-03-22,17.798498153686523,117.37821197509766,28.775104522705078,21.832853317260742,15.57089900970459
2022-03-23,19.018766403198242,121.40357971191406,35.70578384399414,24.228254318237305,21.280738830566406
2022-03-24,16.574037551879883,121.77030944824219,51.076229095458984,23.085350036621094,19.876375198364258
2022-03-25,19.468891143798828,126.56707000732422,21.536542892456055,24.759754180908203,19.6451358795166
2022-03-28,16.87972640991211,117.11388397216797,26.202606201171875,19.357370376586914,15.900134086608887
2022-03-29,19.580963134765625,110.0228500366211,25.637454986572266,23.03879165649414,17.042945861816406
2022-03-30,27.319581985473633,101.02360534667969,28.904817581176758,33.88760757446289,33.7471923828125
2022-03-31,29.744834899902344,119.5279541015625,33.888275146484375,37.397682189941406,32.070945739746094
2022-04-01,51.5764274597168,129.60902404785156,56.25345993041992,58.633052825927734,57.742069244384766
2022-04-04,64.4535903930664,116.30254364013672,56.228797912597656,49.04264450073242,48.881919860839844
2022-04-05,44.048805236816406,125.36395263671875,48.41746139526367,43.06980895996094,45.40979766845703
2022-04-06,35.437744140625,126.49131774902344,46.52207946777344,40.86639404296875,37.7906608581543
2022-04-07,41.971954345703125,132.93833923339844,40.37788009643555,39.736732482910156,42.11442184448242
2022-04-08,52.602596282958984,133.70924377441406,61.152706146240234,56.71927261352539,56.85551834106445
2022-04-11,47.730228424072266,125.27202606201172,37.54776382446289,41.31916809082031,43.972015380859375
2022-04-12,52.057491302490234,125.30304718017578,62.02138900756836,47.30386734008789,53.89168167114258
2022-04-13,59.797576904296875,128.06045532226562,79.75111389160156,51.59698486328125,59.61997985839844
2022-04-18,28.73500633239746,131.6439666748047,43.28887939453125,31.801786422729492,27.351879119873047
2022-04-19,41.46509552001953,122.58163452148438,51.72981643676758,43.117252349853516,43.042198181152344
2022-04-20,38.39009094238281,120.6263656616211,41.04615783691406,37.62702178955078,39.95639419555664
2022-04-21,63.61613464355469,124.90108489990234,58.419639587402344,60.03260803222656,66.0440444946289
2022-04-22,36.80754852294922,125.17909240722656,45.762977600097656,43.97871398925781,38.09315872192383
2022-04-25,36.555973052978516,119.6760482788086,31.445173263549805,36.68385696411133,37.61220169067383
2022-04-26,38.6516227722168,117.14116668701172,35.93761444091797,42.95027160644531,41.92652893066406
2022-04-27,38.501773834228516,119.71012878417969,45.53266906738281,38.55970764160156,48.40085220336914
2022-04-28,56.17319869995117,127.17706298828125,54.92027282714844,54.45762252807617,61.937828063964844
2022-04-29,57.16318893432617,123.8773422241211,44.288150787353516,49.00465393066406,48.31317901611328
2022-05-02,42.53042221069336,123.80064392089844,46.39522171020508,46.06586837768555,44.56257629394531
2022-05-04,39.47987365722656,115.19060516357422,47.61973571777344,33.290184020996094,38.00838088989258
2022-05-05,50.7109375,122.08016967773438,68.83802032470703,44.2491455078125,47.57197570800781
2022-05-06,43.47642135620117,113.49043273925781,35.8477783203125,37.47193145751953,35.09193801879883
2022-05-09,46.40656661987305,105.40132904052734,48.11348342895508,47.867286682128906,49.833621978759766
2022-05-10,28.419519424438477,111.49012756347656,24.04299545288086,29.660879135131836,27.87826919555664
2022-05-11,36.965003967285156,108.23529052734375,24.045989990234375,23.819252014160156,21.450809478759766
2022-05-12,33.79254150390625,92.92192077636719,46.482059478759766,39.460506439208984,33.311729431152344
2022-05-13,34.56454086303711,106.71167755126953,56.79102325439453,32.962074279785156,37.94095993041992
2022-05-16,26.38072395324707,108.57785034179688,34.85325622558594,19.8510799407959,19.694255828857422
2022-05-17,44.60490798950195,112.13855743408203,43.9705810546875,43.106319427490234,43.92369079589844
2022-05-18,39.10699462890625,117.13639831542969,39.17313003540039,36.617061614990234,34.415584564208984
2022-05-19,38.2886962890625,104.13760375976562,47.55045700073242,37.292579650878906,45.642791748046875
2022-05-20,37.15116882324219,124.0852279663086,39.10335159301758,41.00856018066406,38.19649124145508
2022-05-23,36.49803161621094,120.56876373291016,43.02882385253906,30.932037353515625,31.20103645324707
2022-05-24,23.641447067260742,116.92855072021484,28.66139793395996,24.040264129638672,23.87674331665039
2022-05-25,21.38105583190918,113.94107818603516,29.599924087524414,20.790266036987305,18.45041847229004
2022-05-26,36.5246696472168,113.4059829711914,37.53559112548828,40.18894577026367,40.517024993896484
2022-05-27,50.54160690307617,119.66067504882812,51.93022918701172,54.09476852416992,49.940635681152344
2022-05-30,55.46980667114258,117.30543518066406,79.10515594482422,57.6571044921875,59.148109436035156
2022-05-31,54.750240325927734,114.90369415283203,58.791969299316406,54.67217254638672,55.59929656982422
2022-06-01,50.440216064453125,115.9144058227539,52.120967864990234,51.24586486816406,52.28000259399414
2022-06-02,60.532379150390625,116.52991485595703,63.75661087036133,56.701053619384766,62.30459213256836
2022-06-03,59.40022277832031,121.83535766601562,57.72031784057617,58.00874710083008,65.03455352783203
2022-06-06,47.22087860107422,114.64950561523438,61.88118362426758,48.66574478149414,48.927947998046875
2022-06-07,44.517539978027344,115.57867431640625,44.21495056152344,39.70199966430664,40.73215866088867
2022-06-08,46.3066291809082,111.30154418945312,52.85865783691406,43.22185516357422,45.18265151977539
2022-06-09,67.97586059570312,113.37983703613281,61.595848083496094,66.91838836669922,72.09478759765625
2022-06-10,51.10747528076172,115.36272430419922,51.5899772644043,49.1252326965332,53.82040786743164
2022-06-13,29.7554931640625,103.42884063720703,40.940696716308594,27.745525360107422,28.97726821899414
2022-06-14,26.400379180908203,108.77208709716797,31.485191345214844,25.784730911254883,33.193397521972656
2022-06-15,33.13090896606445,104.09252166748047,31.280893325805664,32.827613830566406,34.458892822265625
2022-06-16,24.359865188598633,97.57840728759766,18.9351749420166,23.7502384185791,22.942476272583008
2022-06-17,27.204832077026367,105.29435729980469,33.671913146972656,27.91087532043457,28.899137496948242
2022-06-20,25.975753784179688,103.94127655029297,29.063270568847656,28.143009185791016,28.986345291137695
2022-06-21,33.07579040527344,113.6917724609375,53.07854080200195,28.710941314697266,31.517240524291992
2022-06-22,32.2988395690918,103.99288940429688,31.961320877075195,30.476686477661133,33.5284423828125
2022-06-23,33.72549057006836,109.01642608642578,31.261953353881836,35.04399108886719,31.731035232543945
2022-06-24,31.59486961364746,111.94941711425781,44.04147720336914,40.226505279541016,33.789276123046875
2022-06-27,35.63706970214844,113.13372802734375,33.0858154296875,35.43196105957031,35.62181091308594
2022-06-28,32.650726318359375,110.99683380126953,32.1456184387207,34.4896240234375,33.38011932373047
2022-06-29,30.501327514648438,107.6203384399414,30.61953353881836,34.10483932495117,31.83989715576172
2022-06-30,34.89595413208008,122.06255340576172,51.30735778808594,36.85022735595703,36.562721252441406
2022-07-01,37.09996032714844,120.27078247070312,28.034008026123047,33.54572677612305,31.094528198242188
2022-07-04,38.486568450927734,113.4231948852539,53.61870193481445,38.6224250793457,40.572750091552734
2022-07-05,51.07705307006836,111.76122283935547,56.844322204589844,48.60041427612305,54.19282913208008
2022-07-06,44.32931900024414,111.58374786376953,55.99839782714844,45.86858367919922,48.40089416503906
2022-07-07,43.59378433227539,118.32487487792969,50.80169677734375,45.496421813964844,46.67025375366211
2022-07-08,65.31549072265625,125.10399627685547,75.79710388183594,62.361167907714844,70.45205688476562
2022-07-11,61.27070999145508,118.24796295166016,86.08628845214844,59.98326873779297,67.42965698242188
2022-07-12,61.95428466796875,116.36021423339844,61.91072463989258,55.94715118408203,62.861480712890625
2022-07-13,40.67784881591797,110.28681182861328,46.12558364868164,44.04566955566406,41.53122329711914
2022-07-14,62.120521545410156,122.42009735107422,62.31369400024414,56.3707275390625,60.90007781982422
2022-07-15,45.597999572753906,121.57164764404297,60.99642562866211,51.20127868652344,50.51423645019531
2022-07-18,46.67593002319336,117.34535217285156,56.11781692504883,50.54362869262695,49.63470458984375
2022-07-19,59.42247009277344,114.89850616455078,53.98960494995117,60.4820556640625,61.64445114135742
2022-07-20,68.03397369384766,110.25245666503906,67.2957534790039,67.41081237792969,70.87677001953125
2022-07-21,70.16424560546875,112.6198959350586,60.17720031738281,68.72793579101562,72.71749114990234
2022-07-22,65.3398666381836,114.30484008789062,56.610557556152344,69.23394775390625,67.50012969970703
2022-07-25,51.435001373291016,109.55122375488281,45.653228759765625,60.573890686035156,57.31621551513672
2022-07-26,38.37235641479492,113.35530090332031,31.98914909362793,41.42374801635742,42.888816833496094
2022-07-27,51.93870162963867,107.00506591796875,49.93154525756836,48.25469207763672,52.758541107177734
2022-07-28,47.31497573852539,115.3492660522461,49.83675765991211,52.121498107910156,52.099552154541016
2022-07-29,71.86258697509766,120.57940673828125,60.708988189697266,72.1724624633789,73.27980041503906
2022-08-01,69.5324935913086,112.83444213867188,65.99092102050781,68.0198974609375,73.65390014648438
2022-08-02,58.293067932128906,113.12840270996094,55.711341857910156,58.814788818359375,60.33184051513672
2022-08-03,55.76576614379883,128.05715942382812,64.08065032958984,52.91909408569336,56.14809799194336
2022-08-04,83.3963623046875,122.86065673828125,69.27287292480469,50.94813537597656,49.858680725097656
2022-08-05,67.31666564941406,139.3399658203125,47.02555465698242,51.88660430908203,42.7238655090332
2022-08-08,53.20516586303711,112.96642303466797,56.742774963378906,61.490238189697266,54.945281982421875
2022-08-10,48.45650863647461,116.02979278564453,42.577789306640625,50.51416778564453,50.069339752197266
2022-08-11,60.44135284423828,114.5442123413086,65.38636779785156,56.131507873535156,62.0213623046875
2022-08-12,51.063201904296875,125.7322998046875,46.162925720214844,57.06665802001953,56.10023498535156
2022-08-16,57.75840759277344,110.97931671142578,61.97504806518555,53.15928649902344,62.50645065307617
2022-08-17,45.674983978271484,114.43269348144531,56.490928649902344,50.01704788208008,45.81422805786133
2022-08-18,53.46172332763672,108.64727020263672,56.50968933105469,58.46955871582031,63.28120422363281
2022-08-19,49.63920974731445,119.86121368408203,55.402034759521484,53.343849182128906,50.856224060058594
2022-08-22,33.92129898071289,125.26710510253906,29.37809181213379,35.789241790771484,32.21980667114258
2022-08-23,34.526947021484375,120.78362274169922,37.12226104736328,39.8892707824707,35.62268829345703
2022-08-24,28.756582260131836,119.04930114746094,30.27288818359375,36.7903938293457,31.52640724182129
2022-08-25,40.479068756103516,122.56025695800781,32.201969146728516,37.99171447753906,36.677467346191406
2022-08-26,31.617080688476562,128.93321228027344,36.54983139038086,42.591331481933594,34.787391662597656
2022-08-29,38.03466796875,121.98265838623047,51.01285171508789,46.08510208129883,43.4168815612793
2022-08-30,40.59431457519531,119.71150970458984,34.1531982421875,48.4221305847168,42.432655334472656
2022-09-01,33.931453704833984,127.54723358154297,47.47563934326172,42.41936492919922,38.77216720581055
2022-09-02,39.46897506713867,128.468017578125,38.22528076171875,43.52122116088867,42.49829864501953
2022-09-05,28.70885467529297,122.68875885009766,44.50050354003906,37.77012634277344,31.597200393676758
2022-09-06,34.028221130371094,120.68683624267578,36.037506103515625,37.758121490478516,32.23714828491211
2022-09-07,39.130367279052734,116.14871215820312,36.0128288269043,41.479679107666016,38.40187072753906
2022-09-08,42.73124694824219,119.64744567871094,51.63317108154297,47.950096130371094,45.90818405151367
2022-09-09,40.536834716796875,122.29619598388672,52.51251220703125,47.19468688964844,42.53724670410156
2022-09-12,42.261749267578125,117.39852142333984,43.34486770629883,42.209075927734375,45.1483268737793
2022-09-13,46.2135009765625,109.38312530517578,46.55012130737305,45.720096588134766,49.98271560668945
2022-09-14,49.11715316772461,105.66480255126953,41.23652267456055,49.512847900390625,51.89293670654297
2022-09-15,32.28961181640625,119.98356628417969,35.609840393066406,36.36689376831055,31.893888473510742
2022-09-16,30.300308227539062,122.46991729736328,38.02480697631836,34.48813247680664,32.326202392578125
2022-09-19,22.133716583251953,121.76229095458984,25.231897354125977,26.28141975402832,21.90460968017578
2022-09-20,24.13988494873047,117.30540466308594,29.10230827331543,31.04374122619629,25.86864471435547
2022-09-21,23.734756469726562,117.45606231689453,22.918304443359375,26.507892608642578,26.064224243164062
2022-09-22,24.06114387512207,124.46695709228516,35.203086853027344,28.59840965270996,20.22402000427246
2022-09-23,19.625411987304688,129.44366455078125,26.793682098388672,24.200387954711914,21.444042205810547
2022-09-26,14.198132514953613,124.37936401367188,27.30326271057129,19.91412353515625,16.225893020629883
2022-09-27,9.870983123779297,120.34405517578125,24.119279861450195,15.603772163391113,10.847387313842773
2022-09-28,18.000783920288086,113.36780548095703,24.223955154418945,19.47893714904785,18.052839279174805
2022-09-29,21.422636032104492,114.63143920898438,22.461040496826172,26.807880401611328,23.030956268310547
2022-09-30,46.40891647338867,122.2795639038086,42.76742172241211,43.63589859008789,46.4431037902832
2022-10-03,28.087244033813477,123.6669692993164,29.37418556213379,25.374582290649414,25.658336639404297
2022-10-04,39.68147659301758,118.98675537109375,35.994537353515625,42.64761734008789,40.99249267578125
2022-10-06,44.83406066894531,129.57958984375,41.40960693359375,38.97332000732422,44.728878021240234
2022-10-07,28.934741973876953,126.38652801513672,46.66801452636719,38.1260986328125,32.04838562011719
2022-10-10,28.28382682800293,121.5896224975586,46.248069763183594,35.86460876464844,34.22222900390625
2022-10-11,40.85684585571289,115.46875762939453,34.26388931274414,38.017982482910156,39.48047637939453
2022-10-12,28.124088287353516,123.30841064453125,28.733657836914062,33.131263732910156,29.317157745361328
2022-10-13,32.033016204833984,124.08710479736328,37.62004470825195,31.481590270996094,30.892974853515625
2022-10-14,53.50339126586914,124.50199890136719,65.48054504394531,48.222084045410156,57.950748443603516
2022-10-17,41.311805725097656,120.78389739990234,54.78892135620117,43.16862487792969,43.75904083251953
2022-10-18,32.33269500732422,122.20249938964844,49.49771499633789,45.179298400878906,39.01287078857422
2022-10-19,42.35792922973633,117.78245544433594,43.7703857421875,45.07202911376953,44.21073532104492
2022-10-20,61.4181022644043,130.46194458007812,54.45326232910156,55.976287841796875,63.92718505859375
2022-10-21,45.69762420654297,125.3892822265625,56.460323333740234,46.425865173339844,45.21644592285156
2022-10-24,41.973079681396484,118.43083190917969,33.57746124267578,42.8051643371582,44.125858306884766
2022-10-25,51.81985092163086,115.98250579833984,52.89602279663086,57.07787322998047,54.36677932739258
2022-10-27,44.58094024658203,114.65254211425781,44.006507873535156,47.86213302612305,41.721527099609375
2022-10-28,49.9892692565918,125.88553619384766,44.20408630371094,56.52164840698242,52.202022552490234
2022-10-31,67.3944091796875,114.58300018310547,52.62816619873047,68.26445770263672,68.58201599121094
2022-11-01,52.48903274536133,114.12166595458984,47.10108947753906,50.17631912231445,46.17789840698242
2022-11-02,50.35725021362305,113.01696014404297,50.390380859375,52.94929885864258,52.433441162109375
2022-11-03,40.609169006347656,124.70653533935547,40.75497055053711,45.65492248535156,42.0211067199707
2022-11-04,47.31462478637695,119.72245788574219,49.32068634033203,49.260498046875,47.9301643371582
2022-11-07,44.82633590698242,114.07861328125,43.29836654663086,48.33810043334961,48.438907623291016
2022-11-09,46.67723083496094,110.19822692871094,50.58467483520508,50.81354904174805,52.08549118041992
2022-11-10,40.559425354003906,120.82733917236328,44.99945831298828,44.67534637451172,41.713111877441406
2022-11-11,50.42913055419922,109.58463287353516,60.061519622802734,56.792564392089844,53.318016052246094
2022-11-14,52.24419021606445,109.93424224853516,52.12291717529297,58.16010665893555,56.44272994995117
2022-11-15,40.600730895996094,110.1032485961914,60.477413177490234,46.70487594604492,43.76105499267578
2022-11-16,54.528934478759766,104.08760833740234,74.54951477050781,56.261810302734375,59.50810241699219
2022-11-17,38.356136322021484,116.53356170654297,40.63523483276367,52.02918243408203,42.6287841796875
2022-11-18,54.84939193725586,114.83419036865234,57.37691116333008,56.87209701538086,53.25150680541992
2022-11-21,54.389373779296875,114.84446716308594,54.34497833251953,56.56606674194336,57.371055603027344
2022-11-22,52.599388122558594,108.72563171386719,60.77384567260742,55.893375396728516,56.40570068359375
2022-11-23,51.578346252441406,105.6871109008789,49.955387115478516,56.03889465332031,53.92763900756836
2022-11-24,42.07901382446289,109.11714172363281,61.682655334472656,53.681495666503906,44.66170120239258
2022-11-25,65.5433120727539,106.20330810546875,62.807090759277344,71.1266098022461,68.74675750732422
2022-11-28,60.15161895751953,103.2842025756836,67.947509765625,66.09754180908203,65.99252319335938
2022-11-29,52.60116195678711,105.59790802001953,53.57294464111328,54.800262451171875,47.13500213623047
2022-11-30,65.8770751953125,102.63080596923828,58.82204818725586,64.18714141845703,72.17057800292969
2022-12-01,61.168514251708984,96.98951721191406,55.57903289794922,65.81082916259766,62.711029052734375
2022-12-02,57.777992248535156,107.40863037109375,57.75052261352539,56.9173698425293,50.697021484375
2022-12-05,43.90671157836914,101.4515380859375,46.370662689208984,48.97529983520508,47.558895111083984
2022-12-06,42.57486343383789,102.92198944091797,47.42774963378906,45.55621337890625,45.74620819091797
2022-12-07,51.15804672241211,98.18899536132812,73.54547882080078,52.904937744140625,56.34830856323242
2022-12-08,36.86199951171875,106.66912078857422,35.56409454345703,47.48579025268555,44.00342559814453
2022-12-09,43.36790084838867,107.69212341308594,48.567543029785156,50.92363357543945,44.44023132324219
2022-12-12,35.526206970214844,105.72274780273438,36.258724212646484,40.30799102783203,41.09056854248047
2022-12-13,39.415985107421875,100.01602935791016,41.76469039916992,44.928070068359375,37.883140563964844
2022-12-14,54.746788024902344,96.99422454833984,54.62690353393555,55.93264389038086,57.174049377441406
2022-12-15,59.852073669433594,105.67720794677734,69.61337280273438,59.411922454833984,58.95235061645508
2022-12-16,50.795833587646484,107.948974609375,50.36627197265625,48.710941314697266,52.65129852294922
2022-12-19,35.08295440673828,101.88819122314453,44.484134674072266,38.594703674316406,32.80548095703125
2022-12-20,37.60346603393555,96.85631561279297,46.8437385559082,47.15117263793945,41.968406677246094
2022-12-21,30.566556930541992,100.02606201171875,42.56608200073242,33.092987060546875,27.104854583740234
2022-12-22,32.07631301879883,101.5694808959961,46.98482131958008,40.067466735839844,34.26076889038086
2022-12-23,37.99573516845703,99.4263687133789,33.158939361572266,36.16233444213867,37.76874923706055
2022-12-26,39.484561920166016,97.22055053710938,45.26775360107422,37.455322265625,41.61772537231445
2022-12-27,32.57365417480469,97.25125885009766,42.36317825317383,36.86233139038086,35.95931625366211
2022-12-28,35.559471130371094,96.17044067382812,43.63716506958008,36.62949752807617,33.85342788696289
2022-12-29,40.83399963378906,100.54962921142578,49.540611267089844,44.702327728271484,44.57293701171875
2022-12-30,51.410850524902344,100.23031616210938,65.68409729003906,54.08531188964844,55.15660095214844
2023-01-02,43.81422424316406,104.192138671875,44.16499710083008,46.17498016357422,42.74985122680664
2023-01-03,51.2291374206543,91.86900329589844,53.834564208984375,55.010589599609375,56.125850677490234
2023-01-04,36.24162292480469,101.54007720947266,46.33076477050781,45.42191696166992,41.909812927246094
2023-01-05,40.887001037597656,106.50318145751953,48.6558952331543,51.935401916503906,49.867923736572266
2023-01-06,41.60895919799805,106.50177764892578,52.533363342285156,43.567787170410156,44.391746520996094
2023-01-09,60.582603454589844,91.2213363647461,54.84000778198242,60.02587890625,68.853271484375
2023-01-10,50.65790939331055,108.00958251953125,58.196285247802734,45.73181915283203,43.08312225341797
2023-01-11,43.14830017089844,100.21078491210938,37.2415771484375,42.43655014038086,38.48188018798828
2023-01-12,41.064544677734375,104.6531982421875,70.62432861328125,46.93873977661133,47.36710739135742
2023-01-13,54.5983772277832,105.60614776611328,58.4022102355957,47.850582122802734,48.79145050048828
2023-01-16,53.46013259887695,88.45853424072266,59.14850997924805,51.63383865356445,57.44045639038086
2023-01-17,57.37118911743164,98.6972427368164,50.6545295715332,55.036861419677734,57.71009063720703
2023-01-18,55.79362106323242,96.0283432006836,71.90470123291016,49.43901824951172,49.696529388427734
2023-01-19,69.5274658203125,92.54657745361328,67.83727264404297,67.91002655029297,71.07113647460938
2023-01-20,56.2931022644043,100.76423645019531,62.75889587402344,52.82624816894531,50.55847930908203
2023-01-23,55.01288604736328,85.63015747070312,55.92558288574219,51.90305709838867,57.91576385498047
2023-01-24,46.501556396484375,86.81352233886719,54.04362487792969,48.370540618896484,48.03042984008789
2023-01-25,54.40428161621094,87.33710479736328,52.28520965576172,45.52951431274414,45.03663635253906
2023-01-27,42.71596908569336,98.24378204345703,62.666587829589844,43.399879455566406,43.5732307434082
2023-01-30,41.19921875,105.03642272949219,46.26053237915039,37.504310607910156,35.48736572265625
2023-01-31,41.74644470214844,95.91888427734375,73.772705078125,44.84233856201172,49.751407623291016
2023-02-01,47.38916778564453,104.27120208740234,51.003822326660156,47.55841827392578,51.517173767089844
2023-02-02,49.99000930786133,88.00458526611328,50.59899139404297,55.35611343383789,53.413108825683594
2023-02-03,60.336769104003906,96.22139739990234,55.01962661743164,60.56231689453125,60.0713996887207
2023-02-06,52.55727767944336,92.10929870605469,174.97352600097656,54.90056610107422,49.22617721557617
2023-02-07,47.25654983520508,94.57698822021484,55.134010314941406,52.500396728515625,48.96158218383789
2023-02-08,64.2010269165039,72.67579650878906,61.352962493896484,63.280757904052734,67.9464340209961
2023-02-09,64.77458953857422,84.29145050048828,96.5915298461914,67.36831665039062,69.73838806152344
2023-02-10,73.37679290771484,80.0650634765625,63.39492416381836,72.65962219238281,76.73191833496094
2023-02-13,58.65422821044922,86.39193725585938,58.843807220458984,57.2523078918457,57.291534423828125
2023-02-14,64.42877960205078,93.83949279785156,54.60808181762695,66.66668701171875,64.75591278076172
2023-02-15,59.785194396972656,89.9844741821289,86.87938690185547,66.99430084228516,66.92161560058594
2023-02-16,68.52064514160156,91.92427825927734,64.30904388427734,70.40923309326172,67.3472900390625
2023-02-17,60.98121643066406,88.87223052978516,69.10816192626953,70.39315032958984,65.8736572265625
2023-02-20,54.256072998046875,76.84683990478516,53.33555221557617,56.447757720947266,56.57667541503906
2023-02-21,55.35908508300781,82.54087829589844,147.2218780517578,58.406002044677734,59.20570755004883
2023-02-22,42.6343994140625,69.59770965576172,61.007381439208984,47.80997848510742,47.42686462402344
2023-02-23,51.407554626464844,73.6363525390625,66.88343048095703,49.96205520629883,51.662445068359375
2023-02-24,52.03540802001953,83.78237915039062,69.3325424194336,71.84300231933594,59.08396911621094
2023-02-27,46.75480270385742,82.50358581542969,43.22364044189453,57.33251953125,44.44293212890625
2023-02-28,52.038124084472656,81.4417953491211,59.298988342285156,58.706539154052734,55.722103118896484
2023-03-01,70.64042663574219,73.9527816772461,67.8043212890625,64.31038665771484,58.75395202636719
2023-03-02,41.28881072998047,80.5160140991211,46.609745025634766,64.86582946777344,39.87627410888672
2023-03-03,75.14888763427734,90.10319519042969,72.2841796875,75.90430450439453,76.4295883178711
2023-03-06,58.361976623535156,95.35231018066406,71.16839599609375,73.91081237792969,59.61888122558594
2023-03-08,51.95603561401367,78.36714172363281,57.014095306396484,70.10010528564453,57.31157684326172
2023-03-09,60.86769485473633,80.37803649902344,67.46298217773438,68.26385498046875,61.02711486816406
2023-03-10,69.10963439941406,88.93034362792969,55.307186126708984,61.315460205078125,70.57718658447266
2023-03-13,35.308353424072266,77.25008392333984,39.68552780151367,37.897056579589844,39.532684326171875
2023-03-14,33.31184387207031,85.45313262939453,38.308738708496094,31.413982391357422,33.259857177734375
2023-03-15,25.62644386291504,74.031494140625,64.36715698242188,31.447595596313477,33.21917724609375
2023-03-16,28.733102798461914,76.78384399414062,31.409889221191406,34.3360595703125,31.12151527404785
2023-03-17,32.79501724243164,79.25679016113281,29.444055557250977,38.8508415222168,35.558040618896484
2023-03-20,28.852218627929688,76.4931411743164,37.067134857177734,31.415987014770508,28.980968475341797
2023-03-21,36.72398376464844,80.39509582519531,38.9937629699707,36.21776580810547,39.36819839477539
2023-03-22,37.32026672363281,76.98728942871094,44.82710647583008,39.35599136352539,40.977237701416016
2023-03-23,46.29790496826172,81.9955062866211,55.226722717285156,46.36933898925781,47.83903121948242
2023-03-24,45.91984176635742,76.14431762695312,32.958370208740234,40.71101760864258,35.87058639526367
2023-03-27,28.327228546142578,79.44064331054688,32.09144973754883,33.69554138183594,33.06332015991211
2023-03-28,27.550125122070312,77.96424102783203,29.29490852355957,35.4911003112793,34.371543884277344
2023-03-29,35.972801208496094,77.18045806884766,43.99158477783203,45.581016540527344,42.01659393310547
2023-03-31,60.79792404174805,107.21068572998047,81.2482681274414,72.5423355102539,64.43919372558594
2023-04-03,46.04912185668945,95.38414001464844,57.598331451416016,58.9336051940918,48.018062591552734
2023-04-05,68.4389419555664,86.0786361694336,73.20037841796875,70.7199478149414,77.70079040527344
2023-04-06,76.71114349365234,93.190673828125,86.62020874023438,79.56039428710938,76.4734878540039
2023-04-10,50.1004524230957,92.20901489257812,63.45551681518555,58.267765045166016,50.183128356933594
2023-04-11,70.0888442993164,85.94329833984375,75.41917419433594,68.27530670166016,71.7815933227539
2023-04-12,61.173397064208984,83.04871368408203,64.44628143310547,60.736541748046875,63.028900146484375
2023-04-13,69.5636978149414,86.83428192138672,90.85818481445312,71.50135040283203,75.51628875732422
2023-04-17,64.48577117919922,88.71194458007812,56.9589958190918,53.10945129394531,51.36623764038086
2023-04-18,60.810123443603516,89.47028350830078,55.12868881225586,53.24379348754883,48.90556716918945
2023-04-19,63.559967041015625,72.71920013427734,79.83061218261719,58.37990188598633,66.26383209228516
2023-04-20,58.80081558227539,91.00917053222656,72.42179870605469,61.641197204589844,60.16444778442383
2023-04-21,62.34668731689453,74.84681701660156,62.505680084228516,65.28136444091797,67.21333312988281
2023-04-24,53.17051696777344,84.91565704345703,61.08333969116211,54.79340362548828,54.48385238647461
2023-04-25,67.25396728515625,71.5553970336914,69.8931655883789,58.61676788330078,67.05291748046875
2023-04-26,81.22909545898438,86.58283233642578,55.16336441040039,59.8819580078125,56.93046188354492
2023-04-27,75.42552185058594,80.7146224975586,65.50506591796875,71.07113647460938,81.23015594482422
2023-04-28,68.92364501953125,97.29071807861328,91.85914611816406,80.94329071044922,72.2504653930664
2023-05-02,79.02033233642578,92.93586730957031,74.20589447021484,78.60782623291016,79.94108581542969
2023-05-03,73.5958480834961,74.8989486694336,146.22544860839844,69.88591766357422,68.70848083496094
2023-05-04,70.89640808105469,98.32344055175781,102.89554595947266,81.4856948852539,69.5732421875
2023-05-05,66.31997680664062,82.90625762939453,59.7417106628418,73.35585021972656,70.6977310180664
2023-05-08,54.451045989990234,82.45201110839844,58.349647521972656,61.930667877197266,52.66294860839844
2023-05-09,54.70034408569336,84.78916931152344,165.71827697753906,61.024330139160156,61.24891662597656
2023-05-10,51.99062728881836,81.16767120361328,63.41618728637695,59.93772888183594,51.846343994140625
2023-05-11,53.340057373046875,88.0658950805664,67.072021484375,57.105125427246094,53.438941955566406
2023-05-12,62.421382904052734,87.11177825927734,65.38269805908203,67.89906311035156,67.5732421875
2023-05-15,52.1285514831543,89.99907684326172,57.48581314086914,58.752647399902344,50.52153015136719
2023-05-16,54.443851470947266,69.18435668945312,73.88587188720703,53.74592971801758,56.196014404296875
2023-05-17,50.446407318115234,82.75566101074219,58.33961868286133,49.43966293334961,47.51785659790039
2023-05-18,56.0872917175293,70.37129211425781,66.32943725585938,58.27918243408203,56.61837387084961
2023-05-19,54.839454650878906,83.64724731445312,62.69278335571289,58.36338806152344,61.578330993652344
2023-05-22,59.72822189331055,77.91849517822266,51.64350509643555,55.555572509765625,52.36993408203125
2023-05-23,58.61845016479492,70.96991729736328,65.92290496826172,54.79927062988281,59.55652618408203
2023-05-24,51.95016098022461,73.86953735351562,58.85661697387695,52.641788482666016,54.53909683227539
2023-05-25,49.76945877075195,68.74675750732422,53.57895278930664,55.8845100402832,55.96075439453125
2023-05-26,62.21059036254883,74.13861846923828,58.81271743774414,66.02818298339844,60.510345458984375
2023-05-29,58.809844970703125,74.70388793945312,53.7415657043457,62.693790435791016,58.73814010620117
2023-05-30,50.91999435424805,60.25275421142578,77.70125579833984,47.97232437133789,52.50714874267578
2023-05-31,42.687618255615234,60.02164840698242,43.03666687011719,47.03282165527344,47.63239288330078
2023-06-01,43.72252655029297,67.73725128173828,60.570316314697266,52.86714172363281,49.66490173339844
2023-06-02,63.48770523071289,81.03480529785156,69.21864318847656,69.62678527832031,69.54132080078125
2023-06-05,54.37794876098633,86.47708129882812,78.97169494628906,59.39472579956055,55.22842025756836
2023-06-06,47.112648010253906,87.31574249267578,56.932456970214844,61.899436950683594,53.85686492919922
2023-06-07,52.75375747680664,85.84529876708984,61.10440444946289,67.62744140625,54.2879524230957
2023-06-08,60.793880462646484,72.63326263427734,68.90841674804688,71.02122497558594,65.24526977539062
2023-06-09,67.52165222167969,75.73898315429688,98.85545349121094,67.77079010009766,62.69633102416992
2023-06-12,38.05022430419922,93.83783721923828,48.374916076660156,52.276954650878906,45.26020812988281
2023-06-13,58.037353515625,95.01553344726562,58.35359573364258,62.703792572021484,62.449886322021484
2023-06-14,52.4756965637207,70.15876770019531,80.10565185546875,59.158180236816406,59.91252136230469
2023-06-15,53.77260971069336,68.42060089111328,59.6835823059082,60.4401969909668,55.76029586791992
2023-06-16,45.4550895690918,69.57952880859375,48.47678756713867,54.14253234863281,51.33005905151367
2023-06-19,41.08986282348633,73.52471923828125,129.8897247314453,49.3616828918457,43.57584762573242
2023-06-20,50.60648727416992,60.74940490722656,64.91619110107422,57.752376556396484,51.792091369628906
2023-06-21,47.31219482421875,75.63282775878906,51.98523712158203,54.521507263183594,50.167945861816406
2023-06-22,44.53762435913086,77.93106842041016,47.82448959350586,46.2070426940918,43.14518356323242
2023-06-23,43.53493118286133,73.82624816894531,43.12926483154297,47.287899017333984,49.506439208984375
2023-06-26,42.42381286621094,67.87294006347656,74.98856353759766,46.76996994018555,47.21746063232422
2023-06-27,46.77736282348633,69.4834213256836,60.96976852416992,54.39157485961914,51.87752914428711
2023-06-28,51.19156265258789,73.42689514160156,54.943382263183594,56.75904083251953,53.94138717651367
2023-06-30,79.5660629272461,87.55453491210938,73.60668182373047,80.8622817993164,74.7902603149414
2023-07-03,51.40386962890625,88.31690979003906,60.89643096923828,60.73277282714844,57.829891204833984
2023-07-04,53.84941864013672,84.9604263305664,78.93097686767578,59.15971755981445,57.44429016113281
2023-07-05,52.39583206176758,91.25452423095703,166.06521606445312,63.7384147644043,59.83156967163086
2023-07-06,58.490726470947266,94.89875793457031,68.5962142944336,71.31948852539062,61.49394989013672
2023-07-07,51.05958938598633,86.96205139160156,54.595794677734375,57.38689041137695,53.27369689941406
2023-07-10,55.669761657714844,87.71964263916016,62.07307052612305,60.95750427246094,61.10419845581055
2023-07-11,49.00996017456055,85.82005310058594,61.69338607788086,58.73050308227539,50.67021179199219
2023-07-12,49.2264289855957,69.3393325805664,46.986534118652344,54.17151641845703,51.58362579345703
2023-07-13,50.185035705566406,91.08750915527344,53.629154205322266,56.614990234375,50.59226989746094
2023-07-14,67.4920883178711,79.51683044433594,59.691036224365234,63.57368087768555,63.94886016845703
2023-07-17,53.980308532714844,84.25186920166016,55.39641571044922,60.24859619140625,60.28194046020508
2023-07-18,60.18193054199219,88.661865234375,52.216758728027344,53.15070724487305,55.817684173583984
2023-07-19,43.410606384277344,66.89562225341797,48.336708068847656,53.438133239746094,58.16415786743164
2023-07-20,51.474761962890625,74.90188598632812,64.18314361572266,52.07540512084961,59.66036605834961
2023-07-21,43.667972564697266,75.75799560546875,67.72623443603516,48.06494903564453,47.785709381103516
2023-07-24,41.03705978393555,86.95362091064453,45.718238830566406,44.14791488647461,44.74318313598633
2023-07-25,40.963951110839844,67.37569427490234,54.17029571533203,45.33263397216797,45.99497985839844
2023-07-26,47.2308464050293,61.74351501464844,54.461036682128906,45.04027557373047,52.2665901184082
2023-07-27,42.59303665161133,74.62650299072266,40.72315979003906,43.365806579589844,36.883155822753906
2023-07-28,40.94683837890625,80.78268432617188,57.5671501159668,58.626827239990234,41.662132263183594
2023-07-31,44.35249710083008,72.87138366699219,43.646697998046875,56.82274627685547,45.16096878051758
2023-08-01,42.785400390625,78.91386413574219,57.25706100463867,60.8818244934082,43.690250396728516
2023-08-02,42.354007720947266,78.72920989990234,64.40265655517578,59.5848274230957,42.85194778442383
2023-08-03,49.45127868652344,81.47718811035156,69.35675811767578,56.1733512878418,44.89249038696289
2023-08-04,56.27431869506836,88.80814361572266,58.89459228515625,69.26209259033203,62.82554626464844
2023-08-07,43.37894821166992,81.74224853515625,55.9952392578125,61.64573287963867,50.69770431518555
2023-08-08,52.83391571044922,83.43147277832031,52.79273223876953,67.91007232666016,54.4653434753418
2023-08-09,59.995487213134766,67.75843811035156,46.131534576416016,61.1568603515625,55.971221923828125
2023-08-10,41.39826583862305,85.31170654296875,48.77558135986328,62.15132141113281,47.2037467956543
2023-08-11,50.23137283325195,83.895751953125,75.4078140258789,53.50294494628906,51.58863830566406
2023-08-14,54.915035247802734,75.82642364501953,85.5527572631836,51.64305877685547,51.88226318359375
2023-08-16,51.13901901245117,81.69985961914062,46.540523529052734,58.59984588623047,57.327125549316406
2023-08-17,51.186546325683594,75.30258178710938,48.87015914916992,55.928565979003906,52.883575439453125
2023-08-18,51.97060775756836,77.60586547851562,118.1417236328125,51.726383209228516,54.81924819946289
2023-08-21,54.776058197021484,66.59815979003906,50.961761474609375,60.7147331237793,58.267574310302734
2023-08-22,49.417903900146484,72.56755828857422,58.04591751098633,53.89152908325195,53.556671142578125
2023-08-23,56.253421783447266,67.0652847290039,47.700618743896484,50.46296691894531,57.10698699951172
2023-08-24,45.26760482788086,59.89212417602539,42.80399703979492,49.39047622680664,48.51903533935547
2023-08-25,41.0057258605957,72.70641326904297,40.73188018798828,48.34280776977539,44.72101974487305
2023-08-28,37.15303039550781,72.6617660522461,36.94380187988281,42.10869216918945,41.194541931152344
2023-08-29,42.1455192565918,66.74131774902344,39.48041915893555,46.06770706176758,46.26438903808594
2023-08-30,42.647682189941406,61.212257385253906,38.8853759765625,44.58104705810547,42.790565490722656
2023-08-31,37.1340446472168,73.1405258178711,40.03043746948242,42.0625,34.90657043457031
2023-09-01,59.75815200805664,80.30687713623047,61.97239303588867,59.9501953125,62.398681640625
2023-09-04,45.281822204589844,77.9728012084961,54.03795623779297,55.29936981201172,43.46326446533203
2023-09-05,45.638797760009766,79.07923126220703,50.84843063354492,54.66666030883789,41.9969596862793
2023-09-06,55.565765380859375,79.47795104980469,61.207359313964844,62.7000732421875,59.89781951904297
2023-09-07,64.09473419189453,85.26580047607422,169.83164978027344,66.9372787475586,51.48358154296875
2023-09-08,59.431793212890625,79.36270141601562,60.7121467590332,56.299659729003906,59.308589935302734
2023-09-11,65.72967529296875,75.8889389038086,104.22274780273438,71.72483825683594,68.12245178222656
2023-09-12,58.74352264404297,80.79915618896484,57.78253173828125,61.443870544433594,62.6338996887207
2023-09-13,53.69291687011719,60.04383850097656,44.563350677490234,54.8791389465332,62.81075668334961
2023-09-14,56.019474029541016,75.55736541748047,51.346378326416016,52.54930114746094,53.089237213134766
2023-09-15,59.69264221191406,76.67290496826172,64.02416229248047,60.47528076171875,58.039222717285156
2023-09-18,50.5712776184082,83.65126037597656,50.916175842285156,57.82564163208008,60.449119567871094
2023-09-20,40.06913757324219,74.6187973022461,60.924644470214844,45.28527069091797,45.16777801513672
2023-09-21,48.28890609741211,71.91039276123047,39.87798309326172,50.688594818115234,54.94987487792969
2023-09-22,36.951438903808594,84.78878021240234,142.74603271484375,45.43197250366211,41.431705474853516
2023-09-25,37.183109283447266,78.20308685302734,32.64078903198242,39.44686508178711,36.91774368286133
2023-09-26,42.80771255493164,71.61331939697266,42.58391189575195,40.815216064453125,44.89481735229492
2023-09-27,35.453453063964844,67.93431091308594,47.02562713623047,36.67677688598633,37.801639556884766
2023-09-28,30.985626220703125,75.44927215576172,28.369050979614258,35.594093322753906,31.354854583740234
2023-09-29,46.68879699707031,80.08307647705078,57.88810348510742,57.40826416015625,54.046878814697266
2023-10-03,26.224214553833008,70.42943572998047,35.29570007324219,27.547216415405273,24.692249298095703
2023-10-04,23.207075119018555,67.0732421875,30.682201385498047,27.75006103515625,23.602975845336914
2023-10-05,29.589059829711914,74.64508819580078,33.07355880737305,39.65815353393555,29.994009017944336
2023-10-06,30.5761775970459,64.80513763427734,34.81989288330078,34.732276916503906,34.22200012207031
2023-10-09,17.764007568359375,66.95380401611328,21.636981964111328,25.94075584411621,22.118938446044922
2023-10-10,17.54444694519043,63.74356460571289,19.852872848510742,27.0263729095459,23.020296096801758
2023-10-11,26.946258544921875,68.04560089111328,24.355741500854492,28.41911506652832,25.0074462890625
2023-10-12,22.50883674621582,68.06446075439453,37.442073822021484,31.658329010009766,31.164321899414062
2023-10-13,28.478361129760742,66.19178771972656,42.96086502075195,32.60213088989258,29.58905029296875
2023-10-16,21.54206657409668,70.46440124511719,25.925065994262695,28.783180236816406,24.978015899658203
2023-10-17,25.396947860717773,67.21200561523438,35.28526306152344,32.825984954833984,26.844709396362305
2023-10-18,18.005252838134766,62.76747131347656,20.76957130432129,24.479873657226562,19.054853439331055
2023-10-19,19.77665138244629,70.05677795410156,18.75000762939453,27.725746154785156,22.69738006591797
2023-10-20,17.84006690979004,65.86051940917969,19.05299949645996,24.623367309570312,20.7895565032959
2023-10-23,12.308185577392578,65.37051391601562,19.197677612304688,19.24852180480957,15.662190437316895
2023-10-25,10.832387924194336,64.32825469970703,91.354248046875,16.34581756591797,12.878689765930176
2023-10-26,11.321741104125977,70.57125854492188,12.314608573913574,16.959684371948242,12.6983003616333
2023-10-27,15.172951698303223,68.10257720947266,15.58758544921875,25.245759963989258,17.528108596801758
2023-10-30,13.865986824035645,69.05426788330078,16.839914321899414,24.899213790893555,16.771669387817383
2023-10-31,13.427003860473633,66.88521575927734,27.06624412536621,22.228116989135742,18.0389347076416
2023-11-01,11.112505912780762,69.84703063964844,13.357407569885254,20.709671020507812,16.012556076049805
2023-11-02,13.778430938720703,73.23243713378906,17.288331985473633,24.707992553710938,16.168315887451172
2023-11-03,18.38570213317871,65.4453125,22.63272476196289,28.111265182495117,21.309755325317383
2023-11-06,16.44443702697754,67.76177978515625,21.559541702270508,28.570945739746094,22.25737190246582
2023-11-07,18.511072158813477,66.21398162841797,19.214242935180664,27.040266036987305,21.767990112304688
2023-11-08,20.86180305480957,62.58946990966797,104.84298706054688,30.972476959228516,21.733659744262695
2023-11-09,18.797449111938477,63.30895233154297,19.37802505493164,27.335296630859375,21.7091064453125
2023-11-10,22.378753662109375,69.16619873046875,27.488088607788086,31.679786682128906,26.322595596313477
2023-11-13,16.561233520507812,68.09259796142578,31.718017578125,26.497835159301758,19.862377166748047
2023-11-15,19.65018081665039,54.74250030517578,21.300201416015625,27.90387725830078,25.134605407714844
2023-11-16,18.43894386291504,64.40629577636719,20.093753814697266,28.410398483276367,19.872053146362305
2023-11-17,20.69500160217285,67.90261840820312,37.53242492675781,28.602222442626953,23.10589027404785
2023-11-20,18.272315979003906,65.4496078491211,100.75015258789062,24.661630630493164,18.861921310424805
2023-11-21,19.507469177246094,65.3977279663086,21.54824447631836,26.520959854125977,21.964935302734375
2023-11-22,21.14815330505371,65.32264709472656,22.93388557434082,20.894283294677734,17.97064208984375
2023-11-23,19.10901641845703,68.0545654296875,27.97854232788086,24.053142547607422,19.077993392944336
2023-11-24,19.909225463867188,63.77045822143555,18.432476043701172,24.021883010864258,21.715919494628906
2023-11-28,22.406967163085938,67.00343322753906,24.87481117248535,28.420557022094727,22.523948669433594
2023-11-29,22.628341674804688,65.8106918334961,32.21822738647461,30.225000381469727,22.592649459838867
2023-11-30,18.662572860717773,69.39374542236328,21.754554748535156,26.221887588500977,16.549808502197266
2023-12-01,15.971159934997559,66.5317153930664,24.763656616210938,23.933380126953125,17.269014358520508
2023-12-04,14.372928619384766,60.627410888671875,25.579986572265625,27.37517547607422,19.40401840209961
2023-12-05,13.028190612792969,62.47345733642578,29.639564514160156,22.775278091430664,16.802881240844727
2023-12-06,16.968021392822266,66.21533203125,19.758563995361328,24.227869033813477,17.6512508392334
2023-12-07,18.816001892089844,76.21027374267578,20.84573745727539,28.257566452026367,19.313753128051758
2023-12-08,16.408559799194336,70.06430053710938,53.266719818115234,27.597272872924805,20.814950942993164
2023-12-11,12.857950210571289,67.16012573242188,14.347450256347656,21.450841903686523,16.643688201904297
2023-12-12,23.34031105041504,73.38700866699219,23.36199378967285,30.05322265625,23.35036277770996
2023-12-13,28.662389755249023,72.12007141113281,32.52916717529297,36.6483039855957,31.26561164855957
2023-12-14,36.48701477050781,79.26444244384766,41.04179382324219,44.9869270324707,31.38019371032715
2023-12-15,26.869930267333984,71.58401489257812,58.82631301879883,30.34995460510254,24.465652465820312
2023-12-18,17.133867263793945,72.28555297851562,23.590511322021484,24.722660064697266,19.82621192932129
2023-12-19,24.248178482055664,78.14332580566406,27.682727813720703,24.329795837402344,22.585697174072266
2023-12-20,32.034000396728516,84.27079010009766,34.51455307006836,38.67863082885742,33.97539138793945
2023-12-21,39.30577087402344,92.16177368164062,41.505210876464844,47.27351379394531,38.61165237426758
2023-12-22,34.596900939941406,90.97323608398438,41.14352798461914,40.74174118041992,32.648162841796875
2023-12-26,29.62456512451172,87.46003723144531,33.79857635498047,33.618385314941406,31.296974182128906
2023-12-27,49.33475875854492,90.11456298828125,57.013492584228516,41.97905349731445,39.87303924560547
2023-12-28,34.3891487121582,86.33576965332031,41.09098434448242,40.741825103759766,32.28145980834961
2023-12-29,32.827232360839844,99.30672454833984,45.6372184753418,36.654293060302734,32.504310607910156
2024-01-01,41.48337936401367,111.9044418334961,41.5916633605957,44.10868453979492,41.119422912597656
2024-01-02,25.676982879638672,99.74158477783203,30.124868392944336,22.411130905151367,22.784143447875977
2024-01-03,15.676180839538574,89.41966247558594,19.518156051635742,19.46369171142578,21.147335052490234
2024-01-04,27.01970672607422,93.77024841308594,33.31200408935547,31.090465545654297,27.12015724182129
2024-01-05,14.33723258972168,83.5183334350586,21.31768798828125,20.091506958007812,17.636184692382812
2024-01-08,13.51279067993164,89.46774291992188,19.604503631591797,17.186017990112305,15.97720718383789
2024-01-09,16.167428970336914,89.80656433105469,56.62892150878906,22.2684268951416,19.85826873779297
2024-01-10,20.16587257385254,87.32746887207031,37.85820388793945,22.811626434326172,18.2060489654541
2024-01-11,8.65259075164795,89.76469421386719,43.32157897949219,16.527008056640625,13.692955017089844
2024-01-12,17.405353546142578,89.28614044189453,30.843486785888672,22.184295654296875,18.53114128112793
2024-01-15,16.02927589416504,87.80621337890625,22.685562133789062,19.752965927124023,23.86890411376953
2024-01-16,18.32967185974121,83.06945037841797,19.01247787475586,14.14670181274414,16.100513458251953
2024-01-17,22.219894409179688,95.53636932373047,27.596214294433594,22.456798553466797,25.64179801940918
2024-01-18,30.75912857055664,95.52422332763672,35.26838684082031,30.870502471923828,29.398082733154297
2024-01-19,21.448537826538086,94.2723388671875,31.001087188720703,27.236928939819336,22.516796112060547
2024-01-23,19.02118682861328,90.72135162353516,130.802978515625,18.94137954711914,19.707839965820312
2024-01-24,23.897977828979492,91.11764526367188,23.707990646362305,25.140663146972656,25.98722267150879
2024-01-25,18.7313175201416,92.17675018310547,56.6790771484375,21.13998031616211,18.77747917175293
2024-01-29,26.00894546508789,102.75088500976562,32.42546844482422,31.905811309814453,22.78107452392578
2024-01-30,28.02691650390625,103.43936157226562,22.379865646362305,30.882184982299805,24.70236587524414
2024-01-31,29.312652587890625,103.16383361816406,24.40004539489746,30.87137222290039,23.406326293945312
2024-02-01,12.795639991760254,93.60856628417969,12.576157569885254,15.81129264831543,12.191790580749512
2024-02-02,24.060710906982422,99.61225128173828,44.056793212890625,21.166040420532227,15.902503967285156
2024-02-05,17.604307174682617,95.42259216308594,19.96822738647461,20.079914093017578,17.6108341217041
2024-02-06,24.025876998901367,100.64790344238281,27.22002410888672,25.020633697509766,25.1406307220459
2024-02-07,22.152833938598633,94.47701263427734,31.827943801879883,25.189876556396484,25.47338104248047
2024-02-08,31.13374900817871,106.06999206542969,44.891727447509766,31.76580047607422,31.695842742919922
2024-02-09,21.679515838623047,102.18075561523438,35.84645462036133,26.395410537719727,23.89845848083496
2024-02-12,32.196292877197266,106.9552230834961,43.985069274902344,35.052818298339844,34.387454986572266
2024-02-13,21.897907257080078,93.60070037841797,30.315454483032227,22.760826110839844,24.83303451538086
2024-02-14,36.09524154663086,102.0631103515625,32.37106704711914,31.98226547241211,30.376033782958984
2024-02-15,40.33753967285156,104.2649154663086,38.451148986816406,39.996788024902344,34.598087310791016
2024-02-16,28.987253189086914,100.21705627441406,26.640233993530273,28.646738052368164,31.930315017700195
2024-02-19,33.70366287231445,95.8720474243164,35.97523880004883,31.941932678222656,32.694793701171875
2024-02-20,23.649839401245117,93.27987670898438,36.951053619384766,27.761764526367188,27.27454376220703
2024-02-21,27.80940818786621,97.81045532226562,36.582618713378906,28.694927215576172,30.863903045654297
2024-02-22,24.177928924560547,96.53059387207031,29.27650260925293,27.767316818237305,28.14974021911621
2024-02-23,24.845962524414062,94.71107482910156,28.243257522583008,26.761531829833984,25.554636001586914
2024-02-26,35.732269287109375,98.54231262207031,35.38671875,33.09318542480469,33.26494216918945
2024-02-27,27.560733795166016,86.3656234741211,30.677579879760742,29.015687942504883,27.071184158325195
2024-02-28,22.46175193786621,96.8873291015625,23.959796905517578,24.359832763671875,23.488201141357422
2024-02-29,38.62607955932617,102.30268859863281,29.466419219970703,34.096771240234375,42.666343688964844
2024-03-01,23.936721801757812,92.84547424316406,46.137142181396484,23.487693786621094,25.99180030822754
2024-03-04,24.43209457397461,97.28101348876953,25.67436981201172,24.97015380859375,26.06450843811035
2024-03-05,28.386354446411133,95.04024505615234,51.82874298095703,28.88196563720703,27.402063369750977
2024-03-06,34.6695671081543,98.64118194580078,53.324485778808594,36.536346435546875,33.47172546386719
2024-03-07,24.495248794555664,93.36323547363281,45.386600494384766,32.54368591308594,26.599292755126953
2024-03-11,33.03261947631836,103.06571960449219,37.16394805908203,33.82423782348633,35.51005935668945
2024-03-12,30.039634704589844,94.96678161621094,36.848716735839844,31.430641174316406,28.762001037597656
2024-03-13,39.834495544433594,97.50847625732422,43.15388488769531,32.63973617553711,40.15098190307617
2024-03-14,40.74583435058594,107.53433227539062,46.35722732543945,36.86237716674805,37.67621612548828
2024-03-15,35.77641296386719,98.4604263305664,43.64925003051758,38.76347351074219,36.793174743652344
2024-03-18,29.076173782348633,95.7796401977539,39.912349700927734,29.595327377319336,30.21286964416504
2024-03-19,33.708194732666016,101.15782165527344,34.89752960205078,30.57182502746582,29.999629974365234
2024-03-20,25.5797061920166,96.06523132324219,30.333589553833008,26.6424503326416,23.56709861755371
2024-03-21,34.61736297607422,99.60916900634766,43.60636901855469,36.84746170043945,33.52177047729492
2024-03-22,32.77880096435547,93.96060180664062,35.75012969970703,29.520645141601562,23.72224998474121
2024-03-26,37.50510025024414,97.6540756225586,34.62181091308594,39.20995330810547,32.7590446472168
2024-03-27,32.11483383178711,91.30853271484375,126.78697967529297,33.521446228027344,27.51927947998047
2024-03-28,17.343395233154297,84.79117584228516,19.142330169677734,21.31820297241211,18.270917892456055
2024-04-01,23.205469131469727,93.78980255126953,65.72824096679688,40.3221321105957,31.154827117919922
2024-04-02,24.519865036010742,93.32234191894531,30.497058868408203,36.47012710571289,30.211902618408203
2024-04-03,28.954084396362305,86.59696197509766,31.719717025756836,41.42055892944336,33.16218948364258
2024-04-04,31.913726806640625,96.47032928466797,30.425025939941406,44.880855560302734,32.558231353759766
2024-04-05,31.21059799194336,96.27334594726562,44.12205505371094,43.951805114746094,36.6737174987793
2024-04-08,27.421817779541016,89.9232177734375,31.04551887512207,37.44367980957031,31.685510635375977
2024-04-09,28.1184139251709,89.09895324707031,22.53847885131836,37.176822662353516,29.08028793334961
2024-04-10,28.141366958618164,87.67188262939453,29.129215240478516,46.17658615112305,34.35090255737305
2024-04-12,26.474702835083008,95.99767303466797,33.67125701904297,33.98056411743164,26.09032440185547
2024-04-15,23.368566513061523,101.04710388183594,31.12045669555664,33.14842987060547,24.011871337890625
2024-04-16,17.94074058532715,94.36524963378906,20.30862808227539,27.649011611938477,21.013460159301758
2024-04-18,24.60716438293457,105.60015869140625,37.96392822265625,32.973758697509766,23.894075393676758
2024-04-19,20.965465545654297,97.24485778808594,23.043907165527344,27.014537811279297,21.54421615600586
2024-04-22,19.62643814086914,90.48578643798828,21.910964965820312,27.355573654174805,22.217647552490234
2024-04-23,21.306602478027344,82.3641586303711,24.22149658203125,29.428316116333008,25.13843536376953
2024-04-24,21.078710556030273,79.11778259277344,29.82669448852539,32.6356201171875,24.881345748901367
2024-04-25,24.96185874938965,80.66960906982422,27.343036651611328,35.69224548339844,26.29222869873047
2024-04-26,17.578317642211914,99.07485961914062,18.374589920043945,30.6568660736084,19.857223510742188
2024-04-29,16.92428207397461,92.70176696777344,26.027244567871094,34.62770462036133,22.504947662353516
2024-04-30,21.89238166809082,94.49337768554688,28.910457611083984,36.11811447143555,24.142820358276367
2024-05-02,23.221994400024414,106.67079162597656,24.26622772216797,34.60383224487305,24.941150665283203
2024-05-03,36.340782165527344,109.82925415039062,31.215274810791016,38.07879638671875,36.79506301879883
2024-05-06,33.6418571472168,115.44112396240234,33.56199645996094,37.08487319946289,34.90188217163086
2024-05-07,39.67853927612305,115.84576416015625,45.95244216918945,38.501853942871094,39.90235900878906
2024-05-08,41.77602005004883,113.52030944824219,38.964962005615234,42.743309020996094,44.90936279296875
2024-05-09,51.16685104370117,129.67022705078125,49.319129943847656,52.32053756713867,53.26445007324219
2024-05-10,56.15029525756836,115.7458724975586,64.5695571899414,50.91415023803711,49.05065155029297
2024-05-13,61.021217346191406,142.5026397705078,53.93766784667969,61.77415084838867,60.23822021484375
2024-05-14,58.47821807861328,129.4840850830078,68.95616912841797,59.85414505004883,57.99946975708008
2024-05-15,56.54047393798828,126.83299255371094,59.14995574951172,58.63883590698242,65.62068176269531
2024-05-16,54.05903244018555,131.6813201904297,45.45401382446289,56.50483322143555,54.458648681640625
2024-05-17,41.19346237182617,127.34898376464844,48.51106262207031,45.35127258300781,45.53739547729492
2024-05-21,67.31800079345703,130.89657592773438,58.543418884277344,63.533660888671875,60.54124069213867
2024-05-22,59.575523376464844,120.58732604980469,51.766780853271484,62.18281555175781,57.72356033325195
2024-05-23,46.318824768066406,122.61494445800781,50.647850036621094,56.53243637084961,53.15801239013672
2024-05-24,61.9132194519043,128.89376831054688,58.78524398803711,65.22382354736328,61.202613830566406
2024-05-27,79.1241455078125,139.7093048095703,83.19414520263672,72.00138854980469,68.79981231689453
2024-05-28,85.84825897216797,143.1095428466797,84.39203643798828,84.88362884521484,80.2685546875
2024-05-29,84.84038543701172,147.9396209716797,86.94173431396484,93.66035461425781,82.86566925048828
2024-05-30,93.55341339111328,166.02981567382812,75.2720947265625,102.11474609375,85.07025146484375
2024-05-31,119.47755432128906,176.12869262695312,87.65978240966797,126.08113098144531,84.09404754638672
2024-06-03,66.79683685302734,131.8179473876953,60.28837585449219,89.3286361694336,52.44041442871094
2024-06-04,75.50184631347656,142.4314727783203,60.292396545410156,78.60177612304688,64.61720275878906
2024-06-05,37.360252380371094,117.93636322021484,43.655006408691406,36.327903747558594,28.29806137084961
2024-06-06,32.55855178833008,118.31188201904297,28.76273536682129,39.78346252441406,38.86579132080078
2024-06-07,46.46110916137695,119.22927856445312,45.90229034423828,52.66389083862305,49.54062271118164
2024-06-10,41.390052795410156,112.16548919677734,55.95481491088867,49.963932037353516,39.73373794555664
2024-06-11,40.57179641723633,102.64285278320312,54.98906707763672,48.104740142822266,37.50790786743164
2024-06-12,49.29351806640625,94.33235168457031,61.83578872680664,51.27853012084961,47.28001403808594
2024-06-13,51.11408233642578,107.04518127441406,51.89452362060547,75.04729461669922,60.98174285888672
2024-06-14,59.9731559753418,107.70301818847656,60.77193832397461,73.27291107177734,64.68468475341797
2024-06-18,50.62725067138672,92.10904693603516,46.3489990234375,59.438880920410156,56.77590560913086
2024-06-19,48.03746032714844,79.51080322265625,63.818702697753906,58.202796936035156,54.14988708496094
2024-06-20,57.84001541137695,107.62711334228516,68.53038024902344,59.202484130859375,58.20359802246094
2024-06-21,59.32680892944336,99.27440643310547,64.61103820800781,62.33047103881836,67.1030044555664
2024-06-24,38.7288818359375,93.15530395507812,37.66342544555664,51.61152267456055,50.284278869628906
2024-06-25,43.58095169067383,86.78253936767578,40.16973876953125,51.42595672607422,48.35057067871094
2024-06-26,52.63814926147461,86.46633911132812,46.788421630859375,52.90205001831055,55.19078826904297
2024-06-27,72.0361099243164,98.08975219726562,58.84659957885742,69.62647247314453,67.7697982788086
2024-06-28,62.922386169433594,111.40896606445312,54.95947265625,64.62808227539062,61.390533447265625
2024-07-01,48.36456298828125,106.54986572265625,63.138710021972656,62.11433029174805,50.917083740234375
2024-07-02,56.13511657714844,104.45716094970703,63.915157318115234,65.15550231933594,60.3462028503418
2024-07-03,65.41351318359375,119.1655044555664,70.55599975585938,72.82545471191406,70.17918395996094
2024-07-04,56.94453430175781,110.68359375,54.32722091674805,77.80545043945312,58.646240234375
2024-07-05,64.100830078125,121.92473602294922,59.42431640625,69.24974060058594,69.0188980102539
