run,model,date,V_m,c0,c1,beta
ctx,arbnet_density,2019-01-01,0.009839070960879326,0.017882341518998146,0.0019345880718901753,
ctx,arbnet_density,2019-01-02,0.01619933359324932,0.01235711108893156,0.0852571576833725,
ctx,arbnet_density,2019-01-03,0.0047222767025232315,0.017917092889547348,0.00201175594702363,
ctx,arbnet_density,2019-01-04,0.011070878244936466,0.018628913909196854,0.00044587752199731767,
ctx,arbnet_density,2019-01-07,0.007943207398056984,0.017715707421302795,0.0015039932914078236,
ctx,arbnet_density,2019-01-08,0.019958067685365677,0.012380042113363743,0.07784368842840195,
ctx,arbnet_density,2019-01-09,0.021497685462236404,0.01010925229638815,0.02279837429523468,
ctx,arbnet_density,2019-01-10,0.009062444791197777,0.011944728903472424,0.06775759160518646,
ctx,arbnet_density,2019-01-11,0.008706210181117058,0.011719849891960621,0.0205801073461771,
ctx,arbnet_density,2019-01-14,0.015093620866537094,0.01836467906832695,0.0004939055070281029,
ctx,arbnet_density,2019-01-15,0.015663567930459976,0.016518454998731613,0.00017624387692194432,
ctx,arbnet_density,2019-01-16,0.008564808405935764,0.013041031546890736,0.06500501185655594,
ctx,arbnet_density,2019-01-17,0.008247701451182365,0.01278761401772499,0.02136552892625332,
ctx,arbnet_density,2019-01-18,0.00653815409168601,0.010405173525214195,0.061275266110897064,
ctx,arbnet_density,2019-01-21,0.016655435785651207,0.019128141924738884,0.007528319954872131,
ctx,arbnet_density,2019-01-22,0.011892827227711678,0.02038896270096302,0.0010835569119080901,
ctx,arbnet_density,2019-01-23,0.003744453890249133,0.020012136548757553,0.0008754032896831632,
ctx,arbnet_density,2019-01-24,0.005590023472905159,0.018675394356250763,0.007144082337617874,
ctx,arbnet_density,2019-01-25,0.017901485785841942,0.019319534301757812,0.0006215720786713064,
ctx,arbnet_density,2019-01-28,0.010312419384717941,0.022712597623467445,4.1966053686337546e-05,
ctx,arbnet_density,2019-01-29,0.00521782785654068,0.021469686180353165,1.9723258446902037e-05,
ctx,arbnet_density,2019-01-30,0.012719208374619484,0.020258523523807526,7.797468424541876e-05,
ctx,arbnet_density,2019-01-31,0.013684704899787903,0.01037788949906826,0.08442003279924393,
ctx,arbnet_density,2019-02-01,0.014961598441004753,0.0019324466120451689,0.08326400816440582,
ctx,arbnet_density,2019-02-04,0.015454588457942009,0.005473056808114052,0.06780119240283966,
ctx,arbnet_density,2019-02-05,0.0074972654692828655,0.008623814210295677,0.06481336802244186,
ctx,arbnet_density,2019-02-06,0.007778672967106104,0.008033168502151966,0.03951013833284378,
ctx,arbnet_density,2019-02-07,0.013045393861830235,0.008588619530200958,0.06771299242973328,
ctx,arbnet_density,2019-02-08,0.006530962884426117,0.007154068909585476,0.08363749086856842,
ctx,arbnet_density,2019-02-11,0.009207014925777912,0.01495173666626215,0.04356831684708595,
ctx,arbnet_density,2019-02-12,0.020714305341243744,0.018820427358150482,0.005325607489794493,
ctx,arbnet_density,2019-02-13,2.9930288292234764e-05,0.012475117109715939,0.042520202696323395,
ctx,arbnet_density,2019-02-14,0.01650639995932579,0.014886554330587387,0.027997246012091637,
ctx,arbnet_density,2019-02-15,0.02891133911907673,0.013981577940285206,0.025003718212246895,
ctx,arbnet_density,2019-02-18,0.014222296886146069,0.018560148775577545,0.0116268964484334,
ctx,arbnet_density,2019-02-19,0.009685218334197998,0.015516920015215874,0.026452431455254555,
ctx,arbnet_density,2019-02-20,0.01620820164680481,0.016190042719244957,0.03641102835536003,
ctx,arbnet_density,2019-02-21,0.010214628651738167,0.013555621728301048,0.047577399760484695,
ctx,arbnet_density,2019-02-22,0.0211278535425663,0.013805215246975422,0.03070875070989132,
ctx,arbnet_density,2019-02-25,0.018515514209866524,0.013708866201341152,0.045373816043138504,
ctx,arbnet_density,2019-02-26,0.013933161273598671,0.015391052700579166,0.02454080618917942,
ctx,arbnet_density,2019-02-27,0.012622000649571419,0.0180854182690382,0.0008737975731492043,
ctx,arbnet_density,2019-02-28,0.013145867735147476,0.016076283529400826,0.008149692788720131,
ctx,arbnet_density,2019-03-01,0.02191067859530449,0.009674735367298126,0.06766117364168167,
ctx,arbnet_density,2019-03-05,0.030329536646604538,0.014115415513515472,0.026983138173818588,
ctx,arbnet_density,2019-03-06,0.02494974248111248,0.01325644925236702,0.03050222247838974,
ctx,arbnet_density,2019-03-07,0.01617532968521118,0.007835710421204567,0.08951887488365173,
ctx,arbnet_density,2019-03-08,0.016984596848487854,0.012711908668279648,0.0334828644990921,
ctx,arbnet_density,2019-03-11,0.018064584583044052,0.013355963863432407,0.03494967520236969,
ctx,arbnet_density,2019-03-12,0.018756480887532234,0.012033173814415932,0.07874687016010284,
ctx,arbnet_density,2019-03-13,0.025285258889198303,0.008848547004163265,0.0859583243727684,
ctx,arbnet_density,2019-03-14,0.01760856807231903,0.007473309990018606,0.09445293992757797,
ctx,arbnet_density,2019-03-15,0.018411900848150253,0.015343662351369858,0.026517633348703384,
ctx,arbnet_density,2019-03-18,0.009458190761506557,0.015792272984981537,0.020959321409463882,
ctx,arbnet_density,2019-03-19,0.0214654803276062,0.014403806068003178,0.01872205175459385,
ctx,arbnet_density,2019-03-20,0.00737678213045001,0.005319960415363312,0.10931992530822754,
ctx,arbnet_density,2019-03-22,0.006452599074691534,0.013785491697490215,0.024194935336709023,
ctx,arbnet_density,2019-03-25,0.005320841912180185,0.009589451365172863,0.10250774025917053,
ctx,arbnet_density,2019-03-26,0.006660934071987867,0.008296477608382702,0.10502169281244278,
ctx,arbnet_density,2019-03-27,0.006856883410364389,0.0063657090067863464,0.1272488832473755,
ctx,arbnet_density,2019-03-28,0.012218665331602097,0.021205592900514603,0.009558366611599922,
ctx,arbnet_density,2019-03-29,0.2236800342798233,0.014526911079883575,0.04876430705189705,
ctx,arbnet_density,2019-04-01,0.07228604704141617,0.013885590247809887,0.04790622740983963,
ctx,arbnet_density,2019-04-02,0.04250289872288704,0.015333986841142178,0.017299316823482513,
ctx,arbnet_density,2019-04-03,0.04656808078289032,0.018943769857287407,0.014598695561289787,
ctx,arbnet_density,2019-04-04,0.04211483523249626,0.011022265069186687,0.05925776809453964,
ctx,arbnet_density,2019-04-05,0.03369419649243355,0.012372903525829315,0.047668345272541046,
ctx,arbnet_density,2019-04-08,0.021565858274698257,0.00907538365572691,0.06766892969608307,
ctx,arbnet_density,2019-04-09,0.02348073571920395,0.009830811992287636,0.06450209766626358,
ctx,arbnet_density,2019-04-10,0.044487982988357544,0.018480073660612106,0.0004204004362691194,
ctx,arbnet_density,2019-04-11,0.030168402940034866,0.02083592675626278,0.0006166379316709936,
ctx,arbnet_density,2019-04-12,0.02899402193725109,0.012813705019652843,0.01337593887001276,
ctx,arbnet_density,2019-04-15,0.01802036724984646,0.007486500311642885,0.06466386467218399,
ctx,arbnet_density,2019-04-16,0.022315481677651405,0.012408317066729069,0.020897192880511284,
ctx,arbnet_density,2019-04-18,0.034051839262247086,0.012347809039056301,0.027722012251615524,
ctx,arbnet_density,2019-04-22,0.02345961146056652,0.01982729695737362,1.1656251444946975e-05,
ctx,arbnet_density,2019-04-23,0.02428567223250866,0.01584452949464321,0.0071772136725485325,
ctx,arbnet_density,2019-04-24,0.03229275718331337,0.009036029689013958,0.10462256520986557,
ctx,arbnet_density,2019-04-25,0.02366773970425129,0.013883033767342567,0.07502216845750809,
ctx,arbnet_density,2019-04-26,0.018046187236905098,0.020439472049474716,0.014622778631746769,
ctx,arbnet_density,2019-04-30,0.010948451235890388,0.01686795800924301,0.005582260433584452,
ctx,arbnet_density,2019-05-02,0.022206181660294533,0.0201986376196146,7.246700988616794e-05,
ctx,arbnet_density,2019-05-03,0.007322409190237522,0.020152075216174126,5.19069590154686e-06,
ctx,arbnet_density,2019-05-06,0.006331713404506445,0.024397198110818863,5.638009952235734e-06,
ctx,arbnet_density,2019-05-07,0.009369265288114548,0.01978580467402935,2.8255344659555703e-06,
ctx,arbnet_density,2019-05-08,0.008725724183022976,0.025273412466049194,3.702476533362642e-05,
ctx,arbnet_density,2019-05-09,0.002554606180638075,0.02340400405228138,4.180607356829569e-05,
ctx,arbnet_density,2019-05-10,0.01837620884180069,0.022798782214522362,0.00023762363707646728,
ctx,arbnet_density,2019-05-13,0.01445897575467825,0.021030211821198463,1.4564959201379679e-05,
ctx,arbnet_density,2019-05-14,0.011307429522275925,0.022461263462901115,1.2562654774228577e-05,
ctx,arbnet_density,2019-05-15,0.01342637836933136,0.02384389191865921,5.332593445928069e-06,
ctx,arbnet_density,2019-05-16,0.007215001154690981,0.021536393091082573,1.3410686733550392e-05,
ctx,arbnet_density,2019-05-17,0.0017926631262525916,0.022497525438666344,0.00010883722279686481,
ctx,arbnet_density,2019-05-20,0.0031023358460515738,0.04046003520488739,0.037664227187633514,
ctx,arbnet_density,2019-05-21,0.01933213137090206,0.04296569526195526,0.00013693797518499196,
ctx,arbnet_density,2019-05-22,0.0018295474583283067,0.03130347281694412,0.049907125532627106,
ctx,arbnet_density,2019-05-23,0.008948386646807194,0.03818042576313019,0.01776186004281044,
ctx,arbnet_density,2019-05-24,0.014567556791007519,0.03139997646212578,0.09033910185098648,
ctx,arbnet_density,2019-05-27,0.012089859694242477,0.023508045822381973,0.10858682543039322,
ctx,arbnet_density,2019-05-28,0.013004401698708534,0.027663620188832283,0.0828237310051918,
ctx,arbnet_density,2019-05-29,0.011105024255812168,0.018169837072491646,0.1659855842590332,
ctx,arbnet_density,2019-05-30,0.009694427251815796,0.02085237205028534,0.1709425449371338,
ctx,arbnet_density,2019-05-31,0.013164708390831947,0.024277692660689354,0.08386163413524628,
ctx,arbnet_density,2019-06-03,0.012326646596193314,0.03204694762825966,0.04501158744096756,
ctx,arbnet_density,2019-06-04,0.008301197551190853,0.023348527029156685,0.07735663652420044,
ctx,arbnet_density,2019-06-06,0.006697130389511585,0.03048466518521309,0.06527413427829742,
ctx,arbnet_density,2019-06-07,0.004497682210057974,0.03367023915052414,0.005897759925574064,
ctx,arbnet_density,2019-06-10,0.0038162574637681246,0.03299916163086891,0.00956281740218401,
ctx,arbnet_density,2019-06-11,0.004560666158795357,0.02370154857635498,0.04516933485865593,
ctx,arbnet_density,2019-06-12,0.003925279714167118,0.030884800478816032,0.001442412263713777,
ctx,arbnet_density,2019-06-13,0.005126896779984236,0.018738284707069397,0.0837763100862503,
ctx,arbnet_density,2019-06-14,0.0040589552372694016,0.023332558572292328,0.01199748832732439,
ctx,arbnet_density,2019-06-17,0.0027505208272486925,0.024997126311063766,0.06122332066297531,
ctx,arbnet_density,2019-06-18,0.00349076883867383,0.026035306975245476,0.00017936424410436302,
ctx,arbnet_density,2019-06-19,0.0023392881266772747,0.015843646600842476,0.08723613619804382,
ctx,arbnet_density,2019-06-20,0.007113451603800058,0.023934701457619667,0.010233143344521523,
ctx,arbnet_density,2019-06-21,0.0018204376101493835,0.022991223260760307,0.022749485448002815,
ctx,arbnet_density,2019-06-24,0.0021094216499477625,0.026121430099010468,0.0004992432077415287,
ctx,arbnet_density,2019-06-25,0.0020398024935275316,0.018387028947472572,0.07783941924571991,
ctx,arbnet_density,2019-06-26,0.0023703889455646276,0.02274988777935505,0.0001383888302370906,
ctx,arbnet_density,2019-06-27,0.0024024101439863443,0.023241132497787476,0.0004546679265331477,
ctx,arbnet_density,2019-06-28,0.02561030164361,0.019772158935666084,0.028982190415263176,
ctx,arbnet_density,2019-07-01,0.021624641492962837,0.020699262619018555,0.021178515627980232,
ctx,arbnet_density,2019-07-02,0.026528671383857727,0.016514291986823082,0.034292951226234436,
ctx,arbnet_density,2019-07-03,0.02431119792163372,0.019961724057793617,0.01394113153219223,
ctx,arbnet_density,2019-07-04,0.025673534721136093,0.015373139642179012,0.028032654896378517,
ctx,arbnet_density,2019-07-05,0.025652524083852768,0.01451651006937027,0.04743713513016701,
ctx,arbnet_density,2019-07-08,0.029333865270018578,0.017512012273073196,0.05145569518208504,
ctx,arbnet_density,2019-07-09,0.01724661886692047,0.0219163466244936,4.2813415348064154e-05,
ctx,arbnet_density,2019-07-10,0.03007417917251587,0.024759195744991302,0.00029551333864219487,
ctx,arbnet_density,2019-07-11,0.034401267766952515,0.012520316056907177,0.07496140897274017,
ctx,arbnet_density,2019-07-12,0.0605778768658638,0.01373433880507946,0.07589327543973923,
ctx,arbnet_density,2019-07-15,0.01689971424639225,0.011953666806221008,0.06781229376792908,
ctx,arbnet_density,2019-07-16,0.049182724207639694,0.023329926654696465,2.8567208573804237e-05,
ctx,arbnet_density,2019-07-17,0.03221648186445236,0.0110911400988698,0.07110989093780518,
ctx,arbnet_density,2019-07-18,0.03166167810559273,0.017748845741152763,0.012195391580462456,
ctx,arbnet_density,2019-07-19,0.041757434606552124,0.01789240352809429,0.026717640459537506,
ctx,arbnet_density,2019-07-22,0.0535736121237278,0.013843158259987831,0.07579374313354492,
ctx,arbnet_density,2019-07-23,0.03247741609811783,0.017852822318673134,0.01608497090637684,
ctx,arbnet_density,2019-07-24,0.060598574578762054,0.01066140178591013,0.09052346646785736,
ctx,arbnet_density,2019-07-25,0.03668408840894699,0.01911424845457077,0.019846295937895775,
ctx,arbnet_density,2019-07-26,0.04005446657538414,0.013834704644978046,0.02865271456539631,
ctx,arbnet_density,2019-07-29,0.041323065757751465,0.011979225091636181,0.07246004790067673,
ctx,arbnet_density,2019-07-30,0.02498825080692768,0.018566150218248367,0.016093647107481956,
ctx,arbnet_density,2019-07-31,0.039798371493816376,0.010194007307291031,0.08751125633716583,
ctx,arbnet_density,2019-08-01,0.01834549568593502,0.015594539232552052,0.06568504124879837,
ctx,arbnet_density,2019-08-02,0.025537721812725067,0.017432361841201782,0.02217472717165947,
ctx,arbnet_density,2019-08-05,0.022710489109158516,0.025525059551000595,0.0040056235156953335,
ctx,arbnet_density,2019-08-06,0.03564080595970154,0.019137034192681313,0.032357726246118546,
ctx,arbnet_density,2019-08-07,0.02162018045783043,0.021411601454019547,0.013334143906831741,
ctx,arbnet_density,2019-08-08,0.014180181547999382,0.020928045734763145,0.05292082577943802,
ctx,arbnet_density,2019-08-09,0.02716507762670517,0.018767010420560837,0.05773357301950455,
ctx,arbnet_density,2019-08-13,0.01221564318984747,0.0271897055208683,0.05260911211371422,
ctx,arbnet_density,2019-08-14,0.015164884738624096,0.030336709693074226,0.005966296419501305,
ctx,arbnet_density,2019-08-16,0.016338588669896126,0.024814441800117493,0.02910468354821205,
ctx,arbnet_density,2019-08-19,0.01655411534011364,0.022323057055473328,0.040107183158397675,
ctx,arbnet_density,2019-08-20,0.015737412497401237,0.022606804966926575,0.0393030047416687,
ctx,arbnet_density,2019-08-21,0.009577253833413124,0.023198092356324196,0.04393957927823067,
ctx,arbnet_density,2019-08-22,0.007602187804877758,0.028643060475587845,0.00043091841507703066,
ctx,arbnet_density,2019-08-23,0.010842189192771912,0.02816300094127655,0.005197559949010611,
ctx,arbnet_density,2019-08-26,0.017477963119745255,0.029142040759325027,0.02996528148651123,
ctx,arbnet_density,2019-08-27,0.00838455930352211,0.022048216313123703,0.1175457164645195,
ctx,arbnet_density,2019-08-28,0.011658972129225731,0.024380497634410858,0.07946337014436722,
ctx,arbnet_density,2019-08-29,0.006012654397636652,0.03068474866449833,0.006804539822041988,
ctx,arbnet_density,2019-08-30,0.010488906875252724,0.026134854182600975,0.03471897169947624,
ctx,arbnet_density,2019-09-03,0.010765397921204567,0.034217290580272675,0.033227477222681046,
ctx,arbnet_density,2019-09-04,0.013223224319517612,0.030787961557507515,0.04712556675076485,
ctx,arbnet_density,2019-09-05,0.008937381207942963,0.03085353411734104,0.028534740209579468,
ctx,arbnet_density,2019-09-06,0.010163092985749245,0.0272442027926445,0.049693763256073,
ctx,arbnet_density,2019-09-09,0.009366159327328205,0.02766278013586998,0.06038688123226166,
ctx,arbnet_density,2019-09-11,0.010054517537355423,0.02878616750240326,0.017640549689531326,
ctx,arbnet_density,2019-09-12,0.008144190534949303,0.023209882900118828,0.03020063228905201,
ctx,arbnet_density,2019-09-13,0.00912319216877222,0.021160786971449852,0.06328298896551132,
ctx,arbnet_density,2019-09-16,0.008058101870119572,0.02515421248972416,0.013607943430542946,
ctx,arbnet_density,2019-09-17,0.008153635077178478,0.02915138378739357,0.010753314942121506,
ctx,arbnet_density,2019-09-18,0.003888386767357588,0.03280916064977646,0.0002466420119162649,
ctx,arbnet_density,2019-09-19,0.004274882376194,0.019989753141999245,0.09781788289546967,
ctx,arbnet_density,2019-09-20,0.02905922569334507,0.07385697960853577,0.03257828578352928,
ctx,arbnet_density,2019-09-23,0.01586020737886429,0.09895547479391098,0.0002511163183953613,
ctx,arbnet_density,2019-09-24,0.009407315403223038,0.08363374322652817,0.055762991309165955,
ctx,arbnet_density,2019-09-25,0.016213683411478996,0.07369373738765717,0.0007742891903035343,
ctx,arbnet_density,2019-09-26,0.014176644384860992,0.03124551847577095,0.39423319697380066,
ctx,arbnet_density,2019-09-27,0.025567274540662766,0.05830942094326019,0.06872586160898209,
ctx,arbnet_density,2019-09-30,0.025733880698680878,0.05799705162644386,0.01864110678434372,
ctx,arbnet_density,2019-10-01,0.022666608914732933,0.06019094958901405,0.1128644123673439,
ctx,arbnet_density,2019-10-03,0.019803505390882492,0.0566948726773262,0.01928570866584778,
ctx,arbnet_density,2019-10-04,0.021688293665647507,0.05310691148042679,0.1139824390411377,
ctx,arbnet_density,2019-10-07,0.016381537541747093,0.06279213726520538,0.0001417705207131803,
ctx,arbnet_density,2019-10-09,0.018432078883051872,0.048617925494909286,0.13723711669445038,
ctx,arbnet_density,2019-10-10,0.016485335305333138,0.0482831709086895,0.033016007393598557,
ctx,arbnet_density,2019-10-11,0.02331150695681572,0.0397924967110157,0.18032875657081604,
ctx,arbnet_density,2019-10-14,0.021328143775463104,0.057058192789554596,0.000723672506865114,
ctx,arbnet_density,2019-10-15,0.012794815003871918,0.05663110688328743,0.0005503087304532528,
ctx,arbnet_density,2019-10-16,0.02853471413254738,0.03293929621577263,0.16597668826580048,
ctx,arbnet_density,2019-10-17,0.031277161091566086,0.047494642436504364,4.2675354052335024e-05,
ctx,arbnet_density,2019-10-18,0.02095825970172882,0.03324802592396736,0.12793877720832825,
ctx,arbnet_density,2019-10-22,0.012746003456413746,0.04874970391392708,0.005959031172096729,
ctx,arbnet_density,2019-10-23,0.01876981556415558,0.04038575664162636,0.03058583475649357,
ctx,arbnet_density,2019-10-24,0.015408525243401527,0.04027329012751579,0.0036917482502758503,
ctx,arbnet_density,2019-10-25,0.018474264070391655,0.022777291014790535,0.12320665270090103,
ctx,arbnet_density,2019-10-29,0.01447242684662342,0.03027902916073799,0.08903919905424118,
ctx,arbnet_density,2019-10-30,0.018393248319625854,0.03036182001233101,0.07230877131223679,
ctx,arbnet_density,2019-10-31,0.02334226295351982,0.020332222804427147,0.1348109245300293,
ctx,arbnet_density,2019-11-01,0.015589011833071709,0.021807538345456123,0.06719095259904861,
ctx,arbnet_density,2019-11-04,0.008433620445430279,0.02915298566222191,0.04632246121764183,
ctx,arbnet_density,2019-11-05,0.015685688704252243,0.02400277368724346,0.0633743405342102,
ctx,arbnet_density,2019-11-06,0.017892906442284584,0.023464467376470566,0.04504288733005524,
ctx,arbnet_density,2019-11-07,0.016475340351462364,0.02098124846816063,0.0455884151160717,
ctx,arbnet_density,2019-11-08,0.01570151001214981,0.023361878469586372,0.04138780012726784,
ctx,arbnet_density,2019-11-11,0.011756395921111107,0.022734113037586212,0.029196325689554214,
ctx,arbnet_density,2019-11-13,0.0128150200471282,0.02330891788005829,0.025759538635611534,
ctx,arbnet_density,2019-11-14,0.013850992545485497,0.01624511182308197,0.04909178242087364,
ctx,arbnet_density,2019-11-15,0.015879234299063683,0.01885285973548889,0.038599949330091476,
ctx,arbnet_density,2019-11-18,0.009492015466094017,0.018256202340126038,0.028885968029499054,
ctx,arbnet_density,2019-11-19,0.00885880459100008,0.016245126724243164,0.0357346311211586,
ctx,arbnet_density,2019-11-20,0.008049831725656986,0.017422329634428024,0.02855057828128338,
ctx,arbnet_density,2019-11-21,0.006417459342628717,0.014780727215111256,0.03170140087604523,
ctx,arbnet_density,2019-11-22,0.007637633476406336,0.012426045723259449,0.04927626997232437,
ctx,arbnet_density,2019-11-25,0.004511144943535328,0.019775982946157455,0.012548998929560184,
ctx,arbnet_density,2019-11-26,0.002941445680335164,0.01874280907213688,0.011501982808113098,
ctx,arbnet_density,2019-11-27,0.008407904766499996,0.014893080107867718,0.049519483000040054,
ctx,arbnet_density,2019-11-28,0.006546479184180498,0.012385857291519642,0.03178376704454422,
ctx,arbnet_density,2019-11-29,0.013775058090686798,0.013592870905995369,0.031080767512321472,
ctx,arbnet_density,2019-12-02,0.00778568722307682,0.016646238043904305,0.01685474067926407,
ctx,arbnet_density,2019-12-03,0.006561572663486004,0.014546248130500317,0.02211223728954792,
ctx,arbnet_density,2019-12-04,0.008475535549223423,0.013875376433134079,0.024957403540611267,
ctx,arbnet_density,2019-12-05,0.0048671322874724865,0.01176783349364996,0.02694215252995491,
ctx,arbnet_density,2019-12-06,0.006751560606062412,0.01276855543255806,0.028319377452135086,
ctx,arbnet_density,2019-12-09,0.0035389128606766462,0.01335555873811245,0.02148185297846794,
ctx,arbnet_density,2019-12-10,0.0037526150699704885,0.014102001674473286,0.018801597878336906,
ctx,arbnet_density,2019-12-11,0.003992564044892788,0.012899666093289852,0.022845854982733727,
ctx,arbnet_density,2019-12-12,0.0026534495409578085,0.012173580005764961,0.01837834157049656,
ctx,arbnet_density,2019-12-13,0.002141123404726386,0.013017026707530022,0.023842966184020042,
ctx,arbnet_density,2019-12-16,0.002688054461032152,0.012499823234975338,0.02003377303481102,
ctx,arbnet_density,2019-12-17,0.0060364557430148125,0.01574058085680008,0.021913135424256325,
ctx,arbnet_density,2019-12-18,0.0034815543331205845,0.010076556354761124,0.03757922351360321,
ctx,arbnet_density,2019-12-19,0.006010310258716345,0.011006005108356476,0.032111648470163345,
ctx,arbnet_density,2019-12-20,0.002526517491787672,0.008344165980815887,0.037499308586120605,
ctx,arbnet_density,2019-12-23,0.0045583490282297134,0.010032935068011284,0.03891895338892937,
ctx,arbnet_density,2019-12-24,0.0033235589507967234,0.007545333821326494,0.04541349411010742,
ctx,arbnet_density,2019-12-26,0.009685199707746506,0.007168414071202278,0.054038915783166885,
ctx,arbnet_density,2019-12-27,0.02817855030298233,0.010554422624409199,0.03212334215641022,
ctx,arbnet_density,2019-12-30,0.05168672278523445,0.010312872938811779,0.022221064195036888,
ctx,arbnet_density,2019-12-31,0.026785345748066902,0.01138907391577959,0.022562792524695396,
ctx,arbnet_density,2020-01-01,0.02677232213318348,0.009295509196817875,0.030817585065960884,
ctx,arbnet_density,2020-01-02,0.0393836572766304,0.010066555812954903,0.027069248259067535,
ctx,arbnet_density,2020-01-03,0.04647938907146454,0.00838468223810196,0.03796523064374924,
ctx,arbnet_density,2020-01-06,0.028805650770664215,0.01811496913433075,0.014384862035512924,
ctx,arbnet_density,2020-01-07,0.030018551275134087,0.01624418795108795,0.031808242201805115,
ctx,arbnet_density,2020-01-08,0.02911658026278019,0.017173869535326958,0.016054945066571236,
ctx,arbnet_density,2020-01-09,0.02277444861829281,0.018479468300938606,0.01805858686566353,
ctx,arbnet_density,2020-01-10,0.030049826949834824,0.01361075323075056,0.06307300180196762,
ctx,arbnet_density,2020-01-13,0.028877414762973785,0.015680301934480667,0.03234867751598358,
ctx,arbnet_density,2020-01-14,0.03273322433233261,0.016315219923853874,0.022538339719176292,
ctx,arbnet_density,2020-01-15,0.02749323658645153,0.016031639650464058,0.024691902101039886,
ctx,arbnet_density,2020-01-16,0.028738712891936302,0.011985290795564651,0.04654337093234062,
ctx,arbnet_density,2020-01-17,0.027437852695584297,0.0135269146412611,0.03023720346391201,
ctx,arbnet_density,2020-01-20,0.0160597525537014,0.018389321863651276,0.013157159090042114,
ctx,arbnet_density,2020-01-21,0.021060097962617874,0.015971599146723747,0.016902809962630272,
ctx,arbnet_density,2020-01-22,0.013835224322974682,0.01891336590051651,0.0005088251200504601,
ctx,arbnet_density,2020-01-23,0.025553466752171516,0.016850978136062622,0.010090530849993229,
ctx,arbnet_density,2020-01-24,0.017932552844285965,0.015464410185813904,0.012862792238593102,
ctx,arbnet_density,2020-01-27,0.015503094531595707,0.020336570218205452,0.0002714467409532517,
ctx,arbnet_density,2020-01-28,0.018582800403237343,0.01927981525659561,0.00016756050172261894,
ctx,arbnet_density,2020-01-29,0.015637177973985672,0.017988266423344612,0.00010192132322117686,
ctx,arbnet_density,2020-01-30,0.007961900904774666,0.017812175676226616,0.0007046044338494539,
ctx,arbnet_density,2020-01-31,0.02271718531847,0.017522303387522697,0.0016274243826046586,
ctx,arbnet_density,2020-02-03,0.015601118095219135,0.02127886936068535,0.04896572232246399,
ctx,arbnet_density,2020-02-04,0.013574513606727123,0.02100207842886448,0.033966802060604095,
ctx,arbnet_density,2020-02-05,0.011521642096340656,0.013968289829790592,0.06113886460661888,
ctx,arbnet_density,2020-02-06,0.010318970307707787,0.017967205494642258,0.031649988144636154,
ctx,arbnet_density,2020-02-07,0.013116192072629929,0.013676014728844166,0.047888584434986115,
ctx,arbnet_density,2020-02-10,0.01060578040778637,0.015198210254311562,0.04835567623376846,
ctx,arbnet_density,2020-02-11,0.013688178732991219,0.016831493005156517,0.011897354386746883,
ctx,arbnet_density,2020-02-12,0.01325430627912283,0.018281633034348488,0.03235059976577759,
ctx,arbnet_density,2020-02-13,0.012883195653557777,0.009924077428877354,0.06669260561466217,
ctx,arbnet_density,2020-02-14,0.02597065456211567,0.01663445681333542,0.009986811317503452,
ctx,arbnet_density,2020-02-17,0.02578699216246605,0.016863293945789337,0.001135146478191018,
ctx,arbnet_density,2020-02-18,0.021960293874144554,0.013542825356125832,0.029768433421850204,
ctx,arbnet_density,2020-02-19,0.02459891512989998,0.013165757060050964,0.03813355416059494,
ctx,arbnet_density,2020-02-20,0.01790003292262554,0.014315903186798096,0.011931538581848145,
ctx,arbnet_density,2020-02-24,0.007275677751749754,0.02337600477039814,0.00022335995163302869,
ctx,arbnet_density,2020-02-25,0.014555469155311584,0.020091140642762184,0.020030155777931213,
ctx,arbnet_density,2020-02-26,0.0165970791131258,0.02335290051996708,0.013137677684426308,
ctx,arbnet_density,2020-02-27,0.025968138128519058,0.019580289721488953,0.021074814721941948,
ctx,arbnet_density,2020-02-28,0.010109798982739449,0.039974186569452286,0.02695637196302414,
ctx,arbnet_density,2020-03-02,0.003882767865434289,0.03786337375640869,0.014361324720084667,
ctx,arbnet_density,2020-03-03,0.0063479277305305,0.03990138694643974,0.0008201198652386665,
ctx,arbnet_density,2020-03-04,0.013645326718688011,0.039771195501089096,0.0043186708353459835,
ctx,arbnet_density,2020-03-05,0.010668397881090641,0.03530482202768326,0.0233566053211689,
ctx,arbnet_density,2020-03-06,0.015626046806573868,0.0399477481842041,0.02800980769097805,
ctx,arbnet_density,2020-03-09,0.009121259674429893,0.075051449239254,0.00013763680181000382,
ctx,arbnet_density,2020-03-11,0.01716432347893715,0.08314698189496994,9.990996477426961e-05,
ctx,arbnet_density,2020-03-12,0.04681818559765816,0.1497860550880432,0.10344353318214417,
ctx,arbnet_density,2020-03-13,0.004066070541739464,0.19649863243103027,0.000315990939270705,
ctx,arbnet_density,2020-03-16,0.007860122248530388,0.2617226839065552,0.014852842316031456,
ctx,arbnet_density,2020-03-17,0.009448772296309471,0.2469545155763626,0.00024830186157487333,
ctx,arbnet_density,2020-03-18,0.012013415805995464,0.3091588020324707,0.000718613329809159,
ctx,arbnet_density,2020-03-19,0.013779249973595142,0.27205029129981995,0.07280702143907547,
ctx,arbnet_density,2020-03-20,0.035381339490413666,0.32494062185287476,0.00638134079053998,
ctx,arbnet_density,2020-03-23,0.034193094819784164,0.5139907002449036,0.20040109753608704,
ctx,arbnet_density,2020-03-24,0.0022905783262103796,0.5923579931259155,0.002541729249060154,
ctx,arbnet_density,2020-03-25,2.0285679056541994e-05,0.6812222599983215,3.603122240747325e-05,
ctx,arbnet_density,2020-03-26,0.032264791429042816,0.44426053762435913,0.7588992118835449,
ctx,arbnet_density,2020-03-27,0.015172680839896202,0.5416126251220703,6.806499004596844e-05,
ctx,arbnet_density,2020-03-30,0.014276026748120785,0.5485783219337463,0.0035824873484671116,
ctx,arbnet_density,2020-03-31,0.028112713247537613,0.5180878639221191,0.19586899876594543,
ctx,arbnet_density,2020-04-01,9.607832907931879e-05,0.5182837247848511,0.09207510948181152,
ctx,arbnet_density,2020-04-03,0.00214360561221838,0.49990224838256836,0.2585059106349945,
ctx,arbnet_density,2020-04-07,0.02835620753467083,0.45345842838287354,0.649348258972168,
ctx,arbnet_density,2020-04-08,0.04719443619251251,0.42537936568260193,0.592674970626831,
ctx,arbnet_density,2020-04-09,0.044610753655433655,0.3907693028450012,0.7845397591590881,
ctx,arbnet_density,2020-04-13,0.029918614774942398,0.42291197180747986,0.6255067586898804,
ctx,arbnet_density,2020-04-15,0.027174824848771095,0.34697720408439636,0.719633162021637,
ctx,arbnet_density,2020-04-16,0.0012701436644420028,0.39650148153305054,0.36678630113601685,
ctx,arbnet_density,2020-04-17,0.02111121267080307,0.4126017093658447,0.23932164907455444,
ctx,arbnet_density,2020-04-20,0.029629124328494072,0.35781317949295044,0.37957504391670227,
ctx,arbnet_density,2020-04-21,0.019332347437739372,0.3219697177410126,0.375264436006546,
ctx,arbnet_density,2020-04-22,0.04382268711924553,0.22946415841579437,0.8183712959289551,
ctx,arbnet_density,2020-04-23,0.025957027450203896,0.29012835025787354,0.5049965381622314,
ctx,arbnet_density,2020-04-24,0.03045474924147129,0.19808970391750336,0.735589861869812,
ctx,arbnet_density,2020-04-27,0.015811733901500702,0.29689472913742065,0.24194836616516113,
ctx,arbnet_density,2020-04-28,0.003057637484744191,0.27119091153144836,0.41137978434562683,
ctx,arbnet_density,2020-04-29,0.017654042690992355,0.26046428084373474,0.2454705536365509,
ctx,arbnet_density,2020-04-30,0.01106027141213417,0.14002357423305511,1.0479744672775269,
ctx,arbnet_density,2020-05-04,0.019142819568514824,0.2566640377044678,0.42160436511039734,
ctx,arbnet_density,2020-05-05,0.0004307982453610748,0.2833142876625061,0.3347317576408386,
ctx,arbnet_density,2020-05-06,0.0045658377930521965,0.20252814888954163,0.29843196272850037,
ctx,arbnet_density,2020-05-07,0.0029603580478578806,0.26935744285583496,0.046257276087999344,
ctx,arbnet_density,2020-05-08,0.03422938659787178,0.16345131397247314,0.5531556606292725,
ctx,arbnet_density,2020-05-11,0.02585141360759735,0.17726466059684753,0.2893313467502594,
ctx,arbnet_density,2020-05-12,0.002955724485218525,0.2237011045217514,0.1264103800058365,
ctx,arbnet_density,2020-05-13,0.006370930001139641,0.2400340437889099,0.17835554480552673,
ctx,arbnet_density,2020-05-14,0.019398784264922142,0.17323137819766998,0.32658493518829346,
ctx,arbnet_density,2020-05-15,0.019279720261693,0.18981465697288513,0.22497855126857758,
ctx,arbnet_density,2020-05-18,0.006284551694989204,0.21520058810710907,0.001127926865592599,
ctx,arbnet_density,2020-05-19,0.003711407072842121,0.17692279815673828,0.14410662651062012,
ctx,arbnet_density,2020-05-20,0.00947184395045042,0.16300110518932343,0.3516055643558502,
ctx,arbnet_density,2020-05-21,0.0390491709113121,0.1292203962802887,0.3136201500892639,
ctx,arbnet_density,2020-05-22,0.023885156959295273,0.12626424431800842,0.2659783959388733,
ctx,arbnet_density,2020-05-26,0.020747266709804535,0.1291041225194931,0.2198255956172943,
ctx,arbnet_density,2020-05-27,0.025420943275094032,0.11324198544025421,0.49758121371269226,
ctx,arbnet_density,2020-05-28,0.02260562777519226,0.12214788049459457,0.15951943397521973,
ctx,arbnet_density,2020-05-29,0.027611978352069855,0.11139214783906937,0.23850534856319427,
ctx,arbnet_density,2020-06-01,0.030885010957717896,0.0779934749007225,0.1296398639678955,
ctx,arbnet_density,2020-06-02,0.028959501534700394,0.08286178112030029,0.11348693817853928,
ctx,arbnet_density,2020-06-03,0.014479042962193489,0.09182064980268478,0.040512386709451675,
ctx,arbnet_density,2020-06-04,0.025281591340899467,0.07751987129449844,0.12160398811101913,
ctx,arbnet_density,2020-06-05,0.014907453209161758,0.07542653381824493,0.1198563277721405,
ctx,arbnet_density,2020-06-08,0.012393646873533726,0.10434546321630478,0.01844485104084015,
ctx,arbnet_density,2020-06-09,0.035967305302619934,0.07693254202604294,0.10726556926965714,
ctx,arbnet_density,2020-06-10,0.01673903875052929,0.0800229012966156,0.09988374263048172,
ctx,arbnet_density,2020-06-11,0.014116179198026657,0.08744096755981445,0.05752059444785118,
ctx,arbnet_density,2020-06-12,0.02686585672199726,0.09136224538087845,0.010244480334222317,
ctx,arbnet_density,2020-06-15,0.012392772361636162,0.09131086617708206,0.052485525608062744,
ctx,arbnet_density,2020-06-16,0.014311738312244415,0.08653832972049713,0.05059482902288437,
ctx,arbnet_density,2020-06-17,0.027679461985826492,0.0940108671784401,0.057021427899599075,
ctx,arbnet_density,2020-06-18,0.017092306166887283,0.07921423763036728,0.08108160644769669,
ctx,arbnet_density,2020-06-19,0.007130953948944807,0.07631183415651321,0.12864817678928375,
ctx,arbnet_density,2020-06-22,0.011159976944327354,0.0799105241894722,0.048577334731817245,
ctx,arbnet_density,2020-06-23,0.015965113416314125,0.05959578603506088,0.231938436627388,
ctx,arbnet_density,2020-06-24,0.012507110834121704,0.06551013886928558,0.22409459948539734,
ctx,arbnet_density,2020-06-25,0.019969750195741653,0.06349252164363861,0.22848112881183624,
ctx,arbnet_density,2020-06-26,0.05524810031056404,0.06726815551519394,0.1040167361497879,
ctx,arbnet_density,2020-06-29,0.016705496236681938,0.06351330876350403,0.16435818374156952,
ctx,arbnet_density,2020-06-30,0.018853673711419106,0.0679624155163765,0.1419605314731598,
ctx,arbnet_density,2020-07-01,0.03134192153811455,0.06616375595331192,0.10428599268198013,
ctx,arbnet_density,2020-07-02,0.042939670383930206,0.06331493705511093,0.1675615906715393,
ctx,arbnet_density,2020-07-03,0.043600574135780334,0.06636644154787064,0.11659564077854156,
ctx,arbnet_density,2020-07-06,0.030346183106303215,0.06240042671561241,0.14077973365783691,
ctx,arbnet_density,2020-07-07,0.018761957064270973,0.06946176290512085,0.12320330739021301,
ctx,arbnet_density,2020-07-08,0.030811842530965805,0.07519423216581345,0.08662822842597961,
ctx,arbnet_density,2020-07-09,0.044989313930273056,0.0749659463763237,0.11777087301015854,
ctx,arbnet_density,2020-07-10,0.02240302599966526,0.06095116585493088,0.19542033970355988,
ctx,arbnet_density,2020-07-13,0.017880799248814583,0.07191021740436554,0.11448691785335541,
ctx,arbnet_density,2020-07-14,0.00863128062337637,0.07363950461149216,0.09411858767271042,
ctx,arbnet_density,2020-07-15,0.01807895489037037,0.08026077598333359,0.05118100345134735,
ctx,arbnet_density,2020-07-16,0.02911427617073059,0.05887164920568466,0.17786601185798645,
ctx,arbnet_density,2020-07-17,0.04031320661306381,0.04155554994940758,0.3024561405181885,
ctx,arbnet_density,2020-07-20,0.01594546064734459,0.07499630004167557,0.099260613322258,
ctx,arbnet_density,2020-07-21,0.01320731546729803,0.052937790751457214,0.25884249806404114,
ctx,arbnet_density,2020-07-22,0.011593234725296497,0.05735485628247261,0.16608396172523499,
ctx,arbnet_density,2020-07-23,0.017621437087655067,0.050703875720500946,0.2193595916032791,
ctx,arbnet_density,2020-07-24,0.00970361940562725,0.04247751832008362,0.2948457896709442,
ctx,arbnet_density,2020-07-27,0.011044592596590519,0.06203627586364746,0.1691325455904007,
ctx,arbnet_density,2020-07-28,0.01859869994223118,0.059034768491983414,0.19360315799713135,
ctx,arbnet_density,2020-07-29,0.01287742331624031,0.05521337315440178,0.24527902901172638,
ctx,arbnet_density,2020-07-30,0.017648978158831596,0.05064484477043152,0.24547170102596283,
ctx,arbnet_density,2020-07-31,0.01865944266319275,0.06702105700969696,0.09579181671142578,
ctx,arbnet_density,2020-08-03,0.03300909698009491,0.07382476329803467,0.0932469293475151,
ctx,arbnet_density,2020-08-04,0.02042359858751297,0.06591398268938065,0.1437908560037613,
ctx,arbnet_density,2020-08-05,0.016766129061579704,0.05935830622911453,0.11412246525287628,
ctx,arbnet_density,2020-08-06,0.017032945528626442,0.0582900270819664,0.19641995429992676,
ctx,arbnet_density,2020-08-07,0.010355919599533081,0.052751943469047546,0.1852244883775711,
ctx,arbnet_density,2020-08-10,0.016756603494286537,0.05441635102033615,0.16640597581863403,
ctx,arbnet_density,2020-08-11,0.013354036957025528,0.05628136172890663,0.09026443958282471,
ctx,arbnet_density,2020-08-12,0.007236513774842024,0.07658044248819351,0.054566312581300735,
ctx,arbnet_density,2020-08-13,0.0077403937466442585,0.07419270277023315,0.025683239102363586,
ctx,arbnet_density,2020-08-14,0.0151892751455307,0.05342843383550644,0.18418154120445251,
ctx,arbnet_density,2020-08-17,0.01218745019286871,0.05791158974170685,0.17578673362731934,
ctx,arbnet_density,2020-08-18,0.0029999238904565573,0.06605939567089081,0.010942025110125542,
ctx,arbnet_density,2020-08-19,0.006903227884322405,0.07755124568939209,0.017688382416963577,
ctx,arbnet_density,2020-08-20,0.012632801197469234,0.07049010694026947,0.00018375186482444406,
ctx,arbnet_density,2020-08-21,0.012297064997255802,0.0547899454832077,0.10991489142179489,
ctx,arbnet_density,2020-08-24,0.006873867940157652,0.0644083023071289,0.05196859687566757,
ctx,arbnet_density,2020-08-25,0.006673837546259165,0.0688505470752716,0.05346241965889931,
ctx,arbnet_density,2020-08-26,0.009145472198724747,0.03235854580998421,0.30935001373291016,
ctx,arbnet_density,2020-08-27,0.011134716682136059,0.05721282586455345,0.07288533449172974,
ctx,arbnet_density,2020-08-28,0.012622151523828506,0.061677638441324234,0.11773864179849625,
ctx,arbnet_density,2020-08-31,0.012528196908533573,0.06482421606779099,0.07759372144937515,
ctx,arbnet_density,2020-09-01,0.005882803816348314,0.06395144760608673,0.049622807651758194,
ctx,arbnet_density,2020-09-02,0.008781383745372295,0.062283072620630264,0.1131649985909462,
ctx,arbnet_density,2020-09-03,0.00935570988804102,0.05413779616355896,0.07029165327548981,
ctx,arbnet_density,2020-09-04,0.00581333925947547,0.05278455466032028,0.11406413465738297,
ctx,arbnet_density,2020-09-07,0.011458409018814564,0.06480036675930023,0.10598865151405334,
ctx,arbnet_density,2020-09-08,0.005651962012052536,0.06649653613567352,0.0866129919886589,
ctx,arbnet_density,2020-09-09,0.0064814710058271885,0.06878069043159485,0.08754779398441315,
ctx,arbnet_density,2020-09-10,0.005160155706107616,0.06095430627465248,0.12035435438156128,
ctx,arbnet_density,2020-09-11,0.008373185992240906,0.04273775964975357,0.196294903755188,
ctx,arbnet_density,2020-09-14,0.004091192036867142,0.07095183432102203,0.0321432463824749,
ctx,arbnet_density,2020-09-15,0.006936434656381607,0.06298977136611938,0.07717050611972809,
ctx,arbnet_density,2020-09-16,0.009690094739198685,0.04630739614367485,0.1247406005859375,
ctx,arbnet_density,2020-09-17,0.004867482464760542,0.043855492025613785,0.16776682436466217,
ctx,arbnet_density,2020-09-18,0.004958092235028744,0.05482877790927887,0.14728780090808868,
ctx,arbnet_density,2020-09-21,0.00462585361674428,0.05734558030962944,0.07926618307828903,
ctx,arbnet_density,2020-09-22,0.003691522404551506,0.061121657490730286,0.040566906332969666,
ctx,arbnet_density,2020-09-23,0.007270481903105974,0.0631699413061142,0.02344057708978653,
ctx,arbnet_density,2020-09-24,0.008512740954756737,0.049227841198444366,0.14450296759605408,
ctx,arbnet_density,2020-09-25,0.01105702668428421,0.037555962800979614,0.2506486177444458,
ctx,arbnet_density,2020-09-28,0.009126652963459492,0.03980022668838501,0.2576543092727661,
ctx,arbnet_density,2020-09-29,0.009133502840995789,0.022393319755792618,0.3550402820110321,
ctx,arbnet_density,2020-09-30,0.006469126790761948,0.03476820886135101,0.2972779870033264,
ctx,arbnet_density,2020-10-01,0.010704610496759415,0.05618605017662048,0.008299704641103745,
ctx,arbnet_density,2020-10-05,0.011503289453685284,0.07068940997123718,0.0005397649365477264,
ctx,arbnet_density,2020-10-06,0.01533866673707962,0.04785950854420662,0.16947148740291595,
ctx,arbnet_density,2020-10-07,0.005020117852836847,0.06461729109287262,0.047356389462947845,
ctx,arbnet_density,2020-10-08,0.010980088263750076,0.06498748809099197,0.00036994865513406694,
ctx,arbnet_density,2020-10-09,0.01523783802986145,0.04068882390856743,0.1697404384613037,
ctx,arbnet_density,2020-10-12,0.012988923117518425,0.06004774570465088,0.000272156874416396,
ctx,arbnet_density,2020-10-13,0.012831596657633781,0.058182232081890106,0.10177108645439148,
ctx,arbnet_density,2020-10-14,0.020811662077903748,0.0373016819357872,0.20782005786895752,
ctx,arbnet_density,2020-10-15,0.015443339012563229,0.04489625617861748,0.17146310210227966,
ctx,arbnet_density,2020-10-16,0.013165825977921486,0.06101524457335472,0.006035219877958298,
ctx,arbnet_density,2020-10-19,0.009893770329654217,0.06437275558710098,7.909311534604058e-05,
ctx,arbnet_density,2020-10-20,0.00873037613928318,0.06365465372800827,4.366227221908048e-05,
ctx,arbnet_density,2020-10-21,0.011395590379834175,0.06322479993104935,0.0001267378102056682,
ctx,arbnet_density,2020-10-22,0.013906996697187424,0.059476956725120544,0.0001681660651229322,
ctx,arbnet_density,2020-10-23,0.009713619947433472,0.058037810027599335,0.025175033137202263,
ctx,arbnet_density,2020-10-26,0.007416082546114922,0.06366397440433502,0.00019390002125874162,
ctx,arbnet_density,2020-10-27,0.005978342145681381,0.0680357962846756,0.0002200360904680565,
ctx,arbnet_density,2020-10-28,0.01111589651554823,0.04899118095636368,0.15486955642700195,
ctx,arbnet_density,2020-10-29,0.008155549876391888,0.044879063963890076,0.1838344782590866,
ctx,arbnet_density,2020-10-30,0.005931532941758633,0.058781303465366364,0.05110163614153862,
ctx,arbnet_density,2020-11-02,0.005298431497067213,0.06012711301445961,0.0495167076587677,
ctx,arbnet_density,2020-11-03,0.003566039027646184,0.058876991271972656,0.0605991967022419,
ctx,arbnet_density,2020-11-04,0.010172609239816666,0.058331165462732315,0.07651999592781067,
ctx,arbnet_density,2020-11-05,0.010288139805197716,0.04237299785017967,0.10263500362634659,
ctx,arbnet_density,2020-11-06,0.018552588298916817,0.04458000138401985,0.16129343211650848,
ctx,arbnet_density,2020-11-09,0.014708633534610271,0.04692480340600014,0.07719114422798157,
ctx,arbnet_density,2020-11-10,0.014267773367464542,0.05420386418700218,0.026866864413022995,
ctx,arbnet_density,2020-11-11,0.009724282659590244,0.04415109008550644,0.10357838869094849,
ctx,arbnet_density,2020-11-12,0.012560325674712658,0.04340042546391487,0.1207478865981102,
ctx,arbnet_density,2020-11-13,0.014337311498820782,0.05004236847162247,0.12427515536546707,
ctx,arbnet_density,2020-11-17,0.016837209463119507,0.05625368282198906,0.04829573631286621,
ctx,arbnet_density,2020-11-18,0.01423670630902052,0.06094065308570862,0.039657771587371826,
ctx,arbnet_density,2020-11-19,0.00804060697555542,0.03478182852268219,0.20590895414352417,
ctx,arbnet_density,2020-11-20,0.013764497824013233,0.04345852509140968,0.14645737409591675,
ctx,arbnet_density,2020-11-23,0.010209358297288418,0.04352177679538727,0.12381844222545624,
ctx,arbnet_density,2020-11-24,0.013822340406477451,0.03992835059762001,0.1861133575439453,
ctx,arbnet_density,2020-11-25,0.006462408695369959,0.05902484804391861,0.0012017851695418358,
ctx,arbnet_density,2020-11-26,0.014661034569144249,0.05034853145480156,0.030801206827163696,
ctx,arbnet_density,2020-11-27,0.022776812314987183,0.04278940707445145,0.141189306974411,
ctx,arbnet_density,2020-12-01,0.01599832996726036,0.04533638060092926,0.0884731337428093,
ctx,arbnet_density,2020-12-02,0.011814087629318237,0.04406311735510826,0.11377273499965668,
ctx,arbnet_density,2020-12-03,0.014291923493146896,0.03741170093417168,0.16366076469421387,
ctx,arbnet_density,2020-12-04,0.009692355990409851,0.038359541445970535,0.13056118786334991,
ctx,arbnet_density,2020-12-07,0.012639344669878483,0.045145098119974136,0.09988462924957275,
ctx,arbnet_density,2020-12-08,0.010729015804827213,0.03916863352060318,0.17118383944034576,
ctx,arbnet_density,2020-12-09,0.012964473105967045,0.04191696643829346,0.11751443892717361,
ctx,arbnet_density,2020-12-10,0.010061101987957954,0.04394880682229996,0.1487971544265747,
ctx,arbnet_density,2020-12-11,0.009154225699603558,0.03175200894474983,0.18656742572784424,
ctx,arbnet_density,2020-12-14,0.009740100242197514,0.03573453798890114,0.1747588813304901,
ctx,arbnet_density,2020-12-15,0.006760609336197376,0.04140360653400421,0.11664459109306335,
ctx,arbnet_density,2020-12-16,0.00914786010980606,0.036650653928518295,0.14380885660648346,
ctx,arbnet_density,2020-12-17,0.009032687172293663,0.04174022376537323,0.13572168350219727,
ctx,arbnet_density,2020-12-18,0.009024199098348618,0.024098437279462814,0.22261378169059753,
ctx,arbnet_density,2020-12-21,0.00177432456985116,0.05565232038497925,0.056139811873435974,
ctx,arbnet_density,2020-12-22,0.007885144092142582,0.04567122459411621,0.13252009451389313,
ctx,arbnet_density,2020-12-23,0.006904552225023508,0.03116181679069996,0.18797799944877625,
ctx,arbnet_density,2020-12-24,0.0131957633420825,0.03667734935879707,0.200956329703331,
ctx,arbnet_density,2020-12-28,0.011038195341825485,0.04590291902422905,0.07740981131792068,
ctx,arbnet_density,2020-12-29,0.005268514156341553,0.04884481057524681,0.06086068972945213,
ctx,arbnet_density,2020-12-30,0.0060244370251894,0.047415249049663544,0.10201933234930038,
ctx,arbnet_density,2020-12-31,0.01111383456736803,0.04882245138287544,0.06799868494272232,
ctx,arbnet_density,2021-01-01,0.013711568899452686,0.03865327686071396,0.1264420747756958,
ctx,arbnet_density,2021-01-04,0.009530197829008102,0.04703662917017937,0.09664811939001083,
ctx,arbnet_density,2021-01-05,0.01127321831882,0.03936529532074928,0.13020148873329163,
ctx,arbnet_density,2021-01-06,0.00959091167896986,0.0491776317358017,0.0767509937286377,
ctx,arbnet_density,2021-01-07,0.01210748590528965,0.04442092031240463,0.11036330461502075,
ctx,arbnet_density,2021-01-08,0.013532561250030994,0.04053580388426781,0.08791898190975189,
ctx,arbnet_density,2021-01-11,0.013096915557980537,0.040270812809467316,0.1518602818250656,
ctx,arbnet_density,2021-01-12,0.009857160039246082,0.053558096289634705,0.04331802576780319,
ctx,arbnet_density,2021-01-13,0.011035957373678684,0.048228856176137924,0.08376253396272659,
ctx,arbnet_density,2021-01-14,0.005330946296453476,0.04760916903614998,0.07281447947025299,
ctx,arbnet_density,2021-01-15,0.00612154696136713,0.04924494028091431,0.08068560063838959,
ctx,arbnet_density,2021-01-18,0.004746497143059969,0.05928473174571991,0.004742711782455444,
ctx,arbnet_density,2021-01-19,0.005850218236446381,0.047507449984550476,0.07834955304861069,
ctx,arbnet_density,2021-01-20,0.007841252721846104,0.04192083328962326,0.13400477170944214,
ctx,arbnet_density,2021-01-21,0.002765113953500986,0.056997135281562805,0.0018661204958334565,
ctx,arbnet_density,2021-01-22,0.0023032112512737513,0.051450829952955246,0.04372167959809303,
ctx,arbnet_density,2021-01-25,0.0014244707999750972,0.05442790687084198,0.04542621970176697,
ctx,arbnet_density,2021-01-27,0.001670869649387896,0.056219834834337234,0.0005955673987045884,
ctx,arbnet_density,2021-01-28,0.001750171068124473,0.05518073961138725,0.0024270890280604362,
ctx,arbnet_density,2021-01-29,0.0023837676271796227,0.04964530095458031,0.04289381578564644,
ctx,arbnet_density,2021-02-01,0.006245888769626617,0.05178914591670036,0.039156775921583176,
ctx,arbnet_density,2021-02-02,0.010097143240272999,0.052077118307352066,0.060419052839279175,
ctx,arbnet_density,2021-02-03,0.009411556646227837,0.054487552493810654,0.034918881952762604,
ctx,arbnet_density,2021-02-04,0.00836816057562828,0.03887224197387695,0.11527587473392487,
ctx,arbnet_density,2021-02-05,0.009947706945240498,0.043950773775577545,0.10245668143033981,
ctx,arbnet_density,2021-02-08,0.009450849145650864,0.04781459644436836,0.1014542430639267,
ctx,arbnet_density,2021-02-09,0.008944028988480568,0.046073608100414276,0.08144515752792358,
ctx,arbnet_density,2021-02-10,0.011672290973365307,0.04557057097554207,0.09376291185617447,
ctx,arbnet_density,2021-02-11,0.007033207453787327,0.0481831431388855,0.08069206774234772,
ctx,arbnet_density,2021-02-12,0.010996922850608826,0.04453040286898613,0.07818485796451569,
ctx,arbnet_density,2021-02-15,0.007673488464206457,0.04159514605998993,0.13049879670143127,
ctx,arbnet_density,2021-02-16,0.005866860970854759,0.03712528198957443,0.12599940598011017,
ctx,arbnet_density,2021-02-17,0.008991210721433163,0.050421129912137985,0.02853359282016754,
ctx,arbnet_density,2021-02-18,0.009661932475864887,0.03585758060216904,0.16673630475997925,
ctx,arbnet_density,2021-02-19,0.009815857745707035,0.04611866921186447,0.05843555927276611,
ctx,arbnet_density,2021-02-22,0.004226437769830227,0.05419456958770752,0.01759018562734127,
ctx,arbnet_density,2021-02-23,0.005229855887591839,0.05554996430873871,0.02253616973757744,
ctx,arbnet_density,2021-02-24,0.023494722321629524,0.0539669468998909,0.027425842359662056,
ctx,arbnet_density,2021-02-25,0.004933794494718313,0.04125281423330307,0.11777018755674362,
ctx,arbnet_density,2021-02-26,0.005276941228657961,0.059240225702524185,0.015320402570068836,
ctx,arbnet_density,2021-03-01,0.006795509252697229,0.06985972821712494,0.08549538254737854,
ctx,arbnet_density,2021-03-02,0.007142881862819195,0.062124963849782944,0.11626531183719635,
ctx,arbnet_density,2021-03-03,0.008007935248315334,0.06043216586112976,0.05511530488729477,
ctx,arbnet_density,2021-03-04,0.004127219319343567,0.06438678503036499,0.10931800305843353,
ctx,arbnet_density,2021-03-05,0.007009210530668497,0.06765034794807434,0.06492902338504791,
ctx,arbnet_density,2021-03-08,0.007539610378444195,0.06777335703372955,0.06692178547382355,
ctx,arbnet_density,2021-03-09,0.0038503254763782024,0.07358957082033157,0.02060282789170742,
ctx,arbnet_density,2021-03-10,0.008056534454226494,0.05708903819322586,0.1492248773574829,
ctx,arbnet_density,2021-03-12,0.005412603262811899,0.06867820024490356,0.008480292744934559,
ctx,arbnet_density,2021-03-15,0.0033988638315349817,0.07382956892251968,0.007034825161099434,
ctx,arbnet_density,2021-03-16,0.00575660914182663,0.058355122804641724,0.11304322630167007,
ctx,arbnet_density,2021-03-17,0.007822970859706402,0.06132696568965912,0.13878804445266724,
ctx,arbnet_density,2021-03-18,0.004677546676248312,0.07113561779260635,0.0027152879629284143,
ctx,arbnet_density,2021-03-19,0.0035358110908418894,0.06509069353342056,0.09098746627569199,
ctx,arbnet_density,2021-03-22,0.00791149027645588,0.059023112058639526,0.05917153134942055,
ctx,arbnet_density,2021-03-23,0.006664974614977837,0.051847346127033234,0.1539674997329712,
ctx,arbnet_density,2021-03-24,0.006321902386844158,0.06861145049333572,0.016062185168266296,
ctx,arbnet_density,2021-03-25,0.0105280801653862,0.07168924808502197,0.0014332549180835485,
ctx,arbnet_density,2021-03-26,0.031408973038196564,0.05513984337449074,0.10306310653686523,
ctx,arbnet_density,2021-03-31,0.015858445316553116,0.06498918682336807,0.05516777187585831,
ctx,arbnet_density,2021-04-01,0.016249313950538635,0.05209727957844734,0.1315196454524994,
ctx,arbnet_density,2021-04-05,0.014971992000937462,0.050862718373537064,0.14879803359508514,
ctx,arbnet_density,2021-04-06,0.017226917669177055,0.04977710545063019,0.08579842001199722,
ctx,arbnet_density,2021-04-07,0.020214935764670372,0.05659739300608635,0.11722147464752197,
ctx,arbnet_density,2021-04-08,0.012352272868156433,0.053317565470933914,0.14529328048229218,
ctx,arbnet_density,2021-04-09,0.007065890356898308,0.06287018954753876,0.0807759165763855,
ctx,arbnet_density,2021-04-12,0.013225245289504528,0.05712223798036575,0.1098221093416214,
ctx,arbnet_density,2021-04-13,0.008848393335938454,0.06772713363170624,0.032384131103754044,
ctx,arbnet_density,2021-04-15,0.011574668809771538,0.0346844382584095,0.2516048550605774,
ctx,arbnet_density,2021-04-16,0.014345166273415089,0.058874744921922684,0.14297549426555634,
ctx,arbnet_density,2021-04-19,0.012990402989089489,0.058393366634845734,0.04937535896897316,
ctx,arbnet_density,2021-04-20,0.008300162851810455,0.07893113046884537,0.00029947556322440505,
ctx,arbnet_density,2021-04-22,0.025457648560404778,0.06056603789329529,0.046433739364147186,
ctx,arbnet_density,2021-04-23,0.01586218737065792,0.05351085960865021,0.11672685295343399,
ctx,arbnet_density,2021-04-26,0.013033553026616573,0.05240468680858612,0.10829131305217743,
ctx,arbnet_density,2021-04-27,0.005101219285279512,0.0574498176574707,0.14420577883720398,
ctx,arbnet_density,2021-04-28,0.010354853235185146,0.06305830925703049,0.05345334857702255,
ctx,arbnet_density,2021-04-29,0.007467462215572596,0.06314520537853241,0.05818100646138191,
ctx,arbnet_density,2021-04-30,0.00733772711828351,0.06762325763702393,0.06300772726535797,
ctx,arbnet_density,2021-05-03,0.008039681240916252,0.06713496893644333,0.07791060954332352,
ctx,arbnet_density,2021-05-04,0.00571960024535656,0.06681252270936966,0.08767571300268173,
ctx,arbnet_density,2021-05-05,0.006107847671955824,0.07466495782136917,0.02421601489186287,
ctx,arbnet_density,2021-05-06,0.017267707735300064,0.05039680749177933,0.12178947776556015,
ctx,arbnet_density,2021-05-07,0.003204228589311242,0.06242245435714722,0.11127293109893799,
ctx,arbnet_density,2021-05-10,0.008929956704378128,0.06236531585454941,0.08874877542257309,
ctx,arbnet_density,2021-05-11,0.013337943702936172,0.04815389961004257,0.16182082891464233,
ctx,arbnet_density,2021-05-12,0.006517956033349037,0.05335424467921257,0.06688337028026581,
ctx,arbnet_density,2021-05-14,0.00917281024158001,0.052314214408397675,0.09476329386234283,
ctx,arbnet_density,2021-05-17,0.012296524830162525,0.04122484475374222,0.19686055183410645,
ctx,arbnet_density,2021-05-18,0.017873629927635193,0.06611672043800354,0.025980304926633835,
ctx,arbnet_density,2021-05-19,0.01190977357327938,0.05048980191349983,0.040137168020009995,
ctx,arbnet_density,2021-05-20,0.00761024933308363,0.05063168331980705,0.08375939726829529,
ctx,arbnet_density,2021-05-21,0.008188044652342796,0.05792495608329773,0.0820586159825325,
ctx,arbnet_density,2021-05-24,0.0006857957341708243,0.06525789201259613,0.016778355464339256,
ctx,arbnet_density,2021-05-25,0.011535590514540672,0.0638485848903656,0.024687903001904488,
ctx,arbnet_density,2021-05-26,0.010945104993879795,0.027270903810858727,0.3058277666568756,
ctx,arbnet_density,2021-05-27,0.010583529248833656,0.048413265496492386,0.077898308634758,
ctx,arbnet_density,2021-05-28,0.010121621191501617,0.038439974188804626,0.16907557845115662,
ctx,arbnet_density,2021-05-31,0.024496454745531082,0.0384146124124527,0.14738568663597107,
ctx,arbnet_density,2021-06-01,0.008247438818216324,0.053380340337753296,0.07287207990884781,
ctx,arbnet_density,2021-06-02,0.005251874681562185,0.04994414001703262,0.15314988791942596,
ctx,arbnet_density,2021-06-03,0.010441126301884651,0.0466289296746254,0.15641538798809052,
ctx,arbnet_density,2021-06-04,0.005946504417806864,0.061160653829574585,0.018927447497844696,
ctx,arbnet_density,2021-06-07,4.544945042539439e-08,0.051750145852565765,0.13343936204910278,
ctx,arbnet_density,2021-06-08,0.008312558755278587,0.05118517950177193,0.018396813422441483,
ctx,arbnet_density,2021-06-09,0.0016085333190858364,0.05201653763651848,0.1169406920671463,
ctx,arbnet_density,2021-06-10,0.011322267353534698,0.044502321630716324,0.05701897293329239,
ctx,arbnet_density,2021-06-11,0.0072922189719974995,0.0347219742834568,0.20519977807998657,
ctx,arbnet_density,2021-06-14,0.006706978194415569,0.049371715635061264,0.17265672981739044,
ctx,arbnet_density,2021-06-15,0.00859843660145998,0.04180656000971794,0.198099285364151,
ctx,arbnet_density,2021-06-16,0.004515120293945074,0.030235109850764275,0.23541149497032166,
ctx,arbnet_density,2021-06-17,0.00926391500979662,0.05419641360640526,0.019592780619859695,
ctx,arbnet_density,2021-06-18,0.005473158787935972,0.04539621248841286,0.049894824624061584,
ctx,arbnet_density,2021-06-21,0.008481315337121487,0.023667674511671066,0.3314145505428314,
ctx,arbnet_density,2021-06-22,0.013387571088969707,0.026867147535085678,0.2864951193332672,
ctx,arbnet_density,2021-06-23,0.007036997936666012,0.03628594055771828,0.19432958960533142,
ctx,arbnet_density,2021-06-24,0.004363850224763155,0.05434328690171242,0.0180182047188282,
ctx,arbnet_density,2021-06-25,0.005874433554708958,0.05376063287258148,0.0005336058093234897,
ctx,arbnet_density,2021-06-28,0.00828481838107109,0.0329626202583313,0.15162283182144165,
ctx,arbnet_density,2021-06-29,0.0035958411172032356,0.04964924976229668,0.018229687586426735,
ctx,arbnet_density,2021-06-30,0.0045484802685678005,0.03893714025616646,0.042402323335409164,
ctx,arbnet_density,2021-07-01,0.0038401021156460047,0.015270250849425793,0.3580580949783325,
ctx,arbnet_density,2021-07-02,0.0032238722778856754,0.04532182216644287,0.00015044755127746612,
ctx,arbnet_density,2021-07-05,0.005699649918824434,0.024212786927819252,0.19413353502750397,
ctx,arbnet_density,2021-07-06,0.005366011522710323,0.026088668033480644,0.1795196533203125,
ctx,arbnet_density,2021-07-07,0.008163977414369583,0.05424666032195091,2.9323684429982677e-05,
ctx,arbnet_density,2021-07-08,0.015555689111351967,0.028839675709605217,0.16654057800769806,
ctx,arbnet_density,2021-07-09,0.007982209324836731,0.03847293183207512,0.14067766070365906,
ctx,arbnet_density,2021-07-12,0.015283158980309963,0.026766538619995117,0.1843794733285904,
ctx,arbnet_density,2021-07-13,0.0022662682458758354,0.043686505407094955,0.11513613909482956,
ctx,arbnet_density,2021-07-14,0.0041613453067839146,0.049196936190128326,4.961304512107745e-05,
ctx,arbnet_density,2021-07-15,0.010671352967619896,0.04623754695057869,8.986091415863484e-05,
ctx,arbnet_density,2021-07-16,0.008294740691781044,0.01932171918451786,0.2377205640077591,
ctx,arbnet_density,2021-07-19,0.007799978833645582,0.03194154426455498,0.173748180270195,
ctx,arbnet_density,2021-07-20,0.004599519073963165,0.04860851168632507,2.0685543859144673e-05,
ctx,arbnet_density,2021-07-22,0.027101589366793633,0.03754335641860962,0.006835250649601221,
ctx,arbnet_density,2021-07-23,0.00817053858190775,0.020674025639891624,0.27356255054473877,
ctx,arbnet_density,2021-07-26,0.01322182361036539,0.018594756722450256,0.2817270755767822,
ctx,arbnet_density,2021-07-27,0.008851681835949421,0.04504925012588501,0.004190475679934025,
ctx,arbnet_density,2021-07-28,0.009055313654243946,0.05039263516664505,0.0005226648645475507,
ctx,arbnet_density,2021-07-29,0.014291830360889435,0.030852941796183586,0.08730069547891617,
ctx,arbnet_density,2021-07-30,0.01694476418197155,0.03635295480489731,0.031926002353429794,
ctx,arbnet_density,2021-08-02,0.012230223044753075,0.02726990357041359,0.12215221673250198,
ctx,arbnet_density,2021-08-03,0.010080383159220219,0.03153695911169052,0.11844376474618912,
ctx,arbnet_density,2021-08-04,0.02081446349620819,0.02661040797829628,0.14309929311275482,
ctx,arbnet_density,2021-08-05,0.01711505465209484,0.045628130435943604,6.848657358204946e-05,
ctx,arbnet_density,2021-08-06,0.012920842505991459,0.040000710636377335,1.3544513421948068e-05,
ctx,arbnet_density,2021-08-09,0.01260721031576395,0.03601066768169403,2.3098711608326994e-05,
ctx,arbnet_density,2021-08-10,0.010136286728084087,0.03977400064468384,0.11597896367311478,
ctx,arbnet_density,2021-08-11,0.03148938715457916,0.03390812873840332,0.0001976600760826841,
ctx,arbnet_density,2021-08-12,0.014098002575337887,0.036917220801115036,2.613093238323927e-05,
ctx,arbnet_density,2021-08-13,0.01239849254488945,0.018247798085212708,0.21038088202476501,
ctx,arbnet_density,2021-08-16,0.018514446914196014,0.0398767851293087,1.2553648957691621e-05,
ctx,arbnet_density,2021-08-17,0.023188941180706024,0.043312568217515945,4.508212896325858e-06,
ctx,arbnet_density,2021-08-18,0.006133660674095154,0.04219456762075424,0.00021132020629011095,
ctx,arbnet_density,2021-08-20,0.007838468067348003,0.022155912593007088,0.21130287647247314,
ctx,arbnet_density,2021-08-23,0.011287269182503223,0.024497639387845993,0.13968658447265625,
ctx,arbnet_density,2021-08-24,0.009933017194271088,0.017578259110450745,0.25351929664611816,
ctx,arbnet_density,2021-08-25,0.010073854587972164,0.02850150503218174,0.10480719059705734,
ctx,arbnet_density,2021-08-26,0.013219967484474182,0.000123123376397416,0.3639166057109833,
ctx,arbnet_density,2021-08-27,0.014468317851424217,0.008316321298480034,0.2093324065208435,
ctx,arbnet_density,2021-08-30,0.012903829105198383,0.0319913849234581,0.013832765631377697,
ctx,arbnet_density,2021-08-31,0.010279115289449692,0.021039191633462906,0.15580087900161743,
ctx,arbnet_density,2021-09-01,0.01160614937543869,0.0385473370552063,0.00024780657258816063,
ctx,arbnet_density,2021-09-02,0.006139062810689211,0.03389251232147217,0.00854139868170023,
ctx,arbnet_density,2021-09-03,0.005999119486659765,0.018789561465382576,0.2078024446964264,
ctx,arbnet_density,2021-09-06,0.003416178049519658,0.0397876501083374,0.007600770797580481,
ctx,arbnet_density,2021-09-07,0.011397266760468483,0.0324050597846508,0.05524419620633125,
ctx,arbnet_density,2021-09-08,0.0038456583861261606,0.024447517469525337,0.1862848699092865,
ctx,arbnet_density,2021-09-09,0.011260642670094967,0.026517163962125778,0.04161825776100159,
ctx,arbnet_density,2021-09-13,0.007084849290549755,0.02118489146232605,0.18615037202835083,
ctx,arbnet_density,2021-09-14,0.011167244054377079,0.02917679399251938,0.07008787244558334,
ctx,arbnet_density,2021-09-15,0.0073217470198869705,0.039329420775175095,0.00047547294525429606,
ctx,arbnet_density,2021-09-16,0.01027082372456789,0.024745404720306396,0.0687074363231659,
ctx,arbnet_density,2021-09-17,0.008909618481993675,0.031848710030317307,0.07618213444948196,
ctx,arbnet_density,2021-09-20,0.005983443930745125,0.04225478321313858,0.027303820475935936,
ctx,arbnet_density,2021-09-21,0.0072274720296263695,0.015047679655253887,0.22737298905849457,
ctx,arbnet_density,2021-09-22,0.0018755573546513915,0.042155567556619644,0.028916729614138603,
ctx,arbnet_density,2021-09-23,0.004697542637586594,0.0336567759513855,0.04770924523472786,
ctx,arbnet_density,2021-09-24,0.005799447186291218,0.016011472791433334,0.2412772923707962,
ctx,arbnet_density,2021-09-27,0.006641407962888479,0.03256382420659065,0.09750886261463165,
ctx,arbnet_density,2021-09-28,0.00360097992233932,0.03302621468901634,0.12392053008079529,
ctx,arbnet_density,2021-09-29,0.0052566309459507465,0.032433778047561646,0.11164834350347519,
ctx,arbnet_density,2021-09-30,0.0028959838673472404,0.0271983090788126,0.13129882514476776,
ctx,arbnet_density,2021-10-01,0.007971939630806446,0.031304292380809784,0.07826917618513107,
ctx,arbnet_density,2021-10-04,0.00624063890427351,0.04329356923699379,0.009473717771470547,
ctx,arbnet_density,2021-10-05,0.008329450152814388,0.03715508058667183,0.010376757010817528,
ctx,arbnet_density,2021-10-06,0.009290877729654312,0.04082227870821953,0.004537513479590416,
ctx,arbnet_density,2021-10-07,0.008022584952414036,0.02694046124815941,0.11094360798597336,
ctx,arbnet_density,2021-10-08,0.017511259764432907,0.021564222872257233,0.1624685823917389,
ctx,arbnet_density,2021-10-11,0.009939175099134445,0.026218516752123833,0.14321590960025787,
ctx,arbnet_density,2021-10-12,0.009242319501936436,0.030355053022503853,0.14740581810474396,
ctx,arbnet_density,2021-10-13,0.005142080597579479,0.03470123931765556,0.026784829795360565,
ctx,arbnet_density,2021-10-14,0.00919890496879816,0.035945747047662735,0.00017088429012801498,
ctx,arbnet_density,2021-10-18,0.007162353023886681,0.040016598999500275,0.01856466755270958,
ctx,arbnet_density,2021-10-19,0.008542317897081375,0.02541390433907509,0.15111768245697021,
ctx,arbnet_density,2021-10-20,0.008519105613231659,0.04364563524723053,0.0010510421125218272,
ctx,arbnet_density,2021-10-21,0.00917338952422142,0.042598236352205276,0.0007169372402131557,
ctx,arbnet_density,2021-10-22,0.012708233669400215,0.04034662991762161,0.018089843913912773,
ctx,arbnet_density,2021-10-25,0.006686787586659193,0.033215951174497604,0.09073802828788757,
ctx,arbnet_density,2021-10-26,0.004888021387159824,0.029161687940359116,0.12831920385360718,
ctx,arbnet_density,2021-10-27,0.0028581833466887474,0.04230862110853195,0.0008418186916969717,
ctx,arbnet_density,2021-10-28,0.007298475131392479,0.0425201840698719,0.0030023797880858183,
ctx,arbnet_density,2021-10-29,0.010483806021511555,0.04031720384955406,0.045473869889974594,
ctx,arbnet_density,2021-11-01,0.007031338755041361,0.03983501344919205,0.03300439938902855,
ctx,arbnet_density,2021-11-02,0.005551215726882219,0.03636365011334419,0.043577466160058975,
ctx,arbnet_density,2021-11-03,0.005379234906286001,0.036396246403455734,0.04245566576719284,
ctx,arbnet_density,2021-11-04,0.007426083087921143,0.024571377784013748,0.11300177127122879,
ctx,arbnet_density,2021-11-08,0.007060484495013952,0.03149493411183357,0.09380532056093216,
ctx,arbnet_density,2021-11-09,0.00476117106154561,0.04039134457707405,0.011860675178468227,
ctx,arbnet_density,2021-11-10,0.007714835461229086,0.032728053629398346,0.01885886676609516,
ctx,arbnet_density,2021-11-11,0.01559588871896267,0.033032651990652084,0.024746527895331383,
ctx,arbnet_density,2021-11-12,0.005746142007410526,0.03155260533094406,0.05755380168557167,
ctx,arbnet_density,2021-11-15,0.007403323892503977,0.029891110956668854,0.09714901447296143,
ctx,arbnet_density,2021-11-16,0.00806734710931778,0.03375868871808052,0.021023569628596306,
ctx,arbnet_density,2021-11-17,0.007686890196055174,0.019060026854276657,0.16007237136363983,
ctx,arbnet_density,2021-11-18,0.0108319241553545,0.03447174280881882,3.701360765262507e-05,
ctx,arbnet_density,2021-11-22,0.010479309596121311,0.03142952919006348,0.09322473406791687,
ctx,arbnet_density,2021-11-23,0.01166551373898983,0.033850159496068954,0.018636025488376617,
ctx,arbnet_density,2021-11-24,0.007213495671749115,0.019066739827394485,0.18577149510383606,
ctx,arbnet_density,2021-11-25,0.014589891768991947,0.028922656551003456,0.04158098250627518,
ctx,arbnet_density,2021-11-26,0.013345150277018547,0.02920951507985592,0.08290573954582214,
ctx,arbnet_density,2021-11-29,0.0068972441367805,0.03407919779419899,0.05370214954018593,
ctx,arbnet_density,2021-11-30,0.01071254350244999,0.034411653876304626,0.03913980349898338,
ctx,arbnet_density,2021-12-01,0.013193477876484394,0.03208283334970474,0.05892582982778549,
ctx,arbnet_density,2021-12-02,0.004601374734193087,0.024641595780849457,0.08138837665319443,
ctx,arbnet_density,2021-12-03,0.008280443027615547,0.027383867651224136,0.09566926956176758,
ctx,arbnet_density,2021-12-06,0.009712847881019115,0.0394720658659935,0.02951665036380291,
ctx,arbnet_density,2021-12-07,0.016705673187971115,0.03181005269289017,0.07216429710388184,
ctx,arbnet_density,2021-12-08,0.01392448227852583,0.03522788733243942,0.055195152759552,
ctx,arbnet_density,2021-12-09,0.01075953058898449,0.02167290635406971,0.1437455117702484,
ctx,arbnet_density,2021-12-10,0.007910702377557755,0.01908225193619728,0.13443705439567566,
ctx,arbnet_density,2021-12-13,0.006188076920807362,0.026499008759856224,0.11639326065778732,
ctx,arbnet_density,2021-12-14,0.007009455934166908,0.03454556688666344,0.09437339752912521,
ctx,arbnet_density,2021-12-15,0.009210496209561825,0.02757001854479313,0.11999942362308502,
ctx,arbnet_density,2021-12-16,0.005869807209819555,0.03689879551529884,0.0204642191529274,
ctx,arbnet_density,2021-12-17,0.006543160416185856,0.026012511923909187,0.1495380699634552,
ctx,arbnet_density,2021-12-20,0.0028380306903272867,0.041244134306907654,0.011469576507806778,
ctx,arbnet_density,2021-12-21,0.010892274789512157,0.02969907410442829,0.11886689811944962,
ctx,arbnet_density,2021-12-22,0.006566312164068222,0.024471458047628403,0.14043213427066803,
ctx,arbnet_density,2021-12-23,0.005218696314841509,0.02112608402967453,0.1875319927930832,
ctx,arbnet_density,2021-12-24,0.0058365073055028915,0.018130872398614883,0.1985984593629837,
ctx,arbnet_density,2021-12-27,0.0023286105133593082,0.02783595398068428,0.137539342045784,
ctx,arbnet_density,2021-12-28,0.0043194773606956005,0.021633397787809372,0.1784423440694809,
ctx,arbnet_density,2021-12-29,0.0031504349317401648,0.031054602935910225,0.09092088788747787,
ctx,arbnet_density,2021-12-30,0.008946195244789124,0.028670325875282288,0.0894632413983345,
ctx,arbnet_density,2021-12-31,0.009602147154510021,0.028767209500074387,0.07077320665121078,
ctx,arbnet_density,2022-01-03,0.008373172953724861,0.037929825484752655,0.02418484538793564,
ctx,arbnet_density,2022-01-04,0.0007263610605150461,0.04139861837029457,0.0005829702131450176,
ctx,arbnet_density,2022-01-05,0.009076036512851715,0.031240196898579597,0.1172529086470604,
ctx,arbnet_density,2022-01-06,0.01721184141933918,0.04253022000193596,0.00038481736555695534,
ctx,arbnet_density,2022-01-07,0.008730702102184296,0.0289898794144392,0.10936372727155685,
ctx,arbnet_density,2022-01-10,0.006101379171013832,0.03466958925127983,0.08371207118034363,
ctx,arbnet_density,2022-01-11,0.006676092278212309,0.030883504077792168,0.10237579792737961,
ctx,arbnet_density,2022-01-12,0.006794787477701902,0.02895619161427021,0.11966113746166229,
ctx,arbnet_density,2022-01-13,0.00782334990799427,0.03819072246551514,0.00010007702803704888,
ctx,arbnet_density,2022-01-14,0.004971503280103207,0.04025016352534294,0.0011779298074543476,
ctx,arbnet_density,2022-01-17,0.012638251297175884,0.032781731337308884,0.02748437412083149,
ctx,arbnet_density,2022-01-18,0.0031562182120978832,0.03955136984586716,5.7268200180260465e-05,
ctx,arbnet_density,2022-01-19,0.004536561202257872,0.03342180699110031,0.08620257675647736,
ctx,arbnet_density,2022-01-20,0.004930918570607901,0.038672544062137604,0.050560999661684036,
ctx,arbnet_density,2022-01-21,0.005404976662248373,0.034859638661146164,0.07758329063653946,
ctx,arbnet_density,2022-01-24,0.001014177454635501,0.04582490026950836,0.0036341757513582706,
ctx,arbnet_density,2022-01-25,0.0020321677438914776,0.04751356691122055,0.006694162264466286,
ctx,arbnet_density,2022-01-27,0.0016822643810883164,0.04284415766596794,0.023126885294914246,
ctx,arbnet_density,2022-01-28,0.0014000562950968742,0.04000996798276901,0.012973789125680923,
ctx,arbnet_density,2022-01-31,0.0010156852658838034,0.03648027032613754,0.046482153236866,
ctx,arbnet_density,2022-02-01,0.005787966772913933,0.040312327444553375,0.04648083075881004,
ctx,arbnet_density,2022-02-02,0.005233755335211754,0.03294144570827484,0.08379921317100525,
ctx,arbnet_density,2022-02-03,0.0038884019013494253,0.03337983042001724,0.08063444495201111,
ctx,arbnet_density,2022-02-04,0.004666403867304325,0.037279948592185974,0.046043701469898224,
ctx,arbnet_density,2022-02-07,0.006006259936839342,0.03995905816555023,0.05258089303970337,
ctx,arbnet_density,2022-02-08,0.002869600662961602,0.040939632803201675,0.0474931038916111,
ctx,arbnet_density,2022-02-09,0.0043203686363995075,0.032144952565431595,0.09482502192258835,
ctx,arbnet_density,2022-02-10,0.007397780194878578,0.027954820543527603,0.10737287998199463,
ctx,arbnet_density,2022-02-11,0.007022765465080738,0.02752712555229664,0.1119915097951889,
ctx,arbnet_density,2022-02-14,0.004584538750350475,0.041767023503780365,1.2719627193291672e-05,
ctx,arbnet_density,2022-02-15,0.006201275624334812,0.04030989482998848,0.05520074814558029,
ctx,arbnet_density,2022-02-16,0.006660782266408205,0.03712719306349754,0.07989338785409927,
ctx,arbnet_density,2022-02-17,0.004632156807929277,0.035513509064912796,0.0868087187409401,
ctx,arbnet_density,2022-02-18,0.00694217998534441,0.038446053862571716,0.08478125929832458,
ctx,arbnet_density,2022-02-21,0.004098967649042606,0.04275905340909958,0.04118450731039047,
ctx,arbnet_density,2022-02-22,0.011266477406024933,0.050903867930173874,1.8904438547906466e-05,
ctx,arbnet_density,2022-02-23,0.0020648594945669174,0.04690330848097801,0.022352714091539383,
ctx,arbnet_density,2022-02-24,0.0016537337796762586,0.038384780287742615,0.018690496683120728,
ctx,arbnet_density,2022-02-25,0.01044251024723053,0.04893327131867409,0.038257498294115067,
ctx,arbnet_density,2022-02-28,0.001671842997893691,0.04637850448489189,0.019860172644257545,
ctx,arbnet_density,2022-03-02,0.0005118888802826405,0.057437919080257416,0.0019354638643562794,
ctx,arbnet_density,2022-03-03,0.0017137755639851093,0.049816325306892395,0.01412754412740469,
ctx,arbnet_density,2022-03-04,0.0064788092859089375,0.05336678400635719,0.0001099831351893954,
ctx,arbnet_density,2022-03-07,0.0013360549928620458,0.04745231568813324,0.022425295785069466,
ctx,arbnet_density,2022-03-08,0.0016425356734544039,0.05417903512716293,8.324041846208274e-05,
ctx,arbnet_density,2022-03-09,0.002010124968364835,0.052558477967977524,0.012037412263453007,
ctx,arbnet_density,2022-03-10,0.0017958225216716528,0.045182421803474426,0.04244322329759598,
ctx,arbnet_density,2022-03-11,0.0030652452260255814,0.04593684524297714,0.044275298714637756,
ctx,arbnet_density,2022-03-14,0.001634151441976428,0.0464487224817276,0.044901974499225616,
ctx,arbnet_density,2022-03-15,0.001079443609341979,0.05233189836144447,0.001982969930395484,
ctx,arbnet_density,2022-03-16,0.002281161956489086,0.04565765708684921,0.05653344839811325,
ctx,arbnet_density,2022-03-17,0.008794847875833511,0.049499593675136566,0.000726582482457161,
ctx,arbnet_density,2022-03-21,0.0021994379349052906,0.04954387620091438,0.03388511762022972,
ctx,arbnet_density,2022-03-22,0.0016490303678438067,0.05330224335193634,0.012690989300608635,
ctx,arbnet_density,2022-03-23,0.0030746543779969215,0.052169833332300186,0.022391334176063538,
ctx,arbnet_density,2022-03-24,0.0025637787766754627,0.04837614297866821,0.050652746111154556,
ctx,arbnet_density,2022-03-25,0.0030078974086791277,0.047470904886722565,0.043393589556217194,
ctx,arbnet_density,2022-03-28,0.0018730327719822526,0.043367546051740646,0.04449785128235817,
ctx,arbnet_density,2022-03-29,0.002024642890319228,0.040672458708286285,0.07658357173204422,
ctx,arbnet_density,2022-03-30,0.002512197010219097,0.03834349289536476,0.13291461765766144,
ctx,arbnet_density,2022-03-31,0.003111365484073758,0.04151441156864166,0.08272255957126617,
ctx,arbnet_density,2022-04-01,0.006710167974233627,0.030437547713518143,0.11848717927932739,
ctx,arbnet_density,2022-04-04,0.0028213162440806627,0.0435003899037838,0.0028754661325365305,
ctx,arbnet_density,2022-04-05,0.005553258582949638,0.042737290263175964,0.002906795823946595,
ctx,arbnet_density,2022-04-06,0.005732737015932798,0.04665297642350197,0.0001515863841632381,
ctx,arbnet_density,2022-04-07,0.005765602923929691,0.042376428842544556,0.00012497298303060234,
ctx,arbnet_density,2022-04-08,0.003879219526425004,0.033384885638952255,0.09997361898422241,
ctx,arbnet_density,2022-04-11,0.00280003366060555,0.04443434998393059,4.869625990977511e-05,
ctx,arbnet_density,2022-04-12,0.004877082537859678,0.02585395611822605,0.1425633728504181,
ctx,arbnet_density,2022-04-13,0.006253959145396948,0.02330418862402439,0.15578602254390717,
ctx,arbnet_density,2022-04-18,0.007490389049053192,0.04703805223107338,7.077696500346065e-05,
ctx,arbnet_density,2022-04-19,0.0030841310508549213,0.03393469750881195,0.09148773550987244,
ctx,arbnet_density,2022-04-20,0.008267106488347054,0.04225177690386772,7.801715401001275e-05,
ctx,arbnet_density,2022-04-21,0.006818786729127169,0.025997811928391457,0.1788473278284073,
ctx,arbnet_density,2022-04-22,0.004600388929247856,0.04482055827975273,0.026512006297707558,
ctx,arbnet_density,2022-04-25,0.00801981519907713,0.03910268470644951,0.07299800217151642,
ctx,arbnet_density,2022-04-26,0.0024300245568156242,0.045181211084127426,0.0038190893828868866,
ctx,arbnet_density,2022-04-27,0.003671018173918128,0.040498312562704086,0.11896815150976181,
ctx,arbnet_density,2022-04-28,0.006712676957249641,0.024995937943458557,0.18870332837104797,
ctx,arbnet_density,2022-04-29,0.0032627449836581945,0.039499104022979736,0.013455973006784916,
ctx,arbnet_density,2022-05-02,0.0036520562134683132,0.04837900027632713,0.0004335514677222818,
ctx,arbnet_density,2022-05-04,0.0018635242013260722,0.04171447828412056,5.014426278648898e-05,
ctx,arbnet_density,2022-05-05,0.00922076404094696,0.04048823565244675,0.0001399241591570899,
ctx,arbnet_density,2022-05-06,0.005990139674395323,0.05178547278046608,0.0007418389432132244,
ctx,arbnet_density,2022-05-09,0.006724621169269085,0.043621186167001724,0.055514637380838394,
ctx,arbnet_density,2022-05-10,0.012780088931322098,0.04543702304363251,9.11367023945786e-05,
ctx,arbnet_density,2022-05-11,0.007860571146011353,0.04706425219774246,3.058413494727574e-05,
ctx,arbnet_density,2022-05-12,0.004499913193285465,0.044117655605077744,0.03691968321800232,
ctx,arbnet_density,2022-05-13,0.002759890863671899,0.03989113122224808,0.08296998590230942,
ctx,arbnet_density,2022-05-16,0.005675559863448143,0.04829929769039154,1.9266430172137916e-05,
ctx,arbnet_density,2022-05-17,0.008013932965695858,0.032762590795755386,0.10615505278110504,
ctx,arbnet_density,2022-05-18,0.009721222333610058,0.043117426335811615,2.6410300051793456e-05,
ctx,arbnet_density,2022-05-19,0.010436121374368668,0.041750468313694,0.10138331353664398,
ctx,arbnet_density,2022-05-20,0.014564143493771553,0.040468864142894745,0.028284141793847084,
ctx,arbnet_density,2022-05-23,0.007502302527427673,0.04513053968548775,0.004426571074873209,
ctx,arbnet_density,2022-05-24,0.0060362485237419605,0.04592357203364372,0.013445665128529072,
ctx,arbnet_density,2022-05-25,0.00504752341657877,0.051117900758981705,0.0010883343638852239,
ctx,arbnet_density,2022-05-26,0.009542852640151978,0.03376215696334839,0.13686317205429077,
ctx,arbnet_density,2022-05-27,0.006225925870239735,0.0401473194360733,0.03865277022123337,
ctx,arbnet_density,2022-05-30,0.006399181671440601,0.031245021149516106,0.11431071162223816,
ctx,arbnet_density,2022-05-31,0.008281140588223934,0.028990814462304115,0.1110263392329216,
ctx,arbnet_density,2022-06-01,0.007126098498702049,0.029072633013129234,0.10236693173646927,
ctx,arbnet_density,2022-06-02,0.008312860503792763,0.022012313827872276,0.13247506320476532,
ctx,arbnet_density,2022-06-03,0.011237794533371925,0.026202784851193428,0.15669652819633484,
ctx,arbnet_density,2022-06-06,0.006147642154246569,0.03385230898857117,0.09596769511699677,
ctx,arbnet_density,2022-06-07,0.004934396129101515,0.042708881199359894,0.00037286922452040017,
ctx,arbnet_density,2022-06-08,0.007116715889424086,0.042615856975317,5.505575973074883e-05,
ctx,arbnet_density,2022-06-09,0.008356746286153793,0.023421511054039,0.17759853601455688,
ctx,arbnet_density,2022-06-10,0.012606962583959103,0.029972819611430168,0.1343630850315094,
ctx,arbnet_density,2022-06-13,0.008168564178049564,0.0469077005982399,6.705470877932385e-05,
ctx,arbnet_density,2022-06-14,0.036646317690610886,0.042120445519685745,4.861399429501034e-05,
ctx,arbnet_density,2022-06-15,0.007643116172403097,0.045289989560842514,0.05951029434800148,
ctx,arbnet_density,2022-06-16,0.008052583783864975,0.047668732702732086,2.5286723030149005e-05,
ctx,arbnet_density,2022-06-17,0.013737175613641739,0.04138742387294769,0.08326563984155655,
ctx,arbnet_density,2022-06-20,0.0074574812315404415,0.035058602690696716,0.11864789575338364,
ctx,arbnet_density,2022-06-21,0.014552228152751923,0.038403552025556564,0.0446891188621521,
ctx,arbnet_density,2022-06-22,0.009214545600116253,0.030927829444408417,0.1510809361934662,
ctx,arbnet_density,2022-06-23,0.007855825126171112,0.034486573189496994,0.10593227297067642,
ctx,arbnet_density,2022-06-24,0.008181210607290268,0.033608369529247284,0.12595714628696442,
ctx,arbnet_density,2022-06-27,0.011653472669422626,0.029397740960121155,0.1582300066947937,
ctx,arbnet_density,2022-06-28,0.0063214655965566635,0.028019554913043976,0.17060886323451996,
ctx,arbnet_density,2022-06-29,0.005777858663350344,0.03608144074678421,0.11727982014417648,
ctx,arbnet_density,2022-06-30,0.012080010958015919,0.025048479437828064,0.1906713843345642,
ctx,arbnet_density,2022-07-01,0.011854041367769241,0.043009575456380844,0.02285555936396122,
ctx,arbnet_density,2022-07-04,0.006158930715173483,0.03767392411828041,0.07386463135480881,
ctx,arbnet_density,2022-07-05,0.013709524646401405,0.03588926047086716,0.09025335311889648,
ctx,arbnet_density,2022-07-06,0.007953722029924393,0.03529151529073715,0.08802323043346405,
ctx,arbnet_density,2022-07-07,0.017394445836544037,0.040506817400455475,2.4791019313852303e-05,
ctx,arbnet_density,2022-07-08,0.011207305826246738,0.02421334572136402,0.16175326704978943,
ctx,arbnet_density,2022-07-11,0.009481172077357769,0.025426244363188744,0.15991875529289246,
ctx,arbnet_density,2022-07-12,0.00667743943631649,0.024533404037356377,0.1524915248155594,
ctx,arbnet_density,2022-07-13,0.021967489272356033,0.04236728698015213,9.959034650819376e-05,
ctx,arbnet_density,2022-07-14,0.010774189606308937,0.02180229127407074,0.15054337680339813,
ctx,arbnet_density,2022-07-15,0.015376335941255093,0.04004010558128357,0.00286448048427701,
ctx,arbnet_density,2022-07-18,0.015360703691840172,0.03846156969666481,0.007293506525456905,
ctx,arbnet_density,2022-07-19,0.01074634213000536,0.024379193782806396,0.1525554358959198,
ctx,arbnet_density,2022-07-20,0.006807608064264059,0.014975241385400295,0.21714991331100464,
ctx,arbnet_density,2022-07-21,0.007556615397334099,0.013724332675337791,0.21851101517677307,
ctx,arbnet_density,2022-07-22,0.010542664676904678,0.016417186707258224,0.2041594684123993,
ctx,arbnet_density,2022-07-25,0.006283153779804707,0.02526962384581566,0.17131540179252625,
ctx,arbnet_density,2022-07-26,0.011527825146913528,0.03613043949007988,0.02031771093606949,
ctx,arbnet_density,2022-07-27,0.003984680399298668,0.02390657737851143,0.18589816987514496,
ctx,arbnet_density,2022-07-28,0.005992073565721512,0.029637429863214493,0.06033671274781227,
ctx,arbnet_density,2022-07-29,0.007438089232891798,0.02728652022778988,0.11151047796010971,
ctx,arbnet_density,2022-08-01,0.0054181963205337524,0.025806505233049393,0.12262769788503647,
ctx,arbnet_density,2022-08-02,0.006842278875410557,0.030455807223916054,0.09092256426811218,
ctx,arbnet_density,2022-08-03,0.00858243927359581,0.035150010138750076,3.921921233995818e-06,
ctx,arbnet_density,2022-08-04,0.010844000615179539,0.037241458892822266,6.207727710716426e-05,
ctx,arbnet_density,2022-08-05,0.007817522622644901,0.03543277457356453,0.030576715245842934,
ctx,arbnet_density,2022-08-08,0.00984401348978281,0.033845022320747375,0.09192296862602234,
ctx,arbnet_density,2022-08-10,0.008388486690819263,0.032437827438116074,0.1072661280632019,
ctx,arbnet_density,2022-08-11,0.011142885312438011,0.026195349171757698,0.13409459590911865,
ctx,arbnet_density,2022-08-12,0.029227910563349724,0.029055127874016762,0.033165935426950455,
ctx,arbnet_density,2022-08-16,0.01592680811882019,0.014463149942457676,0.21344666182994843,
ctx,arbnet_density,2022-08-17,0.007407619152218103,0.03750107064843178,0.0033688137773424387,
ctx,arbnet_density,2022-08-18,0.01676885411143303,0.019177505746483803,0.19271036982536316,
ctx,arbnet_density,2022-08-19,0.005889313295483589,0.02293359860777855,0.1486591249704361,
ctx,arbnet_density,2022-08-22,0.006322106346487999,0.03448321670293808,0.052945561707019806,
ctx,arbnet_density,2022-08-23,0.005450587719678879,0.03376740589737892,0.041907455772161484,
ctx,arbnet_density,2022-08-24,0.005038443487137556,0.03435695916414261,0.05400765687227249,
ctx,arbnet_density,2022-08-25,0.005310501903295517,0.0330466590821743,0.04208828881382942,
ctx,arbnet_density,2022-08-26,0.009929743595421314,0.030984120443463326,0.06567918509244919,
ctx,arbnet_density,2022-08-29,0.010485460981726646,0.033638838678598404,0.08968166261911392,
ctx,arbnet_density,2022-08-30,0.01243450865149498,0.03366861492395401,0.04460839927196503,
ctx,arbnet_density,2022-09-01,0.00786831509321928,0.03622611612081528,0.02632898837327957,
ctx,arbnet_density,2022-09-02,0.01240665465593338,0.02573857083916664,0.13543801009655,
ctx,arbnet_density,2022-09-05,0.007433370687067509,0.03320075944066048,0.0732937753200531,
ctx,arbnet_density,2022-09-06,0.016253704205155373,0.03534119576215744,0.05572259798645973,
ctx,arbnet_density,2022-09-07,0.0083549739792943,0.03141218051314354,0.08870965242385864,
ctx,arbnet_density,2022-09-08,0.01633002795279026,0.040779851377010345,0.01008742954581976,
ctx,arbnet_density,2022-09-09,0.013167568482458591,0.03547224774956703,0.035767436027526855,
ctx,arbnet_density,2022-09-12,0.008380422368645668,0.023245710879564285,0.14971426129341125,
ctx,arbnet_density,2022-09-13,0.012212423607707024,0.02323106676340103,0.16219793260097504,
ctx,arbnet_density,2022-09-14,0.008981158025562763,0.03235510736703873,0.10073903948068619,
ctx,arbnet_density,2022-09-15,0.006577734835445881,0.03452598676085472,0.04702182114124298,
ctx,arbnet_density,2022-09-16,0.005625052377581596,0.03391774743795395,0.08916942030191422,
ctx,arbnet_density,2022-09-19,0.00708107789978385,0.038175541907548904,0.045442771166563034,
ctx,arbnet_density,2022-09-20,0.011993561871349812,0.03188906982541084,0.07576007395982742,
ctx,arbnet_density,2022-09-21,0.005313998553901911,0.03527490794658661,0.040743906050920486,
ctx,arbnet_density,2022-09-22,0.003021563868969679,0.03605608642101288,0.064386285841465,
ctx,arbnet_density,2022-09-23,0.005694112274795771,0.039112817496061325,0.038907941430807114,
ctx,arbnet_density,2022-09-26,0.007073292508721352,0.04308586195111275,0.03981912508606911,
ctx,arbnet_density,2022-09-27,0.005055903922766447,0.0441751591861248,0.021648569032549858,
ctx,arbnet_density,2022-09-28,0.004942476283758879,0.036614783108234406,0.071758933365345,
ctx,arbnet_density,2022-09-29,0.0068703945726156235,0.03444527089595795,0.08809149265289307,
ctx,arbnet_density,2022-09-30,0.012774640694260597,0.03562328219413757,0.08358209580183029,
ctx,arbnet_density,2022-10-03,0.005458991974592209,0.040720123797655106,0.012351718731224537,
ctx,arbnet_density,2022-10-04,0.011277591809630394,0.03538908809423447,0.06977922469377518,
ctx,arbnet_density,2022-10-06,0.008496690541505814,0.02903839945793152,0.04893447458744049,
ctx,arbnet_density,2022-10-07,0.013046900741755962,0.03825347125530243,0.0301533043384552,
ctx,arbnet_density,2022-10-10,0.013388174585998058,0.039743974804878235,0.009623004123568535,
ctx,arbnet_density,2022-10-11,0.006471828557550907,0.040206797420978546,0.048209235072135925,
ctx,arbnet_density,2022-10-12,0.006246018223464489,0.03991787135601044,0.003774746088311076,
ctx,arbnet_density,2022-10-13,0.006233444903045893,0.03983154147863388,2.518295332265552e-05,
ctx,arbnet_density,2022-10-14,0.01417151466012001,0.01975826360285282,0.1881473809480667,
ctx,arbnet_density,2022-10-17,0.007028548512607813,0.039319124072790146,9.81207540462492e-06,
ctx,arbnet_density,2022-10-18,0.008470921777188778,0.03370945528149605,0.03395302966237068,
ctx,arbnet_density,2022-10-19,0.008115525357425213,0.040020208805799484,0.00010515377653064206,
ctx,arbnet_density,2022-10-20,0.013505226001143456,0.013330467976629734,0.20509806275367737,
ctx,arbnet_density,2022-10-21,0.02029169723391533,0.022942660376429558,0.07984377443790436,
ctx,arbnet_density,2022-10-24,0.007604785729199648,0.03558097407221794,0.00803026556968689,
ctx,arbnet_density,2022-10-25,0.0062625533901154995,0.022749027237296104,0.1562969982624054,
ctx,arbnet_density,2022-10-27,0.01430539321154356,0.029591303318738937,0.06707926839590073,
ctx,arbnet_density,2022-10-28,0.012747721746563911,0.027169203385710716,0.06680422276258469,
ctx,arbnet_density,2022-10-31,0.013728338293731213,0.030232565477490425,0.09766888618469238,
ctx,arbnet_density,2022-11-01,0.00550463330000639,0.03326421603560448,0.04255357384681702,
ctx,arbnet_density,2022-11-02,0.007259230595082045,0.030171522870659828,0.08836112171411514,
ctx,arbnet_density,2022-11-03,0.006496071349829435,0.03121446631848812,0.03068428859114647,
ctx,arbnet_density,2022-11-04,0.008619565516710281,0.026880929246544838,0.08235117793083191,
ctx,arbnet_density,2022-11-07,0.01251604687422514,0.025879153981804848,0.1031382754445076,
ctx,arbnet_density,2022-11-09,0.00616807583719492,0.029459316283464432,0.09328234940767288,
ctx,arbnet_density,2022-11-10,0.004331210628151894,0.035936810076236725,0.01859501749277115,
ctx,arbnet_density,2022-11-11,0.010957464575767517,0.020098458975553513,0.13181330263614655,
ctx,arbnet_density,2022-11-14,0.007201029919087887,0.02447514235973358,0.1278310865163803,
ctx,arbnet_density,2022-11-15,0.015115765854716301,0.025179648771882057,0.06391096115112305,
ctx,arbnet_density,2022-11-16,0.004893019329756498,0.01910100318491459,0.16549737751483917,
ctx,arbnet_density,2022-11-17,0.0033897780813276768,0.027502620592713356,0.05777697265148163,
ctx,arbnet_density,2022-11-18,0.004224952310323715,0.01622060313820839,0.1407041996717453,
ctx,arbnet_density,2022-11-21,0.005788214970380068,0.017903026193380356,0.17830917239189148,
ctx,arbnet_density,2022-11-22,0.002725084312260151,0.012736428529024124,0.20843051373958588,
ctx,arbnet_density,2022-11-23,0.003555967938154936,0.010411898605525494,0.21160788834095,
ctx,arbnet_density,2022-11-24,0.005279187578707933,0.013567201793193817,0.1507883369922638,
ctx,arbnet_density,2022-11-25,0.005356650799512863,0.02152811922132969,0.12482226639986038,
ctx,arbnet_density,2022-11-28,0.01622667908668518,0.02584485337138176,0.10705098509788513,
ctx,arbnet_density,2022-11-29,0.00565318763256073,0.023741822689771652,0.06250389665365219,
ctx,arbnet_density,2022-11-30,0.00829797238111496,0.016716033220291138,0.15868183970451355,
ctx,arbnet_density,2022-12-01,0.007917232811450958,0.020817825570702553,0.10548563301563263,
ctx,arbnet_density,2022-12-02,0.004237093962728977,0.02726924791932106,0.05981609225273132,
ctx,arbnet_density,2022-12-05,0.002729186322540045,0.02015250362455845,0.12006986141204834,
ctx,arbnet_density,2022-12-06,0.00356366322375834,0.021238308399915695,0.11879463493824005,
ctx,arbnet_density,2022-12-07,0.003143487498164177,0.02452291175723076,0.11621599644422531,
ctx,arbnet_density,2022-12-08,0.0029560651164501905,0.027794266119599342,0.03765297308564186,
ctx,arbnet_density,2022-12-09,0.008124954998493195,0.021814633160829544,0.090818852186203,
ctx,arbnet_density,2022-12-12,0.007162595633417368,0.027846330776810646,0.04297227784991264,
ctx,arbnet_density,2022-12-13,0.0020543276332318783,0.030677085742354393,0.035767123103141785,
ctx,arbnet_density,2022-12-14,0.0057936906814575195,0.021345408633351326,0.13430774211883545,
ctx,arbnet_density,2022-12-15,0.004868723452091217,0.020094892010092735,0.13040320575237274,
ctx,arbnet_density,2022-12-16,0.0026279003359377384,0.012583320960402489,0.17202064394950867,
ctx,arbnet_density,2022-12-19,0.004784059710800648,0.026417195796966553,0.07027089595794678,
ctx,arbnet_density,2022-12-20,0.004104224499315023,0.02007867582142353,0.08332451432943344,
ctx,arbnet_density,2022-12-21,0.004661755170673132,0.03082982823252678,0.03618296980857849,
ctx,arbnet_density,2022-12-22,0.004489033482968807,0.03111516498029232,0.02476779744029045,
ctx,arbnet_density,2022-12-23,0.0020613742526620626,0.016741013154387474,0.14851853251457214,
ctx,arbnet_density,2022-12-26,0.009659925475716591,0.01560160145163536,0.17542660236358643,
ctx,arbnet_density,2022-12-27,0.005771950352936983,0.029854945838451385,0.021092388778924942,
ctx,arbnet_density,2022-12-28,0.0005912857013754547,0.023750782012939453,0.07633849233388901,
ctx,arbnet_density,2022-12-29,0.005025533959269524,0.025323253124952316,0.029615867882966995,
ctx,arbnet_density,2022-12-30,0.01024036854505539,0.02149868756532669,0.0909278467297554,
ctx,arbnet_density,2023-01-02,0.004166708793491125,0.02488037943840027,0.04126052185893059,
ctx,arbnet_density,2023-01-03,0.004437192343175411,0.023078296333551407,0.0911383107304573,
ctx,arbnet_density,2023-01-04,0.007260753307491541,0.027519643306732178,0.018872354179620743,
ctx,arbnet_density,2023-01-05,0.004643587861210108,0.025357620790600777,0.018903682008385658,
ctx,arbnet_density,2023-01-06,0.012709659524261951,0.026653164997696877,0.011651517823338509,
ctx,arbnet_density,2023-01-09,0.009610477834939957,0.01830672100186348,0.12621046602725983,
ctx,arbnet_density,2023-01-10,0.004761063493788242,0.02861529029905796,0.0002796088228933513,
ctx,arbnet_density,2023-01-11,0.00851853284984827,0.029335498809814453,0.004637434147298336,
ctx,arbnet_density,2023-01-12,0.003981299232691526,0.025697441771626472,0.0041142734698951244,
ctx,arbnet_density,2023-01-13,0.010620803572237492,0.02681993693113327,9.295108611695468e-06,
ctx,arbnet_density,2023-01-16,0.005213764496147633,0.023648710921406746,0.09245418757200241,
ctx,arbnet_density,2023-01-17,0.0034101861529052258,0.02248488925397396,2.4629243853269145e-05,
ctx,arbnet_density,2023-01-18,0.0035936010535806417,0.024450430646538734,1.0983549145748839e-05,
ctx,arbnet_density,2023-01-19,0.003851650981232524,0.014025427401065826,0.14149701595306396,
ctx,arbnet_density,2023-01-20,0.0032993475906550884,0.026885760948061943,0.00040619674837216735,
ctx,arbnet_density,2023-01-23,0.003849818604066968,0.015819784253835678,0.13315936923027039,
ctx,arbnet_density,2023-01-24,0.00445906026288867,0.025988860055804253,1.843242353061214e-05,
ctx,arbnet_density,2023-01-25,0.008378914557397366,0.02527683414518833,1.8844750229618512e-05,
ctx,arbnet_density,2023-01-27,0.0038605588488280773,0.020506475120782852,0.060675762593746185,
ctx,arbnet_density,2023-01-30,0.011286287568509579,0.03174697235226631,0.004917294252663851,
ctx,arbnet_density,2023-01-31,0.005445871036499739,0.019423501566052437,0.06974007189273834,
ctx,arbnet_density,2023-02-01,0.010206722654402256,0.022872449830174446,0.007756673265248537,
ctx,arbnet_density,2023-02-02,0.011762457899749279,0.016676917672157288,0.08025623112916946,
ctx,arbnet_density,2023-02-03,0.011854557320475578,0.02362213470041752,0.003979532513767481,
ctx,arbnet_density,2023-02-06,0.009841733612120152,0.023631159216165543,0.023954292759299278,
ctx,arbnet_density,2023-02-07,0.011775396764278412,0.02498101070523262,0.008952143602073193,
ctx,arbnet_density,2023-02-08,0.0061850231140851974,0.008869373239576817,0.13361720740795135,
ctx,arbnet_density,2023-02-09,0.009243624284863472,0.006214349064975977,0.1427459716796875,
ctx,arbnet_density,2023-02-10,0.01481959130614996,0.009433919563889503,0.12780384719371796,
ctx,arbnet_density,2023-02-13,0.008868589997291565,0.022285617887973785,7.628346793353558e-05,
ctx,arbnet_density,2023-02-14,0.014403346925973892,0.020862529054284096,0.0005036913207732141,
ctx,arbnet_density,2023-02-15,0.021683774888515472,0.013695355504751205,0.030990319326519966,
ctx,arbnet_density,2023-02-16,0.012707392685115337,0.020322218537330627,0.0004505400429479778,
ctx,arbnet_density,2023-02-17,0.010885706171393394,0.017154717817902565,0.010077564977109432,
ctx,arbnet_density,2023-02-20,0.005359247792512178,0.013613558374345303,0.09978848695755005,
ctx,arbnet_density,2023-02-21,0.006577507592737675,0.018608586862683296,0.0001557275973027572,
ctx,arbnet_density,2023-02-22,0.012920694425702095,0.018958594650030136,0.0003680181980598718,
ctx,arbnet_density,2023-02-23,0.005195374600589275,0.009074957109987736,0.1235642358660698,
ctx,arbnet_density,2023-02-24,0.007234279997646809,0.006616653874516487,0.1285926103591919,
ctx,arbnet_density,2023-02-27,0.011819681152701378,0.011149800382554531,0.06868031620979309,
ctx,arbnet_density,2023-02-28,0.015569833107292652,0.00593974394723773,0.13113810122013092,
ctx,arbnet_density,2023-03-01,0.0068130334839224815,0.003361733164638281,0.14189930260181427,
ctx,arbnet_density,2023-03-02,0.013955994509160519,0.006706370506435633,0.10923761129379272,
ctx,arbnet_density,2023-03-03,0.007957516238093376,0.001315211527980864,0.16641156375408173,
ctx,arbnet_density,2023-03-06,0.006115575321018696,0.008398983627557755,0.07883588969707489,
ctx,arbnet_density,2023-03-08,0.009115501306951046,0.006766495294868946,0.08391650766134262,
ctx,arbnet_density,2023-03-09,0.0073510888032615185,0.007002861239016056,0.135542094707489,
ctx,arbnet_density,2023-03-10,0.009224211797118187,0.005679733585566282,0.16558201611042023,
ctx,arbnet_density,2023-03-13,0.005367985926568508,0.02550666034221649,0.0004959793295711279,
ctx,arbnet_density,2023-03-14,0.010059411637485027,0.025956328958272934,0.0002162719756597653,
ctx,arbnet_density,2023-03-15,0.007576092146337032,0.025090742856264114,0.04706684127449989,
ctx,arbnet_density,2023-03-16,0.00743110291659832,0.024539725854992867,0.00026729190722107887,
ctx,arbnet_density,2023-03-17,0.00799207016825676,0.01963232085108757,0.04773293435573578,
ctx,arbnet_density,2023-03-20,0.009297152981162071,0.027560248970985413,8.428442379226908e-05,
ctx,arbnet_density,2023-03-21,0.008373337797820568,0.021907685324549675,0.000775457767304033,
ctx,arbnet_density,2023-03-22,0.0056546153500676155,0.019190389662981033,0.08330976217985153,
ctx,arbnet_density,2023-03-23,0.008478643372654915,0.016499873250722885,0.015484897419810295,
ctx,arbnet_density,2023-03-24,0.008096105419099331,0.025218330323696136,0.0031348157208412886,
ctx,arbnet_density,2023-03-27,0.004702877253293991,0.024702323600649834,0.0012639535125344992,
ctx,arbnet_density,2023-03-28,0.0064130546525120735,0.02448037825524807,8.824966062093154e-05,
ctx,arbnet_density,2023-03-29,0.010538069531321526,0.018352875486016273,0.013449703343212605,
ctx,arbnet_density,2023-03-31,0.023625986650586128,0.00980161689221859,0.05761256814002991,
ctx,arbnet_density,2023-04-03,0.013738184235990047,0.01416925247758627,0.0632932111620903,
ctx,arbnet_density,2023-04-05,0.008749260567128658,0.0038997740484774113,0.16799214482307434,
ctx,arbnet_density,2023-04-06,0.009334919042885303,0.0015909235225990415,0.15349072217941284,
ctx,arbnet_density,2023-04-10,0.007142364047467709,0.02252606861293316,0.0269854124635458,
ctx,arbnet_density,2023-04-11,0.005094250198453665,0.015037612989544868,0.11236001551151276,
ctx,arbnet_density,2023-04-12,0.008657806552946568,0.006625622045248747,0.12493561953306198,
ctx,arbnet_density,2023-04-13,0.01082862913608551,0.0029878311324864626,0.16172073781490326,
ctx,arbnet_density,2023-04-17,0.007801739498972893,0.02340967394411564,0.00039087951881811023,
ctx,arbnet_density,2023-04-18,0.008229652419686317,0.01738991029560566,0.024544302374124527,
ctx,arbnet_density,2023-04-19,0.004610302858054638,0.013427508063614368,0.11277299374341965,
ctx,arbnet_density,2023-04-20,0.010873520746827126,0.015063355676829815,0.00943750236183405,
ctx,arbnet_density,2023-04-21,0.007304544560611248,0.013024280779063702,0.11980600655078888,
ctx,arbnet_density,2023-04-24,0.013061574660241604,0.021634913980960846,7.90424455772154e-05,
ctx,arbnet_density,2023-04-25,0.00491679459810257,0.0035884997341781855,0.17300297319889069,
ctx,arbnet_density,2023-04-26,0.004608316347002983,0.01269178930670023,0.033773358911275864,
ctx,arbnet_density,2023-04-27,0.005639162380248308,0.00394755182787776,0.1998036801815033,
ctx,arbnet_density,2023-04-28,0.006444155238568783,0.00011933287169085816,0.11616933345794678,
ctx,arbnet_density,2023-05-02,0.005066723562777042,0.01083847414702177,0.13365180790424347,
ctx,arbnet_density,2023-05-03,0.009981827810406685,0.003216843819245696,0.14218153059482574,
ctx,arbnet_density,2023-05-04,0.009548171423375607,0.00045190751552581787,0.0893133357167244,
ctx,arbnet_density,2023-05-05,0.006098181940615177,0.012892834842205048,0.09876421838998795,
ctx,arbnet_density,2023-05-08,0.006249145604670048,0.01297823991626501,0.06795360893011093,
ctx,arbnet_density,2023-05-09,0.005775631871074438,0.010252580046653748,0.052411068230867386,
ctx,arbnet_density,2023-05-10,0.0054418910294771194,0.013606828637421131,0.05721006914973259,
ctx,arbnet_density,2023-05-11,0.005858925171196461,0.020369261503219604,0.01902317814528942,
ctx,arbnet_density,2023-05-12,0.005848887842148542,0.0076105329208076,0.11668071150779724,
ctx,arbnet_density,2023-05-15,0.004850269295275211,0.013592987321317196,0.056246355175971985,
ctx,arbnet_density,2023-05-16,0.006029967684298754,0.00752810575067997,0.12076544016599655,
ctx,arbnet_density,2023-05-17,0.005385260563343763,0.01619480550289154,0.025570152327418327,
ctx,arbnet_density,2023-05-18,0.0075807091780006886,0.004452562890946865,0.11846069991588593,
ctx,arbnet_density,2023-05-19,0.007886840030550957,0.015528339892625809,0.004985449369996786,
ctx,arbnet_density,2023-05-22,0.006429604720324278,0.016726508736610413,0.018586063757538795,
ctx,arbnet_density,2023-05-23,0.004780265036970377,0.005212472286075354,0.13870736956596375,
ctx,arbnet_density,2023-05-24,0.005663788877427578,0.015247801318764687,5.260733450995758e-05,
ctx,arbnet_density,2023-05-25,0.009141765534877777,0.014817873947322369,0.00044493345194496214,
ctx,arbnet_density,2023-05-26,0.005372196901589632,0.0032951345201581717,0.05746134743094444,
ctx,arbnet_density,2023-05-29,0.0045867301523685455,0.006848457269370556,0.04914331063628197,
ctx,arbnet_density,2023-05-30,0.00354434410110116,0.0013508031843230128,0.15436992049217224,
ctx,arbnet_density,2023-05-31,0.002255281899124384,0.011039328761398792,0.01276799850165844,
ctx,arbnet_density,2023-06-01,0.0016767284832894802,0.007358921226114035,0.04009094089269638,
ctx,arbnet_density,2023-06-02,0.009115689434111118,0.008048290386795998,0.11221866309642792,
ctx,arbnet_density,2023-06-05,0.005671059247106314,0.008804131299257278,0.05969130992889404,
ctx,arbnet_density,2023-06-06,0.006287551485002041,0.009135998785495758,0.05894961208105087,
ctx,arbnet_density,2023-06-07,0.007822784595191479,0.011102006770670414,0.046043310314416885,
ctx,arbnet_density,2023-06-08,0.005248646717518568,0.01346350833773613,0.07799208164215088,
ctx,arbnet_density,2023-06-09,0.0062316786497831345,0.012227586470544338,0.07412223517894745,
ctx,arbnet_density,2023-06-12,0.008079256862401962,0.015140864998102188,0.03499456122517586,
ctx,arbnet_density,2023-06-13,0.006209643557667732,0.012685421854257584,0.0874335989356041,
ctx,arbnet_density,2023-06-14,0.0054305423982441425,0.010288127698004246,0.10877490043640137,
ctx,arbnet_density,2023-06-15,0.011025774292647839,0.008816222660243511,0.09596091508865356,
ctx,arbnet_density,2023-06-16,0.004423064645379782,0.015321142040193081,0.026620225980877876,
ctx,arbnet_density,2023-06-19,0.006251408718526363,0.014784477651119232,0.05405039340257645,
ctx,arbnet_density,2023-06-20,0.00473021948710084,0.013733740895986557,0.07327336072921753,
ctx,arbnet_density,2023-06-21,0.0016065742820501328,0.01566934958100319,0.06462375074625015,
ctx,arbnet_density,2023-06-22,0.0035459480714052916,0.009989602491259575,0.05457454174757004,
ctx,arbnet_density,2023-06-23,0.0036486510653048754,0.008925520814955235,0.10744480043649673,
ctx,arbnet_density,2023-06-26,0.0050165834836661816,0.008927016519010067,0.1038050726056099,
ctx,arbnet_density,2023-06-27,0.004838406573981047,0.00776285445317626,0.10238609462976456,
ctx,arbnet_density,2023-06-28,0.005538539495319128,0.01612718589603901,0.006218267604708672,
ctx,arbnet_density,2023-06-30,0.015158222056925297,0.007605122402310371,0.0886487066745758,
ctx,arbnet_density,2023-07-03,0.006453245412558317,0.005478392355144024,0.08110620826482773,
ctx,arbnet_density,2023-07-04,0.008314249105751514,0.0055235945619642735,0.0784611850976944,
ctx,arbnet_density,2023-07-05,0.01172721665352583,0.01065060030668974,0.034653160721063614,
ctx,arbnet_density,2023-07-06,0.013561357744038105,0.007790591102093458,0.04718842729926109,
ctx,arbnet_density,2023-07-07,0.01940349116921425,0.01582854986190796,0.021251926198601723,
ctx,arbnet_density,2023-07-10,0.013882226310670376,0.011427407152950764,0.023048773407936096,
ctx,arbnet_density,2023-07-11,0.007053956389427185,0.01643187366425991,0.018595023080706596,
ctx,arbnet_density,2023-07-12,0.003481680527329445,0.009752180427312851,0.07709057629108429,
ctx,arbnet_density,2023-07-13,0.007945014163851738,0.012707916088402271,0.028475094586610794,
ctx,arbnet_density,2023-07-14,0.011159957386553288,0.011832092888653278,0.05969323217868805,
ctx,arbnet_density,2023-07-17,0.0036666940432041883,0.008769836276769638,0.06934735178947449,
ctx,arbnet_density,2023-07-18,0.0069099050015211105,0.013147974386811256,0.013425040058791637,
ctx,arbnet_density,2023-07-19,0.008222058415412903,0.010202798061072826,0.08486424386501312,
ctx,arbnet_density,2023-07-20,0.008567261509597301,0.0025423539336770773,0.10342701524496078,
ctx,arbnet_density,2023-07-21,0.003642923664301634,0.008948761969804764,0.0870257169008255,
ctx,arbnet_density,2023-07-24,0.006164305843412876,0.016644151881337166,0.0005482148262672126,
ctx,arbnet_density,2023-07-25,0.002916335593909025,0.012942736968398094,0.07819529622793198,
ctx,arbnet_density,2023-07-26,0.004943206440657377,0.008319924585521221,0.11228101700544357,
ctx,arbnet_density,2023-07-27,0.0039850445464253426,0.013443761505186558,0.017857100814580917,
ctx,arbnet_density,2023-07-28,0.015597078949213028,0.005500044673681259,0.07548172026872635,
ctx,arbnet_density,2023-07-31,0.010709117166697979,0.010635578073561192,0.04616743326187134,
ctx,arbnet_density,2023-08-01,0.008152712136507034,0.006348458118736744,0.06551387906074524,
ctx,arbnet_density,2023-08-02,0.008481656201183796,0.0059546190313994884,0.057786211371421814,
ctx,arbnet_density,2023-08-03,0.009483469650149345,0.0061764903366565704,0.04914844036102295,
ctx,arbnet_density,2023-08-04,0.012417888268828392,0.006154336500912905,0.04701846092939377,
ctx,arbnet_density,2023-08-07,0.012127937749028206,0.006765203084796667,0.05400571599602699,
ctx,arbnet_density,2023-08-08,0.012831004336476326,0.0038638957776129246,0.06659526377916336,
ctx,arbnet_density,2023-08-09,0.013767249882221222,0.001674795406870544,0.11785988509654999,
ctx,arbnet_density,2023-08-10,0.012878990732133389,0.005145661532878876,0.06969904899597168,
ctx,arbnet_density,2023-08-11,0.008415954187512398,0.007894404232501984,0.0925929918885231,
ctx,arbnet_density,2023-08-14,0.01385073084384203,0.007668063510209322,0.088271364569664,
ctx,arbnet_density,2023-08-16,0.013256007805466652,0.007771712262183428,0.0361555814743042,
ctx,arbnet_density,2023-08-17,0.003291728440672159,0.005649886094033718,0.09758637100458145,
ctx,arbnet_density,2023-08-18,0.006779024843126535,0.004742677789181471,0.10087081789970398,
ctx,arbnet_density,2023-08-21,0.0034264179412275553,0.01021664123982191,0.08538463711738586,
ctx,arbnet_density,2023-08-22,0.003659934038296342,0.013548220507800579,6.392340583261102e-05,
ctx,arbnet_density,2023-08-23,0.007596947252750397,0.0036606104113161564,0.10759439319372177,
ctx,arbnet_density,2023-08-24,0.004726939834654331,0.007878447882831097,0.0851590484380722,
ctx,arbnet_density,2023-08-25,0.0044196369126439095,0.008147177286446095,0.06184722110629082,
ctx,arbnet_density,2023-08-28,0.00355489831417799,0.016013547778129578,0.00022704013099428266,
ctx,arbnet_density,2023-08-29,0.004294170066714287,0.009048675186932087,0.08956001698970795,
ctx,arbnet_density,2023-08-30,0.001803538529202342,0.011170772835612297,0.06601323187351227,
ctx,arbnet_density,2023-08-31,0.006659248843789101,0.01443088985979557,0.010171070694923401,
ctx,arbnet_density,2023-09-01,0.013708081096410751,0.0012982392217963934,0.09700476378202438,
ctx,arbnet_density,2023-09-04,0.008843081071972847,0.009497278369963169,0.05327657237648964,
ctx,arbnet_density,2023-09-05,0.005419870838522911,0.007861081510782242,0.05911600962281227,
ctx,arbnet_density,2023-09-06,0.007056636735796928,0.003037971444427967,0.1012125089764595,
ctx,arbnet_density,2023-09-07,0.007720830384641886,0.006865832023322582,0.055247578769922256,
ctx,arbnet_density,2023-09-08,0.007424058858305216,0.0036364581901580095,0.09214085340499878,
ctx,arbnet_density,2023-09-11,0.004032932687550783,0.011440878733992577,0.0628337487578392,
ctx,arbnet_density,2023-09-12,0.00986556801944971,0.012413321994245052,0.07420613616704941,
ctx,arbnet_density,2023-09-13,0.008354099467396736,0.01189451850950718,0.07778091728687286,
ctx,arbnet_density,2023-09-14,0.004483258351683617,0.005306991748511791,0.08868755400180817,
ctx,arbnet_density,2023-09-15,0.0059010544791817665,0.008006326854228973,0.0809607207775116,
ctx,arbnet_density,2023-09-18,0.007043761666864157,0.008983164094388485,0.09026573598384857,
ctx,arbnet_density,2023-09-20,0.002619871636852622,0.011823732405900955,0.06633003801107407,
ctx,arbnet_density,2023-09-21,0.0020141596905887127,0.008458497002720833,0.09390071034431458,
ctx,arbnet_density,2023-09-22,0.00739907706156373,0.016213499009609222,3.276560892118141e-05,
ctx,arbnet_density,2023-09-25,0.007152059115469456,0.0164045263081789,0.00032472930615767837,
ctx,arbnet_density,2023-09-26,0.006036941893398762,0.007039075251668692,0.09761982411146164,
ctx,arbnet_density,2023-09-27,0.0050876145251095295,0.014549692161381245,9.616762690711766e-05,
ctx,arbnet_density,2023-09-28,0.004437523894011974,0.01183412317186594,0.05687975510954857,
ctx,arbnet_density,2023-09-29,0.010350183583796024,0.004402960184961557,0.08286880701780319,
ctx,arbnet_density,2023-10-03,0.006264070980250835,0.008013912476599216,0.04256397485733032,
ctx,arbnet_density,2023-10-04,0.008543729782104492,0.0065904599614441395,0.0406058244407177,
ctx,arbnet_density,2023-10-05,0.01832476817071438,0.004635247867554426,0.03313285857439041,
ctx,arbnet_density,2023-10-06,0.006689067464321852,0.004655269905924797,0.04659085348248482,
ctx,arbnet_density,2023-10-09,0.007225719280540943,0.009365219622850418,0.022790485993027687,
ctx,arbnet_density,2023-10-10,0.006774223409593105,0.010559654794633389,0.02259453944861889,
ctx,arbnet_density,2023-10-11,0.01352529413998127,0.009995494969189167,0.011146506294608116,
ctx,arbnet_density,2023-10-12,0.006834127940237522,0.00870936643332243,0.04121479019522667,
ctx,arbnet_density,2023-10-13,0.010815202258527279,0.009576890617609024,0.005675047170370817,
ctx,arbnet_density,2023-10-16,0.007353981491178274,0.010857020504772663,0.007050188258290291,
ctx,arbnet_density,2023-10-17,0.0047544026747345924,0.009004194289445877,0.01321745291352272,
ctx,arbnet_density,2023-10-18,0.0039538429118692875,0.010184469632804394,0.017818951979279518,
ctx,arbnet_density,2023-10-19,0.006208040751516819,0.00945071130990982,0.010139450430870056,
ctx,arbnet_density,2023-10-20,0.004338428378105164,0.00976013857871294,0.015630824491381645,
ctx,arbnet_density,2023-10-23,0.0042227404192090034,0.012159406207501888,0.011162740178406239,
ctx,arbnet_density,2023-10-25,0.00855089258402586,0.01380283571779728,0.003460535081103444,
ctx,arbnet_density,2023-10-26,0.009224848821759224,0.013975395821034908,0.009793438017368317,
ctx,arbnet_density,2023-10-27,0.0047010271809995174,0.006408235058188438,0.042576007544994354,
ctx,arbnet_density,2023-10-30,0.006162538658827543,0.008508057333528996,0.03019857592880726,
ctx,arbnet_density,2023-10-31,0.0031559152994304895,0.009129933081567287,0.03634651377797127,
ctx,arbnet_density,2023-11-01,0.0051435139030218124,0.008528276346623898,0.03720611333847046,
ctx,arbnet_density,2023-11-02,0.0064751203171908855,0.007710113190114498,0.0318501815199852,
ctx,arbnet_density,2023-11-03,0.00828874297440052,0.006345981266349554,0.04338238388299942,
ctx,arbnet_density,2023-11-06,0.008316134102642536,0.0072510018944740295,0.03063827008008957,
ctx,arbnet_density,2023-11-07,0.005447892006486654,0.006998593453317881,0.03256045654416084,
ctx,arbnet_density,2023-11-08,0.007470624055713415,0.0076071457006037235,0.03277147561311722,
ctx,arbnet_density,2023-11-09,0.0030986343044787645,0.006151618901640177,0.04465557634830475,
ctx,arbnet_density,2023-11-10,0.008263899013400078,0.006466045510023832,0.030098186805844307,
ctx,arbnet_density,2023-11-13,0.003154927399009466,0.007947038859128952,0.03192083165049553,
ctx,arbnet_density,2023-11-15,0.00892296340316534,0.0068419319577515125,0.052174828946590424,
ctx,arbnet_density,2023-11-16,0.008023982867598534,0.007427467964589596,0.027701569721102715,
ctx,arbnet_density,2023-11-17,0.0036925561726093292,0.010152485221624374,0.036681633442640305,
ctx,arbnet_density,2023-11-20,0.0030461258720606565,0.011303873732686043,0.02587537094950676,
ctx,arbnet_density,2023-11-21,0.004253725986927748,0.014371505938470364,0.010047403164207935,
ctx,arbnet_density,2023-11-22,0.014881559647619724,0.012100151740014553,0.00985909253358841,
ctx,arbnet_density,2023-11-23,0.004015075974166393,0.00952243059873581,0.018994905054569244,
ctx,arbnet_density,2023-11-24,0.006692191120237112,0.007089006714522839,0.051559507846832275,
ctx,arbnet_density,2023-11-28,0.0024529355578124523,0.01222657784819603,0.011527597904205322,
ctx,arbnet_density,2023-11-29,0.003983627073466778,0.012183582410216331,0.009586576372385025,
ctx,arbnet_density,2023-11-30,0.0015990238171070814,0.011283005587756634,0.01480135228484869,
ctx,arbnet_density,2023-12-01,0.003370555117726326,0.0102251460775733,0.021175038069486618,
ctx,arbnet_density,2023-12-04,0.0013413517735898495,0.011328941211104393,0.0185238029807806,
ctx,arbnet_density,2023-12-05,0.0016238096868619323,0.01105648186057806,0.021901780739426613,
ctx,arbnet_density,2023-12-06,0.0019271059427410364,0.013989239931106567,0.003929268103092909,
ctx,arbnet_density,2023-12-07,0.002145636361092329,0.013471877202391624,0.012971576303243637,
ctx,arbnet_density,2023-12-08,0.003001475241035223,0.012048445641994476,0.012401591055095196,
ctx,arbnet_density,2023-12-11,0.002704635728150606,0.012027237564325333,0.019930612295866013,
ctx,arbnet_density,2023-12-12,0.0016060277121141553,0.014578751288354397,0.008695186115801334,
ctx,arbnet_density,2023-12-13,0.007775351870805025,0.01234171912074089,0.01718316040933132,
ctx,arbnet_density,2023-12-14,0.0018484502797946334,0.012784779071807861,0.009013923816382885,
ctx,arbnet_density,2023-12-15,0.03577790781855583,0.013183186762034893,0.017624782398343086,
ctx,arbnet_density,2023-12-18,0.0015486156335100532,0.014965874142944813,0.011480485089123249,
ctx,arbnet_density,2023-12-19,0.012136808596551418,0.01811748556792736,8.39741769596003e-05,
ctx,arbnet_density,2023-12-20,0.0008871275349520147,0.02085510827600956,0.003416933584958315,
ctx,arbnet_density,2023-12-21,0.0064307646825909615,0.018934650346636772,0.006952507421374321,
ctx,arbnet_density,2023-12-22,0.0013936285395175219,0.01710258424282074,4.191885454929434e-05,
ctx,arbnet_density,2023-12-26,0.0015367219457402825,0.018292732536792755,0.01288355328142643,
ctx,arbnet_density,2023-12-27,0.002082646358758211,0.016876837238669395,0.022040773183107376,
ctx,arbnet_density,2023-12-28,0.0014390985015779734,0.01905341073870659,6.518166628666222e-06,
ctx,arbnet_density,2023-12-29,0.0014427249552682042,0.016540536656975746,0.011587793938815594,
ctx,arbnet_density,2024-01-01,0.0015115429414436221,0.02012309432029724,0.00020150956697762012,
ctx,arbnet_density,2024-01-02,0.0020488444715738297,0.017698785290122032,0.0023855031467974186,
ctx,arbnet_density,2024-01-03,0.003873968031257391,0.015803035348653793,0.019861869513988495,
ctx,arbnet_density,2024-01-04,0.00535226333886385,0.014304379001259804,0.025461271405220032,
ctx,arbnet_density,2024-01-05,0.00843875389546156,0.011301049031317234,0.032931603491306305,
ctx,arbnet_density,2024-01-08,0.0031632808968424797,0.014682823792099953,0.02187357284128666,
ctx,arbnet_density,2024-01-09,0.0036228152457624674,0.014805170707404613,0.00795371737331152,
ctx,arbnet_density,2024-01-10,0.004436812363564968,0.015635943040251732,0.015186124481260777,
ctx,arbnet_density,2024-01-11,0.0037149363197386265,0.012500432319939137,0.02445981837809086,
ctx,arbnet_density,2024-01-12,0.003308771410956979,0.014276835136115551,0.02257723920047283,
ctx,arbnet_density,2024-01-15,0.0025157479103654623,0.017684228718280792,0.021188460290431976,
ctx,arbnet_density,2024-01-16,0.00281168008223176,0.015409867279231548,0.020500587299466133,
ctx,arbnet_density,2024-01-17,0.001108090509660542,0.021625777706503868,0.010432983748614788,
ctx,arbnet_density,2024-01-18,0.0048463912680745125,0.021344879642128944,0.00014441341045312583,
ctx,arbnet_density,2024-01-19,0.0015460705617442727,0.019522322341799736,0.0015150272520259023,
ctx,arbnet_density,2024-01-23,0.0003988409589510411,0.020255936309695244,0.003339697141200304,
ctx,arbnet_density,2024-01-24,0.0011460795067250729,0.02125285007059574,3.3422551496187225e-05,
ctx,arbnet_density,2024-01-25,0.002458079718053341,0.020282119512557983,0.00016926780517678708,
ctx,arbnet_density,2024-01-29,0.00057650962844491,0.01821996457874775,0.00016636830696370453,
ctx,arbnet_density,2024-01-30,0.0008902573026716709,0.019447727128863335,0.00037282443372532725,
ctx,arbnet_density,2024-01-31,0.0005832015303894877,0.018530331552028656,0.0001302002347074449,
ctx,arbnet_density,2024-02-01,0.0025101657956838608,0.015036446042358875,0.010957136750221252,
ctx,arbnet_density,2024-02-02,0.001303997472859919,0.01614060252904892,0.015560009516775608,
ctx,arbnet_density,2024-02-05,0.0023593411315232515,0.01745203509926796,0.0012076266575604677,
ctx,arbnet_density,2024-02-06,0.0008760830969549716,0.01731177605688572,3.847276821034029e-05,
ctx,arbnet_density,2024-02-07,0.0007226689485833049,0.01731892116367817,2.493527608748991e-05,
ctx,arbnet_density,2024-02-08,0.0015355648938566446,0.02003656141459942,0.010210540145635605,
ctx,arbnet_density,2024-02-09,0.0030097265262156725,0.017489461228251457,0.0014441624516621232,
ctx,arbnet_density,2024-02-12,0.0017862587701529264,0.018029993399977684,2.212920480815228e-05,
ctx,arbnet_density,2024-02-13,0.0016101301880553365,0.019189532846212387,0.010951749049127102,
ctx,arbnet_density,2024-02-14,0.0014751292765140533,0.01836398057639599,8.487240847898647e-05,
ctx,arbnet_density,2024-02-15,0.0006561134941875935,0.019102036952972412,1.2868014891864732e-05,
ctx,arbnet_density,2024-02-16,0.0010186585132032633,0.0171924140304327,4.9031306843971834e-05,
ctx,arbnet_density,2024-02-19,0.00035829763510264456,0.017646528780460358,1.8047283447231166e-05,
ctx,arbnet_density,2024-02-20,0.000477650755783543,0.01797780580818653,8.17205072962679e-05,
ctx,arbnet_density,2024-02-21,0.0005302695790305734,0.017872458323836327,1.9872451957780868e-05,
ctx,arbnet_density,2024-02-22,0.0009962058393284678,0.017388010397553444,0.00037982341018505394,
ctx,arbnet_density,2024-02-23,0.0010787916835397482,0.01707964390516281,0.00013425713405013084,
ctx,arbnet_density,2024-02-26,0.0009661961812525988,0.01572234183549881,7.23873745300807e-05,
ctx,arbnet_density,2024-02-27,0.0011359354248270392,0.017847616225481033,0.015807120129466057,
ctx,arbnet_density,2024-02-28,0.0007393377600237727,0.01885664090514183,0.00016925168165471405,
ctx,arbnet_density,2024-02-29,0.004832003731280565,0.018874721601605415,0.02999388426542282,
ctx,arbnet_density,2024-03-01,0.0005764724919572473,0.01617177203297615,0.021420704200863838,
ctx,arbnet_density,2024-03-04,0.0015303788240998983,0.015623614192008972,0.021834800019860268,
ctx,arbnet_density,2024-03-05,0.0024868047330528498,0.017317457124590874,0.002285393187776208,
ctx,arbnet_density,2024-03-06,0.004066132009029388,0.01834001950919628,9.33200408326229e-06,
ctx,arbnet_density,2024-03-07,0.004016197752207518,0.011990563943982124,0.02178211137652397,
ctx,arbnet_density,2024-03-11,0.0022663262207061052,0.01734011434018612,4.646280285669491e-05,
ctx,arbnet_density,2024-03-12,0.0018910019425675273,0.01834140531718731,6.769413448637351e-05,
ctx,arbnet_density,2024-03-13,0.007163197733461857,0.017510099336504936,0.03263338655233383,
ctx,arbnet_density,2024-03-14,0.005557811353355646,0.017860805615782738,2.6064133635372855e-05,
ctx,arbnet_density,2024-03-15,0.0024913083761930466,0.015389814041554928,0.032671790570020676,
ctx,arbnet_density,2024-03-18,0.0009247816633433104,0.018529336899518967,0.015386166051030159,
ctx,arbnet_density,2024-03-19,0.009316368028521538,0.018247047439217567,1.215232032336644e-06,
ctx,arbnet_density,2024-03-20,0.0020362548530101776,0.017909973859786987,9.042233614309225e-06,
ctx,arbnet_density,2024-03-21,0.004094868898391724,0.016155511140823364,1.8430526324664243e-05,
ctx,arbnet_density,2024-03-22,0.003618326038122177,0.015328168869018555,0.008962821215391159,
ctx,arbnet_density,2024-03-26,0.006369683891534805,0.017074385657906532,0.00037581316428259015,
ctx,arbnet_density,2024-03-27,0.0009436166728846729,0.01655830442905426,0.0017365554813295603,
ctx,arbnet_density,2024-03-28,0.000961374316830188,0.013038615696132183,0.016667252406477928,
ctx,arbnet_density,2024-04-01,0.010637649334967136,0.013735314831137657,0.04259653761982918,
ctx,arbnet_density,2024-04-02,0.006086041685193777,0.008865357376635075,0.053375136107206345,
ctx,arbnet_density,2024-04-03,0.0068566566333174706,0.012267939746379852,0.044016893953084946,
ctx,arbnet_density,2024-04-04,0.008778041228652,0.010292678140103817,0.03409523144364357,
ctx,arbnet_density,2024-04-05,0.006777454633265734,0.011252445168793201,0.05068838223814964,
ctx,arbnet_density,2024-04-08,0.00491219712421298,0.013009265065193176,0.040353816002607346,
ctx,arbnet_density,2024-04-09,0.005215529352426529,0.013654283247888088,0.027872322127223015,
ctx,arbnet_density,2024-04-10,0.005555938929319382,0.008742151781916618,0.05731496959924698,
ctx,arbnet_density,2024-04-12,0.006278389599174261,0.012029638513922691,0.044125061482191086,
ctx,arbnet_density,2024-04-15,0.006894822232425213,0.016143761575222015,0.030657153576612473,
ctx,arbnet_density,2024-04-16,0.009306608699262142,0.014767887070775032,0.03755221143364906,
ctx,arbnet_density,2024-04-18,0.007509985473006964,0.016905564814805984,0.02618447132408619,
ctx,arbnet_density,2024-04-19,0.005956156179308891,0.011824360117316246,0.04441617801785469,
ctx,arbnet_density,2024-04-22,0.0027316196355968714,0.0129003981128335,0.04368067905306816,
ctx,arbnet_density,2024-04-23,0.005083762109279633,0.009596635587513447,0.05167166143655777,
ctx,arbnet_density,2024-04-24,0.0026348286774009466,0.011945951730012894,0.035288043320178986,
ctx,arbnet_density,2024-04-25,0.0069032879546284676,0.006856943946331739,0.07837308198213577,
ctx,arbnet_density,2024-04-26,0.0032887982670217752,0.011061212047934532,0.04744093865156174,
ctx,arbnet_density,2024-04-29,0.0061085461638867855,0.010810218751430511,0.05360173061490059,
ctx,arbnet_density,2024-04-30,0.005473780911415815,0.012850889004766941,0.049744896590709686,
ctx,arbnet_density,2024-05-02,0.003313549794256687,0.012835731729865074,0.04775496572256088,
ctx,arbnet_density,2024-05-03,0.0017266483046114445,0.01518516056239605,0.05249132961034775,
ctx,arbnet_density,2024-05-06,0.0034499489702284336,0.024960365146398544,0.0039784833788871765,
ctx,arbnet_density,2024-05-07,0.002104151761159301,0.018536947667598724,0.040621064603328705,
ctx,arbnet_density,2024-05-08,0.0063432734459638596,0.017040442675352097,0.0546695701777935,
ctx,arbnet_density,2024-05-09,0.0034982769284397364,0.029329722747206688,0.017718831077218056,
ctx,arbnet_density,2024-05-10,0.0010589819867163897,0.0255911722779274,0.03641395643353462,
ctx,arbnet_density,2024-05-13,0.0018156261648982763,0.03138984367251396,2.894612043746747e-05,
ctx,arbnet_density,2024-05-14,0.005264717619866133,0.030183104798197746,1.742334097798448e-05,
ctx,arbnet_density,2024-05-15,0.0005773366428911686,0.03416528180241585,0.01159321703016758,
ctx,arbnet_density,2024-05-16,0.005331060849130154,0.02647760696709156,0.011517529375851154,
ctx,arbnet_density,2024-05-17,0.002574060345068574,0.02504188008606434,2.4707607735763304e-05,
ctx,arbnet_density,2024-05-21,0.0025525283999741077,0.03112936019897461,3.435448161326349e-05,
ctx,arbnet_density,2024-05-22,0.005378656089305878,0.029906947165727615,0.002974988892674446,
ctx,arbnet_density,2024-05-23,0.0014091222546994686,0.0264248289167881,7.689509220654145e-05,
ctx,arbnet_density,2024-05-24,0.001158289727754891,0.028227422386407852,0.0004743391473311931,
ctx,arbnet_density,2024-05-27,0.0011724138166755438,0.021204832941293716,0.00013780634617432952,
ctx,arbnet_density,2024-05-28,0.0011057968949899077,0.026457877829670906,0.0008263029158115387,
ctx,arbnet_density,2024-05-29,0.0014682675246149302,0.028357967734336853,0.00020590174244716763,
ctx,arbnet_density,2024-05-30,0.0016954058082774282,0.018286025151610374,0.0333673395216465,
ctx,arbnet_density,2024-05-31,0.0037857643328607082,0.016673149541020393,0.004518644418567419,
ctx,arbnet_density,2024-06-03,0.0031617148779332638,0.02118280716240406,0.001267655286937952,
ctx,arbnet_density,2024-06-04,0.004742655903100967,0.03077271394431591,1.540847006253898e-05,
ctx,arbnet_density,2024-06-05,0.00476483628153801,0.02016197144985199,0.03804146870970726,
ctx,arbnet_density,2024-06-06,0.005023036152124405,0.01946108601987362,0.030682789161801338,
ctx,arbnet_density,2024-06-07,0.0076875220984220505,0.019759906455874443,0.058702778071165085,
ctx,arbnet_density,2024-06-10,0.010186905041337013,0.021829109638929367,0.023956935852766037,
ctx,arbnet_density,2024-06-11,0.0072585479356348515,0.02019573003053665,0.03188404440879822,
ctx,arbnet_density,2024-06-12,0.004891646094620228,0.019249917939305305,0.01863086223602295,
ctx,arbnet_density,2024-06-13,0.010012847371399403,0.006574142724275589,0.07638638466596603,
ctx,arbnet_density,2024-06-14,0.010700276121497154,0.01005727518349886,0.06440237164497375,
ctx,arbnet_density,2024-06-18,0.007329593412578106,0.01839262805879116,0.014592519029974937,
ctx,arbnet_density,2024-06-19,0.00990433432161808,0.015477285720407963,0.07400687038898468,
ctx,arbnet_density,2024-06-20,0.008351337164640427,0.008968775160610676,0.10908164083957672,
ctx,arbnet_density,2024-06-21,0.00678399670869112,0.010008664801716805,0.1100573018193245,
ctx,arbnet_density,2024-06-24,0.0020187771879136562,0.01910773292183876,0.013991246931254864,
ctx,arbnet_density,2024-06-25,0.0035554750356823206,0.018982218578457832,0.05965186655521393,
ctx,arbnet_density,2024-06-26,0.006924223620444536,0.012628023512661457,0.11149143427610397,
ctx,arbnet_density,2024-06-27,0.012017188593745232,0.010145677253603935,0.038057345896959305,
ctx,arbnet_density,2024-06-28,0.007824672386050224,0.013658829964697361,0.07662655413150787,
ctx,arbnet_density,2024-07-01,0.004276776686310768,0.014794901013374329,0.06135491281747818,
ctx,arbnet_density,2024-07-02,0.005572387482970953,0.014072352088987827,0.07912349700927734,
ctx,arbnet_density,2024-07-03,0.013301689177751541,0.013125758618116379,0.08820460736751556,
ctx,arbnet_density,2024-07-04,0.0063027273863554,0.007777432445436716,0.0717029795050621,
ctx,arbnet_density,2024-07-05,0.009955172426998615,0.011855092830955982,0.07512761652469635,
ctx,arbnet_density_skew,2019-01-01,0.01114775612950325,0.007459292653948069,0.0004549142031464726,8.19845962524414
ctx,arbnet_density_skew,2019-01-02,0.020784473046660423,0.014667527750134468,0.059068579226732254,6.9152655601501465
ctx,arbnet_density_skew,2019-01-03,0.009700905531644821,0.013162482529878616,0.0006127867382019758,10.729203224182129
ctx,arbnet_density_skew,2019-01-04,0.01583988592028618,0.010755284689366817,0.000204188545467332,9.964407920837402
ctx,arbnet_density_skew,2019-01-07,0.012707284651696682,0.011379756964743137,0.00025648542214185,9.027375221252441
ctx,arbnet_density_skew,2019-01-08,0.04156035929918289,0.01323667075484991,0.048293061554431915,5.221358776092529
ctx,arbnet_density_skew,2019-01-09,0.04039650782942772,0.011715790256857872,0.0012277598725631833,5.526627540588379
ctx,arbnet_density_skew,2019-01-10,0.027887661010026932,0.015176814049482346,0.037056658416986465,6.346341133117676
ctx,arbnet_density_skew,2019-01-11,0.023780690506100655,0.013341345824301243,0.00296345679089427,8.055851936340332
ctx,arbnet_density_skew,2019-01-14,0.009081433527171612,0.015350365079939365,0.00040126271778717637,11.967362403869629
ctx,arbnet_density_skew,2019-01-15,0.02830112911760807,0.015874970704317093,1.9046130546485074e-05,9.167232513427734
ctx,arbnet_density_skew,2019-01-16,0.026963572949171066,0.01642080396413803,0.03319980204105377,7.8909010887146
ctx,arbnet_density_skew,2019-01-17,0.032441359013319016,0.015233542770147324,0.002616523765027523,6.669505596160889
ctx,arbnet_density_skew,2019-01-18,0.035331714898347855,0.015124766156077385,0.03420909494161606,7.9385480880737305
ctx,arbnet_density_skew,2019-01-21,0.026447055861353874,0.018272897228598595,0.0002736732712946832,9.429479598999023
ctx,arbnet_density_skew,2019-01-22,0.008800562471151352,0.014535062946379185,0.0008263741619884968,15.618496894836426
ctx,arbnet_density_skew,2019-01-23,0.011792520992457867,0.020659105852246284,2.4747509087319486e-05,31.54978370666504
ctx,arbnet_density_skew,2019-01-24,0.009083420038223267,0.016163911670446396,0.000749293714761734,15.224308013916016
ctx,arbnet_density_skew,2019-01-25,0.04020778089761734,0.017943693324923515,2.780393151624594e-05,31.33116912841797
ctx,arbnet_density_skew,2019-01-28,0.04827108234167099,0.02238728106021881,4.614827048499137e-06,38.57928466796875
ctx,arbnet_density_skew,2019-01-29,0.007728088181465864,0.017016015946865082,8.271397382486612e-05,19.015981674194336
ctx,arbnet_density_skew,2019-01-30,0.012276631779968739,0.015314466319978237,0.00020065894932486117,12.77500057220459
ctx,arbnet_density_skew,2019-01-31,0.022142434492707253,0.013277917169034481,0.059648334980010986,9.231321334838867
ctx,arbnet_density_skew,2019-02-01,0.015326721593737602,0.003962094429880381,0.06373690068721771,13.596555709838867
ctx,arbnet_density_skew,2019-02-04,0.020894862711429596,0.0065931170247495174,0.05944564566016197,6.942852020263672
ctx,arbnet_density_skew,2019-02-05,0.010040574707090855,0.009555862285196781,0.04277166724205017,8.96300220489502
ctx,arbnet_density_skew,2019-02-06,0.039052750915288925,0.010257226414978504,0.014116711914539337,5.872393608093262
ctx,arbnet_density_skew,2019-02-07,0.03372064232826233,0.010433143004775047,0.04036781191825867,6.860940456390381
ctx,arbnet_density_skew,2019-02-08,0.017890896648168564,0.010079258121550083,0.05446648970246315,7.892715930938721
ctx,arbnet_density_skew,2019-02-11,0.023790521547198296,0.016000818461179733,0.023549214005470276,7.147623538970947
ctx,arbnet_density_skew,2019-02-12,0.051401689648628235,0.019678683951497078,2.650218812050298e-05,6.307679653167725
ctx,arbnet_density_skew,2019-02-13,7.820772589184344e-05,0.012425681576132774,0.03757741302251816,16.97256088256836
ctx,arbnet_density_skew,2019-02-14,0.07464821636676788,0.016736026853322983,0.009470718912780285,6.471073150634766
ctx,arbnet_density_skew,2019-02-15,0.07224007695913315,0.01598169654607773,0.0064919618889689445,5.816708087921143
ctx,arbnet_density_skew,2019-02-18,0.049891795963048935,0.019554512575268745,5.490826515597291e-05,9.147828102111816
ctx,arbnet_density_skew,2019-02-19,0.03563787415623665,0.017984960228204727,0.004130362533032894,6.320029258728027
ctx,arbnet_density_skew,2019-02-20,0.06709882616996765,0.01693972572684288,0.008388999849557877,5.917100429534912
ctx,arbnet_density_skew,2019-02-21,0.04580323398113251,0.015439405106008053,0.014978380873799324,6.856677055358887
ctx,arbnet_density_skew,2019-02-22,0.030176470056176186,0.01557018794119358,0.008458794094622135,6.345451831817627
ctx,arbnet_density_skew,2019-02-25,0.08577460795640945,0.014377555809915066,0.01891990751028061,6.695526599884033
ctx,arbnet_density_skew,2019-02-26,0.05277550220489502,0.016882704570889473,0.001731497934088111,5.947843551635742
ctx,arbnet_density_skew,2019-02-27,0.021928291767835617,0.016890864819288254,1.4453916264756117e-05,10.284623146057129
ctx,arbnet_density_skew,2019-02-28,0.01262623444199562,0.015202798880636692,9.025097824633121e-05,9.761754989624023
ctx,arbnet_density_skew,2019-03-01,0.06856139749288559,0.009078235365450382,0.06489451974630356,9.111565589904785
ctx,arbnet_density_skew,2019-03-05,0.1422192007303238,0.01464977115392685,0.005052875727415085,5.381217956542969
ctx,arbnet_density_skew,2019-03-06,0.08537741005420685,0.013587349094450474,0.009822134859859943,5.602497100830078
ctx,arbnet_density_skew,2019-03-07,0.06486959010362625,0.00932356622070074,0.07240850478410721,7.405137062072754
ctx,arbnet_density_skew,2019-03-08,0.12965120375156403,0.013632779009640217,0.011218721978366375,5.630131721496582
ctx,arbnet_density_skew,2019-03-11,0.11501690000295639,0.01570270024240017,0.016207678243517876,6.168279647827148
ctx,arbnet_density_skew,2019-03-12,0.08885623514652252,0.01151077076792717,0.060399819165468216,7.215417861938477
ctx,arbnet_density_skew,2019-03-13,0.09271524101495743,0.009092860855162144,0.08161047101020813,7.454176425933838
ctx,arbnet_density_skew,2019-03-14,0.08270017802715302,0.009305967018008232,0.06875970959663391,6.9292893409729
ctx,arbnet_density_skew,2019-03-15,0.08559940755367279,0.018855853006243706,0.0037243308033794165,7.666521072387695
ctx,arbnet_density_skew,2019-03-18,0.12199229001998901,0.017146220430731773,0.0012599003966897726,7.2361016273498535
ctx,arbnet_density_skew,2019-03-19,0.18298040330410004,0.016146214678883553,0.0005743898218497634,6.994845867156982
ctx,arbnet_density_skew,2019-03-20,0.05111547186970711,0.006207222118973732,0.08689843118190765,11.348791122436523
ctx,arbnet_density_skew,2019-03-22,0.07819011807441711,0.014663119800388813,0.004083543084561825,7.904125213623047
ctx,arbnet_density_skew,2019-03-25,0.02801482006907463,0.00985414907336235,0.07646701484918594,12.112842559814453
ctx,arbnet_density_skew,2019-03-26,0.04142900928854942,0.0105469711124897,0.09484860301017761,11.393476486206055
ctx,arbnet_density_skew,2019-03-27,0.06444574892520905,0.007683643605560064,0.09994946420192719,7.36902379989624
ctx,arbnet_density_skew,2019-03-28,0.042188700288534164,0.01964465342462063,4.8665340727893636e-05,10.738851547241211
ctx,arbnet_density_skew,2019-03-29,0.3479863703250885,0.014157723635435104,0.04613863304257393,29.19235610961914
ctx,arbnet_density_skew,2019-04-01,0.19754651188850403,0.01788494549691677,0.019330916926264763,6.925796031951904
ctx,arbnet_density_skew,2019-04-02,0.1801888346672058,0.016562970355153084,0.0015459361020475626,7.630746841430664
ctx,arbnet_density_skew,2019-04-03,0.12295633554458618,0.018957944586873055,0.0016708439216017723,11.15659236907959
ctx,arbnet_density_skew,2019-04-04,0.24898278713226318,0.013577467761933804,0.03876693174242973,6.207236289978027
ctx,arbnet_density_skew,2019-04-05,0.06281641125679016,0.012656747363507748,0.0333322174847126,13.047843933105469
ctx,arbnet_density_skew,2019-04-08,0.049258917570114136,0.010616052895784378,0.05171982944011688,20.379037857055664
ctx,arbnet_density_skew,2019-04-09,0.10528989881277084,0.010449175722897053,0.04957232624292374,7.138510704040527
ctx,arbnet_density_skew,2019-04-10,0.06887958943843842,0.016467146575450897,0.00019042982603423297,14.68248176574707
ctx,arbnet_density_skew,2019-04-11,0.04772781580686569,0.01903480477631092,7.029620610410348e-05,13.416316032409668
ctx,arbnet_density_skew,2019-04-12,0.13527680933475494,0.013251368887722492,0.0019028886454179883,8.085715293884277
ctx,arbnet_density_skew,2019-04-15,0.05991391837596893,0.007003117818385363,0.0588303841650486,7.265861511230469
ctx,arbnet_density_skew,2019-04-16,0.13161075115203857,0.012848216108977795,0.007214459590613842,6.568767547607422
ctx,arbnet_density_skew,2019-04-18,0.13144251704216003,0.013187941163778305,0.005133224651217461,6.916379928588867
ctx,arbnet_density_skew,2019-04-22,0.032801561057567596,0.019900470972061157,4.380575319373747e-06,16.06064224243164
ctx,arbnet_density_skew,2019-04-23,0.07543209195137024,0.015225600451231003,6.860515713924542e-05,8.24909496307373
ctx,arbnet_density_skew,2019-04-24,0.031238313764333725,0.01121421717107296,0.07678806036710739,10.396368026733398
ctx,arbnet_density_skew,2019-04-25,0.03799070045351982,0.01448998786509037,0.0586315393447876,9.597274780273438
ctx,arbnet_density_skew,2019-04-26,0.029073068872094154,0.020607544109225273,0.0037490727845579386,7.757441997528076
ctx,arbnet_density_skew,2019-04-30,0.06312554329633713,0.019440511241555214,0.00020940351532772183,7.029839992523193
ctx,arbnet_density_skew,2019-05-02,0.01629156433045864,0.01679385080933571,5.513609721674584e-05,13.291067123413086
ctx,arbnet_density_skew,2019-05-03,0.011236144229769707,0.01911771111190319,5.698036602552747e-06,25.478588104248047
ctx,arbnet_density_skew,2019-05-06,0.0073883915320038795,0.02173510007560253,6.236773060663836e-06,16.460113525390625
ctx,arbnet_density_skew,2019-05-07,0.009540845640003681,0.018252970650792122,1.7050541600838187e-06,41.16481018066406
ctx,arbnet_density_skew,2019-05-08,0.015511630102992058,0.02512466348707676,2.5070927222259343e-05,16.129247665405273
ctx,arbnet_density_skew,2019-05-09,0.003415727987885475,0.026353489607572556,2.483960770405247e-06,30.204750061035156
ctx,arbnet_density_skew,2019-05-10,0.03022683970630169,0.022511320188641548,2.0150697309873067e-05,15.515850067138672
ctx,arbnet_density_skew,2019-05-13,0.029079755768179893,0.020704317837953568,2.11572773878288e-06,71.29345703125
ctx,arbnet_density_skew,2019-05-14,0.023011870682239532,0.021608946844935417,7.122072020138148e-06,67.14695739746094
ctx,arbnet_density_skew,2019-05-15,0.029577624052762985,0.025598697364330292,1.9218250599806197e-06,65.2184066772461
ctx,arbnet_density_skew,2019-05-16,0.005579228047281504,0.024474365636706352,7.464713007721002e-07,81.39558410644531
ctx,arbnet_density_skew,2019-05-17,0.011467007920145988,0.030211783945560455,9.337878736914718e-07,83.39143371582031
ctx,arbnet_density_skew,2019-05-20,0.013583991676568985,0.05166539177298546,1.3309955647855531e-05,50.631103515625
ctx,arbnet_density_skew,2019-05-21,0.05476431921124458,0.04291970655322075,7.003034170338651e-06,59.319332122802734
ctx,arbnet_density_skew,2019-05-22,0.0146030243486166,0.050638195127248764,1.1797036677307915e-05,35.28701400756836
ctx,arbnet_density_skew,2019-05-23,0.024606401100754738,0.0394897498190403,0.005451419856399298,13.425291061401367
ctx,arbnet_density_skew,2019-05-24,0.04041889309883118,0.029697630554437637,0.08377467840909958,8.534953117370605
ctx,arbnet_density_skew,2019-05-27,0.03668936342000961,0.02363857626914978,0.07162576168775558,7.8040771484375
ctx,arbnet_density_skew,2019-05-28,0.009143874980509281,0.022583091631531715,0.041624411940574646,10.6851806640625
ctx,arbnet_density_skew,2019-05-29,0.022829722613096237,0.01904181018471718,0.1399724930524826,11.476151466369629
ctx,arbnet_density_skew,2019-05-30,0.026606466621160507,0.018648218363523483,0.11407914757728577,10.084979057312012
ctx,arbnet_density_skew,2019-05-31,0.025994380936026573,0.01896817423403263,0.06976377218961716,9.236303329467773
ctx,arbnet_density_skew,2019-06-03,0.051507361233234406,0.02790064737200737,0.022391589358448982,4.342245578765869
ctx,arbnet_density_skew,2019-06-04,0.006433809641748667,0.01988918147981167,0.06635913252830505,11.460580825805664
ctx,arbnet_density_skew,2019-06-06,0.015643423423171043,0.02862798422574997,0.030405422672629356,7.353844165802002
ctx,arbnet_density_skew,2019-06-07,0.008361606858670712,0.015229959972202778,0.006389034911990166,11.370925903320312
ctx,arbnet_density_skew,2019-06-10,0.007482003420591354,0.0191337987780571,0.0028840526938438416,9.973864555358887
ctx,arbnet_density_skew,2019-06-11,0.01102369837462902,0.01961173303425312,0.030521057546138763,9.017009735107422
ctx,arbnet_density_skew,2019-06-12,0.0028368534985929728,0.024498621001839638,0.0009287713910453022,12.485469818115234
ctx,arbnet_density_skew,2019-06-13,0.007892196998000145,0.01589839719235897,0.06406855583190918,9.257853507995605
ctx,arbnet_density_skew,2019-06-14,0.008968950249254704,0.015369298867881298,0.0007715363753959537,9.155969619750977
ctx,arbnet_density_skew,2019-06-17,0.02459709905087948,0.025043904781341553,0.03932713344693184,12.751168251037598
ctx,arbnet_density_skew,2019-06-18,0.006233842112123966,0.00902353972196579,0.00035123652196489275,12.544946670532227
ctx,arbnet_density_skew,2019-06-19,0.012241517193615437,0.017159316688776016,0.05531183257699013,9.776792526245117
ctx,arbnet_density_skew,2019-06-20,0.04079735279083252,0.02130572684109211,0.00022877263836562634,5.113394737243652
ctx,arbnet_density_skew,2019-06-21,0.013848270289599895,0.020759915933012962,0.0026432517915964127,8.277935028076172
ctx,arbnet_density_skew,2019-06-24,0.010276692919433117,0.023746954277157784,3.2517113140784204e-05,9.523062705993652
ctx,arbnet_density_skew,2019-06-25,0.01631641574203968,0.01784948818385601,0.06173399090766907,8.802109718322754
ctx,arbnet_density_skew,2019-06-26,0.005699832923710346,0.01984652318060398,2.5496714442851953e-05,9.635374069213867
ctx,arbnet_density_skew,2019-06-27,0.005425728391855955,0.019210834056138992,7.338485011132434e-05,13.46042251586914
ctx,arbnet_density_skew,2019-06-28,0.09340475499629974,0.01959136128425598,0.014460884034633636,5.475953102111816
ctx,arbnet_density_skew,2019-07-01,0.046352606266736984,0.020362552255392075,0.0024720304645597935,5.907137870788574
ctx,arbnet_density_skew,2019-07-02,0.09829152375459671,0.01658935844898224,0.01396528072655201,4.896856784820557
ctx,arbnet_density_skew,2019-07-03,0.11776367574930191,0.01946699433028698,0.00029634489328600466,5.25507926940918
ctx,arbnet_density_skew,2019-07-04,0.17239373922348022,0.0185577180236578,0.009406398050487041,5.782732009887695
ctx,arbnet_density_skew,2019-07-05,0.07181678712368011,0.014697044156491756,0.024695036932826042,6.2464165687561035
ctx,arbnet_density_skew,2019-07-08,0.04208934307098389,0.01944807544350624,0.03979252278804779,6.922351837158203
ctx,arbnet_density_skew,2019-07-09,0.021312085911631584,0.01766352728009224,7.236325473058969e-06,8.303585052490234
ctx,arbnet_density_skew,2019-07-10,0.03932610899209976,0.020858027040958405,1.2808267456421163e-05,6.4267497062683105
ctx,arbnet_density_skew,2019-07-11,0.09742128103971481,0.01401566807180643,0.05520500987768173,5.207167625427246
ctx,arbnet_density_skew,2019-07-12,0.07441682368516922,0.016211098060011864,0.0463922917842865,8.28226089477539
ctx,arbnet_density_skew,2019-07-15,0.05500917136669159,0.014727928675711155,0.03938910365104675,6.689512252807617
ctx,arbnet_density_skew,2019-07-16,0.06719332188367844,0.018226539716124535,9.892239177133888e-06,8.292057991027832
ctx,arbnet_density_skew,2019-07-17,0.14458738267421722,0.012555255554616451,0.0508243665099144,6.182758808135986
ctx,arbnet_density_skew,2019-07-18,0.055687036365270615,0.015695517882704735,5.618231080006808e-05,5.698762893676758
ctx,arbnet_density_skew,2019-07-19,0.07598169147968292,0.02104073390364647,0.0007902635843493044,5.309803009033203
ctx,arbnet_density_skew,2019-07-22,0.07557036727666855,0.015520965680480003,0.05446121096611023,6.867438793182373
ctx,arbnet_density_skew,2019-07-23,0.05377934128046036,0.01859009824693203,5.50595395907294e-05,5.821154594421387
ctx,arbnet_density_skew,2019-07-24,0.07693275809288025,0.01385807991027832,0.058479249477386475,6.83123254776001
ctx,arbnet_density_skew,2019-07-25,0.04798273742198944,0.018514484167099,0.0001213334035128355,8.046439170837402
ctx,arbnet_density_skew,2019-07-26,0.02881150133907795,0.016315119341015816,0.000917228520847857,6.680666446685791
ctx,arbnet_density_skew,2019-07-29,0.10134062170982361,0.01338041853159666,0.04952581971883774,7.011122703552246
ctx,arbnet_density_skew,2019-07-30,0.050403840839862823,0.01735973358154297,0.0001926436525536701,6.637262344360352
ctx,arbnet_density_skew,2019-07-31,0.06879512220621109,0.012669119983911514,0.047480322420597076,7.1110124588012695
ctx,arbnet_density_skew,2019-08-01,0.04864821210503578,0.01721085235476494,0.03506356477737427,7.150100231170654
ctx,arbnet_density_skew,2019-08-02,0.06675734370946884,0.018584992736577988,0.002651687478646636,4.958592414855957
ctx,arbnet_density_skew,2019-08-05,0.06492779403924942,0.02111714333295822,3.6407574953045696e-05,5.483971118927002
ctx,arbnet_density_skew,2019-08-06,0.13539737462997437,0.02121387980878353,0.01263743918389082,5.269152641296387
ctx,arbnet_density_skew,2019-08-07,0.07279495894908905,0.019844379276037216,0.0003955751599278301,5.392597198486328
ctx,arbnet_density_skew,2019-08-08,0.013314878568053246,0.02020920068025589,0.02792656049132347,8.281325340270996
ctx,arbnet_density_skew,2019-08-09,0.050742100924253464,0.01838007941842079,0.037673093378543854,6.5704216957092285
ctx,arbnet_density_skew,2019-08-13,0.016594111919403076,0.02372964285314083,0.025643544271588326,7.329894542694092
ctx,arbnet_density_skew,2019-08-14,0.022288475185632706,0.02884521335363388,0.00016959483036771417,6.777207851409912
ctx,arbnet_density_skew,2019-08-16,0.0281829871237278,0.02722327597439289,0.00518436636775732,6.336533546447754
ctx,arbnet_density_skew,2019-08-19,0.03412240371108055,0.025047874078154564,0.01803572103381157,7.430510520935059
ctx,arbnet_density_skew,2019-08-20,0.022159729152917862,0.022973094135522842,0.016845466569066048,7.29848051071167
ctx,arbnet_density_skew,2019-08-21,0.039580658078193665,0.023192161694169044,0.02077908255159855,7.204709529876709
ctx,arbnet_density_skew,2019-08-22,0.009331678971648216,0.025368906557559967,0.00013389287050813437,11.462620735168457
ctx,arbnet_density_skew,2019-08-23,0.013020623475313187,0.0266915000975132,6.49196736048907e-05,9.306991577148438
ctx,arbnet_density_skew,2019-08-26,0.04162773862481117,0.029852617532014847,0.0008793777669779956,6.707273483276367
ctx,arbnet_density_skew,2019-08-27,0.020255805924534798,0.022719252854585648,0.08675359189510345,8.617415428161621
ctx,arbnet_density_skew,2019-08-28,0.019011979922652245,0.0233518835157156,0.0692291334271431,8.982071876525879
ctx,arbnet_density_skew,2019-08-29,0.007742898538708687,0.026871781796216965,0.00020608423801604658,11.529969215393066
ctx,arbnet_density_skew,2019-08-30,0.012592509388923645,0.02243313193321228,0.020351789891719818,8.951921463012695
ctx,arbnet_density_skew,2019-09-03,0.03725757449865341,0.031900063157081604,0.006828043609857559,5.283243179321289
ctx,arbnet_density_skew,2019-09-04,0.03280766308307648,0.029691170901060104,0.03210313618183136,7.630233287811279
ctx,arbnet_density_skew,2019-09-05,0.01768070086836815,0.030116619542241096,0.01166589930653572,7.412869453430176
ctx,arbnet_density_skew,2019-09-06,0.006300769280642271,0.02258693426847458,0.01962127350270748,10.718838691711426
ctx,arbnet_density_skew,2019-09-09,0.010367312468588352,0.01776445470750332,0.03689204156398773,10.171533584594727
ctx,arbnet_density_skew,2019-09-11,0.014708032831549644,0.026176098734140396,0.0012699492508545518,7.438393592834473
ctx,arbnet_density_skew,2019-09-12,0.008631021715700626,0.022213296964764595,0.008708175271749496,8.067351341247559
ctx,arbnet_density_skew,2019-09-13,0.01591842994093895,0.018633482977747917,0.06051081418991089,9.24606990814209
ctx,arbnet_density_skew,2019-09-16,0.017009146511554718,0.022819826379418373,0.00032331395777873695,7.787227630615234
ctx,arbnet_density_skew,2019-09-17,0.009775487706065178,0.023588111624121666,0.0010165737476199865,10.1483736038208
ctx,arbnet_density_skew,2019-09-18,0.005311742424964905,0.024905303493142128,0.00011209652438992634,11.590997695922852
ctx,arbnet_density_skew,2019-09-19,0.005728645250201225,0.01905299723148346,0.08678186684846878,10.260714530944824
ctx,arbnet_density_skew,2019-09-20,0.039492167532444,0.05349549278616905,0.0025595950428396463,7.274151802062988
ctx,arbnet_density_skew,2019-09-23,0.014281665906310081,0.04552619531750679,0.000958316377364099,13.128993034362793
ctx,arbnet_density_skew,2019-09-24,0.020637035369873047,0.05673642456531525,0.015226602554321289,8.805147171020508
ctx,arbnet_density_skew,2019-09-25,0.032964497804641724,0.05460817366838455,9.632751607568935e-05,9.670897483825684
ctx,arbnet_density_skew,2019-09-26,0.025059377774596214,0.0333542600274086,0.33254095911979675,13.281243324279785
ctx,arbnet_density_skew,2019-09-27,0.03425934538245201,0.047042980790138245,0.028414450585842133,6.883784770965576
ctx,arbnet_density_skew,2019-09-30,0.046976860612630844,0.054176926612854004,0.0024327829014509916,6.69500732421875
ctx,arbnet_density_skew,2019-10-01,0.02455633319914341,0.053730666637420654,0.1156034991145134,8.14939022064209
ctx,arbnet_density_skew,2019-10-03,0.02020864188671112,0.03300146013498306,0.004234138410538435,8.446660041809082
ctx,arbnet_density_skew,2019-10-04,0.017126811668276787,0.03795020654797554,0.11503627151250839,10.544757843017578
ctx,arbnet_density_skew,2019-10-07,0.015078363940119743,0.015557698905467987,0.0012898240238428116,11.589459419250488
ctx,arbnet_density_skew,2019-10-09,0.013284387066960335,0.0320296473801136,0.11882206797599792,10.811671257019043
ctx,arbnet_density_skew,2019-10-10,0.01692189648747444,0.019911278039216995,0.009654180146753788,11.005568504333496
ctx,arbnet_density_skew,2019-10-11,0.01869736611843109,0.034112706780433655,0.12216668576002121,10.102845191955566
ctx,arbnet_density_skew,2019-10-14,0.016295086592435837,0.013688378036022186,0.0016552885062992573,11.304268836975098
ctx,arbnet_density_skew,2019-10-15,0.014402167871594429,0.011606949381530285,0.0012330657336860895,11.965910911560059
ctx,arbnet_density_skew,2019-10-16,0.033637698739767075,0.030967658385634422,0.11870424449443817,8.739723205566406
ctx,arbnet_density_skew,2019-10-17,0.01231535617262125,0.014304724521934986,0.00040957072633318603,12.924768447875977
ctx,arbnet_density_skew,2019-10-18,0.013521254062652588,0.024905472993850708,0.09423299133777618,10.586373329162598
ctx,arbnet_density_skew,2019-10-22,0.012071436271071434,0.028476562350988388,0.001285429927520454,11.672165870666504
ctx,arbnet_density_skew,2019-10-23,0.012899481691420078,0.033966705203056335,0.0028633770998567343,10.359607696533203
ctx,arbnet_density_skew,2019-10-24,0.01028088666498661,0.03043518029153347,0.0009598467731848359,12.223211288452148
ctx,arbnet_density_skew,2019-10-25,0.03470081835985184,0.023873278871178627,0.0967448279261589,10.207906723022461
ctx,arbnet_density_skew,2019-10-29,0.028849001973867416,0.030235514044761658,0.05879419296979904,9.479203224182129
ctx,arbnet_density_skew,2019-10-30,0.08312986046075821,0.028860123828053474,0.05464973300695419,8.782671928405762
ctx,arbnet_density_skew,2019-10-31,0.07699467241764069,0.020813647657632828,0.10838739573955536,8.222251892089844
ctx,arbnet_density_skew,2019-11-01,0.024824542924761772,0.02100720815360546,0.05117163062095642,8.800930976867676
ctx,arbnet_density_skew,2019-11-04,0.029541440308094025,0.026855191215872765,0.018855968490242958,7.8812456130981445
ctx,arbnet_density_skew,2019-11-05,0.0437401607632637,0.021489279344677925,0.04400359094142914,7.727418899536133
ctx,arbnet_density_skew,2019-11-06,0.0777185931801796,0.023632589727640152,0.026793232187628746,7.7609100341796875
ctx,arbnet_density_skew,2019-11-07,0.025083590298891068,0.019362466409802437,0.02826538309454918,7.325803279876709
ctx,arbnet_density_skew,2019-11-08,0.030863668769598007,0.023043038323521614,0.021219078451395035,9.821817398071289
ctx,arbnet_density_skew,2019-11-11,0.06968538463115692,0.024488722905516624,0.009900452569127083,7.699497222900391
ctx,arbnet_density_skew,2019-11-13,0.054361891001462936,0.022729629650712013,0.010243863798677921,7.129905700683594
ctx,arbnet_density_skew,2019-11-14,0.05274968221783638,0.01781739480793476,0.03175533935427666,8.075560569763184
ctx,arbnet_density_skew,2019-11-15,0.03683033958077431,0.018875539302825928,0.024411210790276527,12.543855667114258
ctx,arbnet_density_skew,2019-11-18,0.056024227291345596,0.01912091113626957,0.01109642256051302,11.17048168182373
ctx,arbnet_density_skew,2019-11-19,0.08022071421146393,0.017310073599219322,0.023651346564292908,10.78874397277832
ctx,arbnet_density_skew,2019-11-20,0.0707673504948616,0.017762187868356705,0.011034781113266945,8.400442123413086
ctx,arbnet_density_skew,2019-11-21,0.060049477964639664,0.017062243074178696,0.008151710033416748,7.498266220092773
ctx,arbnet_density_skew,2019-11-22,0.07054281234741211,0.013724221847951412,0.027974000200629234,8.611806869506836
ctx,arbnet_density_skew,2019-11-25,0.03218349069356918,0.019429661333560944,0.00022560152865480632,9.28889274597168
ctx,arbnet_density_skew,2019-11-26,0.03579852357506752,0.019105523824691772,0.00020149130432400852,10.601541519165039
ctx,arbnet_density_skew,2019-11-27,0.05593184381723404,0.014280425384640694,0.029535144567489624,9.000198364257812
ctx,arbnet_density_skew,2019-11-28,0.030515342950820923,0.013537310063838959,0.011417209170758724,8.994000434875488
ctx,arbnet_density_skew,2019-11-29,0.0614624097943306,0.013777034357190132,0.020792197436094284,8.197635650634766
ctx,arbnet_density_skew,2019-12-02,0.09832654148340225,0.01841345615684986,0.003770343493670225,6.735503673553467
ctx,arbnet_density_skew,2019-12-03,0.10350137203931808,0.014526093378663063,0.012335573323071003,8.189783096313477
ctx,arbnet_density_skew,2019-12-04,0.07821574062108994,0.014275469817221165,0.014314920641481876,8.925636291503906
ctx,arbnet_density_skew,2019-12-05,0.0828447937965393,0.012149026617407799,0.012617974542081356,6.098145484924316
ctx,arbnet_density_skew,2019-12-06,0.07924525439739227,0.013389509171247482,0.01276887021958828,6.490294456481934
ctx,arbnet_density_skew,2019-12-09,0.07965431362390518,0.01277210097759962,0.008317159488797188,6.505688190460205
ctx,arbnet_density_skew,2019-12-10,0.07420951128005981,0.014696216210722923,0.004621734842658043,6.557125091552734
ctx,arbnet_density_skew,2019-12-11,0.09152217954397202,0.013197683729231358,0.008027260191738605,6.4598565101623535
ctx,arbnet_density_skew,2019-12-12,0.037749093025922775,0.01367364451289177,0.010401062667369843,15.78150749206543
ctx,arbnet_density_skew,2019-12-13,0.03694775700569153,0.013551108539104462,0.012384647503495216,16.26944923400879
ctx,arbnet_density_skew,2019-12-16,0.0499098114669323,0.013159159570932388,0.005314197391271591,7.107729911804199
ctx,arbnet_density_skew,2019-12-17,0.08678712695837021,0.01446777954697609,0.0011075561633333564,5.737062931060791
ctx,arbnet_density_skew,2019-12-18,0.07293903082609177,0.011906968429684639,0.019009768962860107,7.143166542053223
ctx,arbnet_density_skew,2019-12-19,0.04896552115678787,0.011352213099598885,0.013691581785678864,5.838672161102295
ctx,arbnet_density_skew,2019-12-20,0.059953756630420685,0.010532232001423836,0.018492689356207848,7.256804466247559
ctx,arbnet_density_skew,2019-12-23,0.08014579117298126,0.011136462911963463,0.010237494483590126,6.257408142089844
ctx,arbnet_density_skew,2019-12-24,0.03400053083896637,0.010385985486209393,0.019496291875839233,7.718194484710693
ctx,arbnet_density_skew,2019-12-26,0.04340778663754463,0.008657610043883324,0.03634738177061081,6.390580177307129
ctx,arbnet_density_skew,2019-12-27,0.12867622077465057,0.011664018034934998,0.016818858683109283,4.9905571937561035
ctx,arbnet_density_skew,2019-12-30,0.15366452932357788,0.012031815946102142,0.008270492777228355,5.811152458190918
ctx,arbnet_density_skew,2019-12-31,0.1273316740989685,0.011102437041699886,0.010347573086619377,4.985536575317383
ctx,arbnet_density_skew,2020-01-01,0.16344350576400757,0.01044697966426611,0.0082836439833045,4.972698211669922
ctx,arbnet_density_skew,2020-01-02,0.1020454689860344,0.011443347670137882,0.012126630172133446,5.771460056304932
ctx,arbnet_density_skew,2020-01-03,0.16177020967006683,0.009067697450518608,0.015619209967553616,5.390092849731445
ctx,arbnet_density_skew,2020-01-06,0.04748206213116646,0.017669130116701126,0.00031059241155162454,5.364859580993652
ctx,arbnet_density_skew,2020-01-07,0.08867622166872025,0.017347361892461777,0.012384195812046528,6.648566722869873
ctx,arbnet_density_skew,2020-01-08,0.06021684780716896,0.01640855334699154,0.000300965883070603,5.83904504776001
ctx,arbnet_density_skew,2020-01-09,0.025581901893019676,0.01735050417482853,0.0010528679704293609,6.765628337860107
ctx,arbnet_density_skew,2020-01-10,0.04241403937339783,0.015494102612137794,0.038802407681941986,6.568248271942139
ctx,arbnet_density_skew,2020-01-13,0.0965975970029831,0.0169086754322052,0.011960864998400211,5.648275852203369
ctx,arbnet_density_skew,2020-01-14,0.05710827186703682,0.015672285109758377,0.0018331360770389438,5.877880096435547
ctx,arbnet_density_skew,2020-01-15,0.08790944516658783,0.016794255003333092,0.005715979728847742,6.352084636688232
ctx,arbnet_density_skew,2020-01-16,0.08008653670549393,0.01327404286712408,0.03041004203259945,5.966782093048096
ctx,arbnet_density_skew,2020-01-17,0.08637785166501999,0.015214876271784306,0.011958563700318336,6.584537029266357
ctx,arbnet_density_skew,2020-01-20,0.0837903693318367,0.01876596175134182,4.790936873177998e-05,6.45064115524292
ctx,arbnet_density_skew,2020-01-21,0.07837487012147903,0.01806139387190342,0.0011209995718672872,8.550973892211914
ctx,arbnet_density_skew,2020-01-22,0.048372674733400345,0.017871106043457985,1.3367987776291557e-05,8.257017135620117
ctx,arbnet_density_skew,2020-01-23,0.05315710976719856,0.01736600510776043,5.368752681533806e-05,7.205904483795166
ctx,arbnet_density_skew,2020-01-24,0.06520183384418488,0.015925010666251183,0.00012630033597815782,7.452767372131348
ctx,arbnet_density_skew,2020-01-27,0.03408253192901611,0.018669983372092247,9.711153325042687e-06,9.23337173461914
ctx,arbnet_density_skew,2020-01-28,0.03079233691096306,0.018604863435029984,6.937360012670979e-06,10.099227905273438
ctx,arbnet_density_skew,2020-01-29,0.041418783366680145,0.017291907221078873,6.0086445046181325e-06,9.740416526794434
ctx,arbnet_density_skew,2020-01-30,0.024952342733740807,0.01807859167456627,1.766658533597365e-05,11.263655662536621
ctx,arbnet_density_skew,2020-01-31,0.05892149358987808,0.0182513240724802,1.5462301234947518e-05,7.557620525360107
ctx,arbnet_density_skew,2020-02-03,0.02181432954967022,0.022720109671354294,0.024853425100445747,6.657797813415527
ctx,arbnet_density_skew,2020-02-04,0.02802734449505806,0.024574333801865578,0.018912045285105705,5.055871486663818
ctx,arbnet_density_skew,2020-02-05,0.01736018806695938,0.01385723426938057,0.04678967595100403,7.805171489715576
ctx,arbnet_density_skew,2020-02-06,0.02976725623011589,0.020720137283205986,0.01630502939224243,6.0736002922058105
ctx,arbnet_density_skew,2020-02-07,0.02001577615737915,0.014952811412513256,0.026468999683856964,6.91951847076416
ctx,arbnet_density_skew,2020-02-10,0.01554642803966999,0.01570770889520645,0.03367825224995613,8.964096069335938
ctx,arbnet_density_skew,2020-02-11,0.020608441904187202,0.016025612130761147,0.0007505319081246853,6.708456516265869
ctx,arbnet_density_skew,2020-02-12,0.027327369898557663,0.017618326470255852,0.019404742866754532,7.9908552169799805
ctx,arbnet_density_skew,2020-02-13,0.026437127962708473,0.010414590127766132,0.05349444970488548,8.3630952835083
ctx,arbnet_density_skew,2020-02-14,0.06161040440201759,0.017756078392267227,5.2632472943514585e-05,6.3604536056518555
ctx,arbnet_density_skew,2020-02-17,0.05526481196284294,0.01631312072277069,1.5741439710836858e-05,7.75991678237915
ctx,arbnet_density_skew,2020-02-18,0.056598786264657974,0.01527160219848156,0.02038584090769291,7.077127933502197
ctx,arbnet_density_skew,2020-02-19,0.0526089183986187,0.014494248665869236,0.025210443884134293,8.202171325683594
ctx,arbnet_density_skew,2020-02-20,0.1398257613182068,0.014857862144708633,0.00028534448938444257,7.127030849456787
ctx,arbnet_density_skew,2020-02-24,0.02426310069859028,0.019531454890966415,4.256547072145622e-06,8.785313606262207
ctx,arbnet_density_skew,2020-02-25,0.05243821069598198,0.02162383496761322,0.001842350815422833,7.946109294891357
ctx,arbnet_density_skew,2020-02-26,0.060698870569467545,0.023514803498983383,4.817734588868916e-05,8.396306037902832
ctx,arbnet_density_skew,2020-02-27,0.06375658512115479,0.020526841282844543,0.0030534383840858936,7.947890758514404
ctx,arbnet_density_skew,2020-02-28,0.03561365604400635,0.040070924907922745,0.010004586540162563,6.761470317840576
ctx,arbnet_density_skew,2020-03-02,0.018750661984086037,0.03932565823197365,0.00032094179186969995,6.984720706939697
ctx,arbnet_density_skew,2020-03-03,0.01839880272746086,0.033569637686014175,6.194895104272291e-05,10.245927810668945
ctx,arbnet_density_skew,2020-03-04,0.036703091114759445,0.03755124658346176,0.00019584000983741134,8.455784797668457
ctx,arbnet_density_skew,2020-03-05,0.06157859414815903,0.035475097596645355,0.0065805041231215,6.991614818572998
ctx,arbnet_density_skew,2020-03-06,0.044795725494623184,0.04017617926001549,0.010973417200148106,5.718358516693115
ctx,arbnet_density_skew,2020-03-09,0.01754002273082733,0.07496606558561325,6.602982466574758e-05,31.459434509277344
ctx,arbnet_density_skew,2020-03-11,0.02675807476043701,0.07264915108680725,7.291120709851384e-05,11.135787010192871
ctx,arbnet_density_skew,2020-03-12,0.07041368633508682,0.1465383917093277,0.04457846283912659,48.928775787353516
ctx,arbnet_density_skew,2020-03-13,0.03512733429670334,0.20025469362735748,5.436052015284076e-05,50.807220458984375
ctx,arbnet_density_skew,2020-03-16,0.02361212484538555,0.2718917727470398,3.2957654184428975e-05,74.34195709228516
ctx,arbnet_density_skew,2020-03-17,0.01738584041595459,0.26519113779067993,2.2380874725058675e-05,51.954917907714844
ctx,arbnet_density_skew,2020-03-18,0.00020406657131388783,0.30155113339424133,3.5991590266348794e-05,40.30553436279297
ctx,arbnet_density_skew,2020-03-19,0.045441191643476486,0.31394052505493164,0.00010669041512301192,40.251487731933594
ctx,arbnet_density_skew,2020-03-20,0.028634436428546906,0.33519500494003296,0.00011543163418537006,49.50611114501953
ctx,arbnet_density_skew,2020-03-23,1.0957348806073242e-08,0.6069050431251526,0.00038981559919193387,14.33012580871582
ctx,arbnet_density_skew,2020-03-24,0.015681257471442223,0.5927248001098633,0.00018816802185028791,24.064393997192383
ctx,arbnet_density_skew,2020-03-25,0.04944181814789772,0.6082527041435242,3.560269033187069e-05,25.947093963623047
ctx,arbnet_density_skew,2020-03-26,0.0332520417869091,0.46089357137680054,0.7241522073745728,45.09926986694336
ctx,arbnet_density_skew,2020-03-27,0.04500444605946541,0.575029194355011,0.00014786336396355182,15.274526596069336
ctx,arbnet_density_skew,2020-03-30,0.15868090093135834,0.5194849967956543,0.0011483273701742291,10.180540084838867
ctx,arbnet_density_skew,2020-03-31,0.1243978962302208,0.44502902030944824,0.05681663006544113,11.097407341003418
ctx,arbnet_density_skew,2020-04-01,0.1155247762799263,0.45193567872047424,0.1799895465373993,8.409961700439453
ctx,arbnet_density_skew,2020-04-03,0.05119127780199051,0.46079039573669434,0.169784814119339,7.829623222351074
ctx,arbnet_density_skew,2020-04-07,0.09249575436115265,0.44703587889671326,0.10866445302963257,5.38899564743042
ctx,arbnet_density_skew,2020-04-08,0.13497674465179443,0.40860286355018616,0.39943572878837585,7.125365257263184
ctx,arbnet_density_skew,2020-04-09,0.1563723087310791,0.3552538752555847,0.6902947425842285,8.826409339904785
ctx,arbnet_density_skew,2020-04-13,0.06816514581441879,0.3667600452899933,0.4455198049545288,11.103338241577148
ctx,arbnet_density_skew,2020-04-15,0.01579945534467697,0.35315945744514465,0.692232072353363,13.445718765258789
ctx,arbnet_density_skew,2020-04-16,0.06811726093292236,0.33943408727645874,0.09629828482866287,8.020336151123047
ctx,arbnet_density_skew,2020-04-17,0.0896405503153801,0.11096277087926865,0.023653419688344002,10.612129211425781
ctx,arbnet_density_skew,2020-04-20,0.08229200541973114,0.30895671248435974,0.2491002380847931,10.61780071258545
ctx,arbnet_density_skew,2020-04-21,0.038510169833898544,0.3040170669555664,0.35773342847824097,9.062655448913574
ctx,arbnet_density_skew,2020-04-22,0.03619266673922539,0.22093838453292847,0.7731155753135681,18.260950088500977
ctx,arbnet_density_skew,2020-04-23,0.06500549614429474,0.047505512833595276,0.4017787575721741,13.080100059509277
ctx,arbnet_density_skew,2020-04-24,0.04283685237169266,0.1670008897781372,0.6430988311767578,12.142473220825195
ctx,arbnet_density_skew,2020-04-27,0.05511770769953728,0.11440003663301468,0.08573295176029205,13.876527786254883
ctx,arbnet_density_skew,2020-04-28,0.04460166394710541,0.09920407831668854,0.2494058907032013,12.961353302001953
ctx,arbnet_density_skew,2020-04-29,0.043411657214164734,0.14840064942836761,0.1397368162870407,12.373990058898926
ctx,arbnet_density_skew,2020-04-30,0.03381927311420441,0.13077424466609955,1.103703498840332,15.298946380615234
ctx,arbnet_density_skew,2020-05-04,0.05997563526034355,0.2604416012763977,0.41686636209487915,15.256254196166992
ctx,arbnet_density_skew,2020-05-05,0.04722950980067253,0.23432400822639465,0.28769075870513916,9.246816635131836
ctx,arbnet_density_skew,2020-05-06,0.04762657359242439,0.16375869512557983,0.15948599576950073,8.856282234191895
ctx,arbnet_density_skew,2020-05-07,0.11727477610111237,0.2209894359111786,0.011836950667202473,13.727126121520996
ctx,arbnet_density_skew,2020-05-08,0.061196111142635345,0.1118980348110199,0.4348142743110657,9.707398414611816
ctx,arbnet_density_skew,2020-05-11,0.08335480093955994,0.1700398474931717,0.20168088376522064,8.260250091552734
ctx,arbnet_density_skew,2020-05-12,0.05504057556390762,0.1909285932779312,0.16237758100032806,10.295302391052246
ctx,arbnet_density_skew,2020-05-13,0.1157948300242424,0.18723715841770172,0.10677041858434677,7.319855213165283
ctx,arbnet_density_skew,2020-05-14,0.023775089532136917,0.15487536787986755,0.26942601799964905,16.022846221923828
ctx,arbnet_density_skew,2020-05-15,0.030780166387557983,0.11116687953472137,0.19290289282798767,10.148492813110352
ctx,arbnet_density_skew,2020-05-18,0.012546786107122898,0.19417773187160492,0.0008064102148637176,13.276823043823242
ctx,arbnet_density_skew,2020-05-19,0.07969333231449127,0.1553683876991272,0.19153906404972076,8.641422271728516
ctx,arbnet_density_skew,2020-05-20,0.03994517773389816,0.05866725742816925,0.26031121611595154,11.797628402709961
ctx,arbnet_density_skew,2020-05-21,0.04766572639346123,0.11250017583370209,0.17851588129997253,10.522499084472656
ctx,arbnet_density_skew,2020-05-22,0.036579154431819916,0.12139777094125748,0.3112941086292267,15.926609992980957
ctx,arbnet_density_skew,2020-05-26,0.05868591368198395,0.12324653565883636,0.14470548927783966,8.637602806091309
ctx,arbnet_density_skew,2020-05-27,0.03126847371459007,0.04233897104859352,0.33103689551353455,12.447305679321289
ctx,arbnet_density_skew,2020-05-28,0.0292083527892828,0.03041546232998371,0.027424585074186325,12.307943344116211
ctx,arbnet_density_skew,2020-05-29,0.042384903877973557,0.04715779796242714,0.20466278493404388,9.654468536376953
ctx,arbnet_density_skew,2020-06-01,0.0703967958688736,0.07496453076601028,0.10372839868068695,8.723222732543945
ctx,arbnet_density_skew,2020-06-02,0.056229155510663986,0.06492989510297775,0.09342820942401886,9.744301795959473
ctx,arbnet_density_skew,2020-06-03,0.02499767765402794,0.08829021453857422,0.013741794973611832,8.891464233398438
ctx,arbnet_density_skew,2020-06-04,0.05553888529539108,0.07825187593698502,0.07678242027759552,9.959881782531738
ctx,arbnet_density_skew,2020-06-05,0.022791681811213493,0.07117075473070145,0.10571189969778061,13.072366714477539
ctx,arbnet_density_skew,2020-06-08,0.03527325019240379,0.09330050647258759,0.0019061622442677617,8.840381622314453
ctx,arbnet_density_skew,2020-06-09,0.056488096714019775,0.07412344217300415,0.08357001096010208,11.58418083190918
ctx,arbnet_density_skew,2020-06-10,0.024950770661234856,0.07807687669992447,0.09391876310110092,11.567505836486816
ctx,arbnet_density_skew,2020-06-11,0.02952212281525135,0.08725444972515106,0.022500591352581978,8.913820266723633
ctx,arbnet_density_skew,2020-06-12,0.03657207638025284,0.09625524282455444,0.0018758492078632116,8.98143196105957
ctx,arbnet_density_skew,2020-06-15,0.05086924880743027,0.09632030874490738,0.023182347416877747,12.588708877563477
ctx,arbnet_density_skew,2020-06-16,0.04876728355884552,0.09720606356859207,0.008008681237697601,8.563465118408203
ctx,arbnet_density_skew,2020-06-17,0.056958265602588654,0.08405963331460953,0.039330292493104935,10.578389167785645
ctx,arbnet_density_skew,2020-06-18,0.030521361157298088,0.08163517713546753,0.016592010855674744,9.777040481567383
ctx,arbnet_density_skew,2020-06-19,0.030915090814232826,0.08018150925636292,0.07785411924123764,9.58324909210205
ctx,arbnet_density_skew,2020-06-22,0.046214547008275986,0.07880585640668869,0.02963513880968094,9.497037887573242
ctx,arbnet_density_skew,2020-06-23,0.018359439447522163,0.06561591476202011,0.15647843480110168,14.08261775970459
ctx,arbnet_density_skew,2020-06-24,0.050805144011974335,0.05920681357383728,0.19489331543445587,12.59733772277832
ctx,arbnet_density_skew,2020-06-25,0.02998298406600952,0.0697888508439064,0.1572604924440384,12.971663475036621
ctx,arbnet_density_skew,2020-06-26,0.12389615178108215,0.06860446184873581,0.05834544822573662,6.89233922958374
ctx,arbnet_density_skew,2020-06-29,0.09196619689464569,0.064692921936512,0.10561711341142654,8.929230690002441
ctx,arbnet_density_skew,2020-06-30,0.11065758019685745,0.06270237267017365,0.09908649325370789,8.517526626586914
ctx,arbnet_density_skew,2020-07-01,0.12024141848087311,0.06648082286119461,0.07086848467588425,7.530035018920898
ctx,arbnet_density_skew,2020-07-02,0.06756466627120972,0.06234480440616608,0.12158326059579849,8.366392135620117
ctx,arbnet_density_skew,2020-07-03,0.09131735563278198,0.06200224906206131,0.07220898568630219,8.519227027893066
ctx,arbnet_density_skew,2020-07-06,0.03230411559343338,0.058302924036979675,0.07306057214736938,9.992969512939453
ctx,arbnet_density_skew,2020-07-07,0.03743746876716614,0.06154562905430794,0.04234332963824272,8.491418838500977
ctx,arbnet_density_skew,2020-07-08,0.05727313831448555,0.07054007798433304,0.06304168701171875,8.432699203491211
ctx,arbnet_density_skew,2020-07-09,0.03304756432771683,0.022938119247555733,0.0496143139898777,6.5914626121521
ctx,arbnet_density_skew,2020-07-10,0.02726803533732891,0.05331102013587952,0.17186444997787476,10.703067779541016
ctx,arbnet_density_skew,2020-07-13,0.025295622646808624,0.06497877836227417,0.06969450414180756,7.8269829750061035
ctx,arbnet_density_skew,2020-07-14,0.02546483650803566,0.07080583274364471,0.06595604121685028,9.699322700500488
ctx,arbnet_density_skew,2020-07-15,0.017719153314828873,0.04583929851651192,0.012429231777787209,12.098941802978516
ctx,arbnet_density_skew,2020-07-16,0.01612355001270771,0.03659940883517265,0.16054587066173553,12.701668739318848
ctx,arbnet_density_skew,2020-07-17,0.04732997342944145,0.04009401425719261,0.29409003257751465,14.830605506896973
ctx,arbnet_density_skew,2020-07-20,0.014472175389528275,0.045914411544799805,0.01796782575547695,13.021751403808594
ctx,arbnet_density_skew,2020-07-21,0.03134622797369957,0.055946532636880875,0.19275349378585815,8.813151359558105
ctx,arbnet_density_skew,2020-07-22,0.020852668210864067,0.05761799216270447,0.12498155981302261,8.659331321716309
ctx,arbnet_density_skew,2020-07-23,0.026035306975245476,0.05081246793270111,0.16643889248371124,10.810961723327637
ctx,arbnet_density_skew,2020-07-24,0.04553188383579254,0.04461202770471573,0.260459840297699,11.265237808227539
ctx,arbnet_density_skew,2020-07-27,0.020601624622941017,0.05026809498667717,0.1306455135345459,12.596796989440918
ctx,arbnet_density_skew,2020-07-28,0.020702052861452103,0.054726943373680115,0.17242035269737244,10.108214378356934
ctx,arbnet_density_skew,2020-07-29,0.026763150468468666,0.05637849494814873,0.23530833423137665,10.992218017578125
ctx,arbnet_density_skew,2020-07-30,0.03334568813443184,0.049362313002347946,0.16522209346294403,11.756001472473145
ctx,arbnet_density_skew,2020-07-31,0.019164470955729485,0.05042761191725731,0.048341911286115646,10.351409912109375
ctx,arbnet_density_skew,2020-08-03,0.04073735699057579,0.06723777949810028,0.07106348872184753,10.042398452758789
ctx,arbnet_density_skew,2020-08-04,0.023323260247707367,0.028488559648394585,0.12044903635978699,10.490654945373535
ctx,arbnet_density_skew,2020-08-05,0.03670435771346092,0.050927065312862396,0.07078180462121964,7.856810569763184
ctx,arbnet_density_skew,2020-08-06,0.026332003995776176,0.017944617196917534,0.12811067700386047,9.877032279968262
ctx,arbnet_density_skew,2020-08-07,0.019667798653244972,0.03763121739029884,0.1636994332075119,12.748079299926758
ctx,arbnet_density_skew,2020-08-10,0.014700733125209808,0.042164091020822525,0.17087535560131073,13.207452774047852
ctx,arbnet_density_skew,2020-08-11,0.02812475897371769,0.05892054736614227,0.06838114559650421,8.855456352233887
ctx,arbnet_density_skew,2020-08-12,0.025993630290031433,0.026082590222358704,0.03222450613975525,10.39660358428955
ctx,arbnet_density_skew,2020-08-13,0.014740140177309513,0.027093179523944855,0.022678058594465256,11.29470157623291
ctx,arbnet_density_skew,2020-08-14,0.017351951450109482,0.03627059608697891,0.13068467378616333,11.615306854248047
ctx,arbnet_density_skew,2020-08-17,0.020759517326951027,0.04248988255858421,0.12233247607946396,12.690544128417969
ctx,arbnet_density_skew,2020-08-18,0.010125203058123589,0.05239333212375641,0.0016817253781482577,8.940643310546875
ctx,arbnet_density_skew,2020-08-19,0.0169520266354084,0.018321599811315536,0.00591724319383502,11.343158721923828
ctx,arbnet_density_skew,2020-08-20,0.013768887147307396,0.014939717948436737,0.00047176939551718533,12.65680980682373
ctx,arbnet_density_skew,2020-08-21,0.022735757753252983,0.037219561636447906,0.02521044947206974,7.9856672286987305
ctx,arbnet_density_skew,2020-08-24,0.01743110455572605,0.010897975414991379,0.004622878506779671,10.492043495178223
ctx,arbnet_density_skew,2020-08-25,0.018385395407676697,0.05443067103624344,0.013970776461064816,11.009001731872559
ctx,arbnet_density_skew,2020-08-26,0.026353880763053894,0.02796667255461216,0.2782013714313507,12.049365043640137
ctx,arbnet_density_skew,2020-08-27,0.01861932873725891,0.020298592746257782,0.0029412524309009314,10.14594554901123
ctx,arbnet_density_skew,2020-08-28,0.019767414778470993,0.03043760359287262,0.0826149731874466,8.966428756713867
ctx,arbnet_density_skew,2020-08-31,0.036383479833602905,0.05732497200369835,0.050830356776714325,8.714781761169434
ctx,arbnet_density_skew,2020-09-01,0.018468094989657402,0.05699363350868225,0.039244145154953,11.638959884643555
ctx,arbnet_density_skew,2020-09-02,0.020378420129418373,0.0391949899494648,0.08206881582736969,10.327415466308594
ctx,arbnet_density_skew,2020-09-03,0.015356864780187607,0.023791620507836342,0.12401589751243591,9.48862361907959
ctx,arbnet_density_skew,2020-09-04,0.010747188702225685,0.04376661032438278,0.12890543043613434,12.844229698181152
ctx,arbnet_density_skew,2020-09-07,0.016471384093165398,0.030578309670090675,0.12717236578464508,10.614829063415527
ctx,arbnet_density_skew,2020-09-08,0.013523365370929241,0.02474241517484188,0.10623045265674591,11.227254867553711
ctx,arbnet_density_skew,2020-09-09,0.0077474298886954784,0.04174388572573662,0.09281042963266373,12.075925827026367
ctx,arbnet_density_skew,2020-09-10,0.012176799587905407,0.023531438782811165,0.10274825245141983,12.91675090789795
ctx,arbnet_density_skew,2020-09-11,0.010962709784507751,0.03203805908560753,0.17439590394496918,12.907185554504395
ctx,arbnet_density_skew,2020-09-14,0.010135591961443424,0.04404774680733681,0.02688673511147499,11.767033576965332
ctx,arbnet_density_skew,2020-09-15,0.01129090879112482,0.035545315593481064,0.030984900891780853,12.10288143157959
ctx,arbnet_density_skew,2020-09-16,0.013368090614676476,0.03758528456091881,0.08268268406391144,10.633018493652344
ctx,arbnet_density_skew,2020-09-17,0.00503853615373373,0.03516900911927223,0.23204129934310913,14.715055465698242
ctx,arbnet_density_skew,2020-09-18,0.006319232285022736,0.036700669676065445,0.12915489077568054,13.897372245788574
ctx,arbnet_density_skew,2020-09-21,0.010531256906688213,0.04634394124150276,0.04228224605321884,9.450973510742188
ctx,arbnet_density_skew,2020-09-22,0.010820944793522358,0.032304394990205765,0.012433650903403759,12.16960620880127
ctx,arbnet_density_skew,2020-09-23,0.011185768991708755,0.024018706753849983,0.004606976639479399,12.98231029510498
ctx,arbnet_density_skew,2020-09-24,0.010799183510243893,0.05118345096707344,0.13608381152153015,19.36638832092285
ctx,arbnet_density_skew,2020-09-25,0.011412681080400944,0.04019792005419731,0.21260058879852295,12.633196830749512
ctx,arbnet_density_skew,2020-09-28,0.011135676875710487,0.03920193389058113,0.19439145922660828,14.527863502502441
ctx,arbnet_density_skew,2020-09-29,0.009092994965612888,0.020798899233341217,0.3042773902416229,14.726826667785645
ctx,arbnet_density_skew,2020-09-30,0.016194289550185204,0.03406883403658867,0.28667008876800537,12.571685791015625
ctx,arbnet_density_skew,2020-10-01,0.01145291980355978,0.016207924112677574,0.0025745437014847994,14.392915725708008
ctx,arbnet_density_skew,2020-10-05,0.018297741189599037,0.020400837063789368,0.002329765586182475,9.400485038757324
ctx,arbnet_density_skew,2020-10-06,0.026905465871095657,0.013008088804781437,0.09856084734201431,8.858098983764648
ctx,arbnet_density_skew,2020-10-07,0.018983233720064163,0.028014464303851128,0.01551583968102932,10.732312202453613
ctx,arbnet_density_skew,2020-10-08,0.020153231918811798,0.010366429574787617,0.0017160543939098716,10.741591453552246
ctx,arbnet_density_skew,2020-10-09,0.017270075157284737,0.044156163930892944,0.14601145684719086,10.004549980163574
ctx,arbnet_density_skew,2020-10-12,0.013013539835810661,0.025033416226506233,0.0009569944813847542,11.7007417678833
ctx,arbnet_density_skew,2020-10-13,0.016832079738378525,0.03549250215291977,0.08105411380529404,10.311305046081543
ctx,arbnet_density_skew,2020-10-14,0.018915817141532898,0.0373496450483799,0.10945581644773483,10.667167663574219
ctx,arbnet_density_skew,2020-10-15,0.010505699552595615,0.04063967242836952,0.1204681396484375,11.98081111907959
ctx,arbnet_density_skew,2020-10-16,0.01126407366245985,0.025959627702832222,0.003257368691265583,11.324597358703613
ctx,arbnet_density_skew,2020-10-19,0.01139605138450861,0.02159268409013748,0.001631602761335671,15.455472946166992
ctx,arbnet_density_skew,2020-10-20,0.012474428862333298,0.01608048379421234,0.0007214407087303698,14.46520709991455
ctx,arbnet_density_skew,2020-10-21,0.013326749205589294,0.014732921496033669,0.000688671600073576,14.008628845214844
ctx,arbnet_density_skew,2020-10-22,0.00851256214082241,0.024541407823562622,0.001221708138473332,14.998750686645508
ctx,arbnet_density_skew,2020-10-23,0.011665359139442444,0.03138716146349907,0.0066102915443480015,12.78139877319336
ctx,arbnet_density_skew,2020-10-26,0.0076212165877223015,0.03856724873185158,0.0004949034773744643,15.311723709106445
ctx,arbnet_density_skew,2020-10-27,0.009210150688886642,0.030991796404123306,0.0008695105207152665,13.245269775390625
ctx,arbnet_density_skew,2020-10-28,0.014914761297404766,0.050355214625597,0.1297122985124588,10.441412925720215
ctx,arbnet_density_skew,2020-10-29,0.019630517810583115,0.05056385695934296,0.11740309745073318,10.14156436920166
ctx,arbnet_density_skew,2020-10-30,0.00814693421125412,0.05380372703075409,0.04335414245724678,13.889731407165527
ctx,arbnet_density_skew,2020-11-02,0.010511309839785099,0.058657433837652206,0.0261988565325737,11.986100196838379
ctx,arbnet_density_skew,2020-11-03,0.011277574114501476,0.05555790290236473,0.03379401937127113,12.223255157470703
ctx,arbnet_density_skew,2020-11-04,0.016625823453068733,0.04991672560572624,0.022896163165569305,8.601140975952148
ctx,arbnet_density_skew,2020-11-05,0.011588310822844505,0.03925199434161186,0.0742407888174057,12.29922103881836
ctx,arbnet_density_skew,2020-11-06,0.021059470251202583,0.02148301526904106,0.1017412319779396,9.28449821472168
ctx,arbnet_density_skew,2020-11-09,0.023685576394200325,0.047491367906332016,0.031086180359125137,9.31815242767334
ctx,arbnet_density_skew,2020-11-10,0.012363895773887634,0.04793233051896095,0.023530062288045883,12.280694007873535
ctx,arbnet_density_skew,2020-11-11,0.023735757917165756,0.040821727365255356,0.09075268357992172,11.611305236816406
ctx,arbnet_density_skew,2020-11-12,0.012322815135121346,0.04158442094922066,0.09842363744974136,13.055639266967773
ctx,arbnet_density_skew,2020-11-13,0.009380637668073177,0.04433565214276314,0.09517450630664825,11.43578815460205
ctx,arbnet_density_skew,2020-11-17,0.04273146763443947,0.05519611015915871,0.029817912727594376,10.036360740661621
ctx,arbnet_density_skew,2020-11-18,0.021732915192842484,0.04706789180636406,0.014490495435893536,10.54586410522461
ctx,arbnet_density_skew,2020-11-19,0.013946996070444584,0.03457578271627426,0.1783413290977478,14.22553539276123
ctx,arbnet_density_skew,2020-11-20,0.01729852706193924,0.03485145419836044,0.1223905086517334,12.287546157836914
ctx,arbnet_density_skew,2020-11-23,0.02277306467294693,0.040674302726984024,0.07124007493257523,7.945859432220459
ctx,arbnet_density_skew,2020-11-24,0.016558516770601273,0.036138467490673065,0.146999329328537,12.76932430267334
ctx,arbnet_density_skew,2020-11-25,0.010059105232357979,0.027337169274687767,0.0018686611438170075,14.743815422058105
ctx,arbnet_density_skew,2020-11-26,0.015380505472421646,0.01727449707686901,0.005391770973801613,10.81262493133545
ctx,arbnet_density_skew,2020-11-27,0.03784004971385002,0.043037064373493195,0.12270735204219818,9.31013011932373
ctx,arbnet_density_skew,2020-12-01,0.029448002576828003,0.042795028537511826,0.06554857641458511,8.329237937927246
ctx,arbnet_density_skew,2020-12-02,0.0196977611631155,0.029820838943123817,0.10583288967609406,11.200355529785156
ctx,arbnet_density_skew,2020-12-03,0.024724306538701057,0.018766317516565323,0.13372935354709625,9.874598503112793
ctx,arbnet_density_skew,2020-12-04,0.026034271344542503,0.026158738881349564,0.09602615982294083,9.679184913635254
ctx,arbnet_density_skew,2020-12-07,0.022075187414884567,0.033150967210531235,0.11470789462327957,10.49621868133545
ctx,arbnet_density_skew,2020-12-08,0.021733781322836876,0.02347589284181595,0.1363510936498642,11.095876693725586
ctx,arbnet_density_skew,2020-12-09,0.024789398536086082,0.03657909110188484,0.07333501428365707,10.104191780090332
ctx,arbnet_density_skew,2020-12-10,0.018674073740839958,0.028128545731306076,0.1326327621936798,12.100455284118652
ctx,arbnet_density_skew,2020-12-11,0.019504297524690628,0.02391091175377369,0.2219274342060089,11.164022445678711
ctx,arbnet_density_skew,2020-12-14,0.012439695186913013,0.03010278195142746,0.16538889706134796,12.771920204162598
ctx,arbnet_density_skew,2020-12-15,0.03207122161984444,0.03248580917716026,0.07592137157917023,9.389602661132812
ctx,arbnet_density_skew,2020-12-16,0.016342906281352043,0.0266331247985363,0.10214348137378693,10.57241439819336
ctx,arbnet_density_skew,2020-12-17,0.017610831186175346,0.027986885979771614,0.10075171291828156,9.118403434753418
ctx,arbnet_density_skew,2020-12-18,0.02006632648408413,0.017024394124746323,0.20444604754447937,12.93889331817627
ctx,arbnet_density_skew,2020-12-21,0.009225769899785519,0.052384499460458755,0.03666973486542702,11.422284126281738
ctx,arbnet_density_skew,2020-12-22,0.007166347932070494,0.04210241138935089,0.11427386105060577,14.1611909866333
ctx,arbnet_density_skew,2020-12-23,0.010031296871602535,0.032514430582523346,0.14799296855926514,11.961939811706543
ctx,arbnet_density_skew,2020-12-24,0.010556383058428764,0.02685975469648838,0.16233552992343903,14.486762046813965
ctx,arbnet_density_skew,2020-12-28,0.01740444079041481,0.03777939826250076,0.02104072831571102,10.626102447509766
ctx,arbnet_density_skew,2020-12-29,0.015969274565577507,0.04088577628135681,0.01968654990196228,11.629352569580078
ctx,arbnet_density_skew,2020-12-30,0.013922776095569134,0.04053227975964546,0.05068862810730934,11.012700080871582
ctx,arbnet_density_skew,2020-12-31,0.013437877409160137,0.02417815290391445,0.04375183954834938,11.188090324401855
ctx,arbnet_density_skew,2021-01-01,0.013075084425508976,0.019807174801826477,0.11510834842920303,10.55223560333252
ctx,arbnet_density_skew,2021-01-04,0.0169281717389822,0.03279212862253189,0.0533609576523304,10.86921215057373
ctx,arbnet_density_skew,2021-01-05,0.015749793499708176,0.021018022671341896,0.1110808476805687,10.82656192779541
ctx,arbnet_density_skew,2021-01-06,0.022517208009958267,0.03492773324251175,0.07716407626867294,10.974519729614258
ctx,arbnet_density_skew,2021-01-07,0.0140912476927042,0.030593009665608406,0.09461914747953415,11.482926368713379
ctx,arbnet_density_skew,2021-01-08,0.015016622841358185,0.02333977445960045,0.048245154321193695,10.437317848205566
ctx,arbnet_density_skew,2021-01-11,0.01748715527355671,0.034513577818870544,0.10265713930130005,12.045122146606445
ctx,arbnet_density_skew,2021-01-12,0.01346548367291689,0.02962588705122471,0.011001920327544212,11.421757698059082
ctx,arbnet_density_skew,2021-01-13,0.014782358892261982,0.03989914432168007,0.0718822181224823,15.972953796386719
ctx,arbnet_density_skew,2021-01-14,0.012058527208864689,0.024296274408698082,0.05361345037817955,11.514204025268555
ctx,arbnet_density_skew,2021-01-15,0.011026234365999699,0.04083762690424919,0.06150940805673599,15.420642852783203
ctx,arbnet_density_skew,2021-01-18,0.006975704804062843,0.04756661131978035,0.001910261926241219,12.950324058532715
ctx,arbnet_density_skew,2021-01-19,0.017884688451886177,0.046897780150175095,0.07304341346025467,29.068965911865234
ctx,arbnet_density_skew,2021-01-20,0.011293740011751652,0.0356687493622303,0.11298294365406036,15.044378280639648
ctx,arbnet_density_skew,2021-01-21,0.006484897341579199,0.03295702859759331,0.002758043585345149,15.62773609161377
ctx,arbnet_density_skew,2021-01-22,0.004079880192875862,0.0469747856259346,0.026942400261759758,13.546490669250488
ctx,arbnet_density_skew,2021-01-25,0.004691182170063257,0.05156819149851799,0.0348951630294323,16.984663009643555
ctx,arbnet_density_skew,2021-01-27,0.002500866772606969,0.05187755078077316,0.0006744670681655407,22.012107849121094
ctx,arbnet_density_skew,2021-01-28,0.002316259779036045,0.05160512775182724,0.0011206502094864845,19.14676856994629
ctx,arbnet_density_skew,2021-01-29,0.016943668946623802,0.06025764346122742,5.341435826267116e-05,47.28649139404297
ctx,arbnet_density_skew,2021-02-01,0.009325460530817509,0.04783524572849274,0.019557254388928413,12.870022773742676
ctx,arbnet_density_skew,2021-02-02,0.01026078313589096,0.05008317530155182,0.050535086542367935,12.732985496520996
ctx,arbnet_density_skew,2021-02-03,0.013651718385517597,0.035995278507471085,0.0135241923853755,9.557780265808105
ctx,arbnet_density_skew,2021-02-04,0.0068617151118814945,0.035922370851039886,0.08698678016662598,11.011942863464355
ctx,arbnet_density_skew,2021-02-05,0.009031889960169792,0.036954365670681,0.07964439690113068,10.212214469909668
ctx,arbnet_density_skew,2021-02-08,0.011723615229129791,0.04022696614265442,0.06460031121969223,10.885147094726562
ctx,arbnet_density_skew,2021-02-09,0.011518902145326138,0.036698948591947556,0.040023449808359146,9.893356323242188
ctx,arbnet_density_skew,2021-02-10,0.010872874408960342,0.039962492883205414,0.09145032614469528,11.669760704040527
ctx,arbnet_density_skew,2021-02-11,0.01689860224723816,0.018853768706321716,0.04391321539878845,9.829460144042969
ctx,arbnet_density_skew,2021-02-12,0.009863323532044888,0.025819828733801842,0.04675727337598801,10.569645881652832
ctx,arbnet_density_skew,2021-02-15,0.009698630310595036,0.03687036409974098,0.10635741800069809,13.335826873779297
ctx,arbnet_density_skew,2021-02-16,0.007985207252204418,0.035511892288923264,0.10865156352519989,13.833573341369629
ctx,arbnet_density_skew,2021-02-17,0.010160204954445362,0.030874310061335564,0.009559300728142262,10.912274360656738
ctx,arbnet_density_skew,2021-02-18,0.010876110754907131,0.029031705111265182,0.12115523219108582,13.18027400970459
ctx,arbnet_density_skew,2021-02-19,0.01037856936454773,0.03141229227185249,0.01835886761546135,10.970880508422852
ctx,arbnet_density_skew,2021-02-22,0.0050275069661438465,0.04757915809750557,0.0019679844845086336,10.541946411132812
ctx,arbnet_density_skew,2021-02-23,0.0069740149192512035,0.04922425374388695,0.002421579323709011,10.946371078491211
ctx,arbnet_density_skew,2021-02-24,0.07670895010232925,0.04916287586092949,0.0005919591058045626,7.719773769378662
ctx,arbnet_density_skew,2021-02-25,0.006622652988880873,0.040653884410858154,0.08902540802955627,19.142684936523438
ctx,arbnet_density_skew,2021-02-26,0.015081376768648624,0.05866149812936783,0.004364484455436468,13.597212791442871
ctx,arbnet_density_skew,2021-03-01,0.009213926270604134,0.05871767923235893,0.08943288773298264,9.4368896484375
ctx,arbnet_density_skew,2021-03-02,0.012194320559501648,0.036816686391830444,0.09609617292881012,10.165053367614746
ctx,arbnet_density_skew,2021-03-03,0.008548072539269924,0.04299065098166466,0.039011068642139435,8.863883972167969
ctx,arbnet_density_skew,2021-03-04,0.006053005810827017,0.05790548771619797,0.0980256199836731,11.112001419067383
ctx,arbnet_density_skew,2021-03-05,0.005689420737326145,0.059204429388046265,0.09666654467582703,12.14841079711914
ctx,arbnet_density_skew,2021-03-08,0.006943954154849052,0.060170937329530716,0.0688927173614502,10.439966201782227
ctx,arbnet_density_skew,2021-03-09,0.006775152403861284,0.05192989110946655,0.030967503786087036,13.054997444152832
ctx,arbnet_density_skew,2021-03-10,0.009064162150025368,0.029312582686543465,0.1344417780637741,11.782920837402344
ctx,arbnet_density_skew,2021-03-12,0.006039022468030453,0.05059682950377464,0.014341233298182487,14.308959007263184
ctx,arbnet_density_skew,2021-03-15,0.004148827865719795,0.06247835233807564,0.011324807070195675,15.322698593139648
ctx,arbnet_density_skew,2021-03-16,0.009404987096786499,0.055490124970674515,0.09356211125850677,18.847885131835938
ctx,arbnet_density_skew,2021-03-17,0.02395603433251381,0.05306313931941986,0.12364879250526428,26.92436981201172
ctx,arbnet_density_skew,2021-03-18,0.00615523848682642,0.056612901389598846,0.003241336904466152,14.718278884887695
ctx,arbnet_density_skew,2021-03-19,0.009903132915496826,0.03645862638950348,0.02555025927722454,10.884085655212402
ctx,arbnet_density_skew,2021-03-22,0.010026856325566769,0.042382583022117615,0.027045080438256264,12.131771087646484
ctx,arbnet_density_skew,2021-03-23,0.010242825374007225,0.05083147808909416,0.1134146898984909,17.585140228271484
ctx,arbnet_density_skew,2021-03-24,0.0067216502502560616,0.05730792135000229,0.010277606546878815,13.485088348388672
ctx,arbnet_density_skew,2021-03-25,0.006790331099182367,0.05393695831298828,0.003280456643551588,16.191225051879883
ctx,arbnet_density_skew,2021-03-26,0.010389343835413456,0.04398377612233162,0.05542948096990585,9.515115737915039
ctx,arbnet_density_skew,2021-03-31,0.011092796921730042,0.052970461547374725,0.026935448870062828,9.48912525177002
ctx,arbnet_density_skew,2021-04-01,0.00803148653358221,0.03327105939388275,0.12790542840957642,12.095491409301758
ctx,arbnet_density_skew,2021-04-05,0.007976258173584938,0.05036886781454086,0.10205128788948059,13.019037246704102
ctx,arbnet_density_skew,2021-04-06,0.00622872868552804,0.04997454583644867,0.0358065627515316,10.585981369018555
ctx,arbnet_density_skew,2021-04-07,0.00850568525493145,0.04502369463443756,0.04093743488192558,10.542399406433105
ctx,arbnet_density_skew,2021-04-08,0.013422937132418156,0.03019922971725464,0.08709998428821564,10.901541709899902
ctx,arbnet_density_skew,2021-04-09,0.010476185008883476,0.046734802424907684,0.07737653702497482,9.408330917358398
ctx,arbnet_density_skew,2021-04-12,0.0057757822796702385,0.05718041956424713,0.07733926177024841,16.542695999145508
ctx,arbnet_density_skew,2021-04-13,0.010927013121545315,0.03210769221186638,0.02505849115550518,12.477110862731934
ctx,arbnet_density_skew,2021-04-15,0.006272550206631422,0.03715812414884567,0.17332087457180023,16.37032699584961
ctx,arbnet_density_skew,2021-04-16,0.00928022526204586,0.04952883720397949,0.11873002350330353,13.16303825378418
ctx,arbnet_density_skew,2021-04-19,0.014874893240630627,0.062298484146595,0.014585142955183983,10.51354694366455
ctx,arbnet_density_skew,2021-04-20,0.011488080024719238,0.06709057837724686,0.0002461096446495503,14.000685691833496
ctx,arbnet_density_skew,2021-04-22,0.01092929020524025,0.0615672692656517,0.007121280767023563,9.761192321777344
ctx,arbnet_density_skew,2021-04-23,0.005493499804288149,0.055191222578287125,0.12293261289596558,14.32004451751709
ctx,arbnet_density_skew,2021-04-26,0.007781254127621651,0.04663339629769325,0.08191429823637009,10.633402824401855
ctx,arbnet_density_skew,2021-04-27,0.00828883983194828,0.051340892910957336,0.12164334952831268,12.58418083190918
ctx,arbnet_density_skew,2021-04-28,0.00750835333019495,0.050290193408727646,0.029182765632867813,11.441411018371582
ctx,arbnet_density_skew,2021-04-29,0.020712027326226234,0.06456705927848816,0.017259754240512848,7.288511276245117
ctx,arbnet_density_skew,2021-04-30,0.007976693101227283,0.06343895196914673,0.03452182188630104,7.847333908081055
ctx,arbnet_density_skew,2021-05-03,0.012554782442748547,0.06321574002504349,0.055327072739601135,10.58096981048584
ctx,arbnet_density_skew,2021-05-04,0.005995146930217743,0.05552223324775696,0.07966729253530502,10.62732219696045
ctx,arbnet_density_skew,2021-05-05,0.008182916790246964,0.05426880717277527,0.01834096759557724,8.744763374328613
ctx,arbnet_density_skew,2021-05-06,0.005122465081512928,0.04430295154452324,0.11811883002519608,13.076282501220703
ctx,arbnet_density_skew,2021-05-07,0.012362560257315636,0.021292587742209435,0.11654401570558548,10.586616516113281
ctx,arbnet_density_skew,2021-05-10,0.007700879126787186,0.0359826423227787,0.08130580186843872,11.480677604675293
ctx,arbnet_density_skew,2021-05-11,0.005891221575438976,0.042571067810058594,0.13716045022010803,13.37087631225586
ctx,arbnet_density_skew,2021-05-12,0.018741723150014877,0.020628314465284348,0.0254372488707304,9.50684928894043
ctx,arbnet_density_skew,2021-05-14,0.01258250791579485,0.03974491357803345,0.07406245172023773,9.351086616516113
ctx,arbnet_density_skew,2021-05-17,0.011780599132180214,0.031681813299655914,0.16390447318553925,12.260628700256348
ctx,arbnet_density_skew,2021-05-18,0.02598763071000576,0.05446731299161911,0.0016000493196770549,8.370316505432129
ctx,arbnet_density_skew,2021-05-19,0.023708155378699303,0.047663141041994095,0.03937224671244621,7.830618381500244
ctx,arbnet_density_skew,2021-05-20,0.04363655671477318,0.0433444008231163,0.029328344389796257,6.52271842956543
ctx,arbnet_density_skew,2021-05-21,0.020309817045927048,0.03734518587589264,0.036278046667575836,7.00484561920166
ctx,arbnet_density_skew,2021-05-24,0.027150597423315048,0.04931158199906349,0.004231397062540054,7.059414386749268
ctx,arbnet_density_skew,2021-05-25,0.019728660583496094,0.023479683324694633,0.007241042330861092,10.460906028747559
ctx,arbnet_density_skew,2021-05-26,0.006476173177361488,0.027518948540091515,0.29978147149086,13.868010520935059
ctx,arbnet_density_skew,2021-05-27,0.013643315993249416,0.013054710812866688,0.0032162817660719156,11.230997085571289
ctx,arbnet_density_skew,2021-05-28,0.013095899485051632,0.01873014308512211,0.11626198887825012,9.166523933410645
ctx,arbnet_density_skew,2021-05-31,0.017484406009316444,0.023823389783501625,0.12434934824705124,8.668843269348145
ctx,arbnet_density_skew,2021-06-01,0.008897233754396439,0.038950882852077484,0.013293473049998283,9.59461498260498
ctx,arbnet_density_skew,2021-06-02,0.017196817323565483,0.013134267181158066,0.08905363827943802,11.011761665344238
ctx,arbnet_density_skew,2021-06-03,0.01890033297240734,0.011806868948042393,0.1342145949602127,8.318394660949707
ctx,arbnet_density_skew,2021-06-04,0.018793951719999313,0.009105196222662926,0.0050443680956959724,8.778990745544434
ctx,arbnet_density_skew,2021-06-07,0.013198832049965858,0.0138683021068573,0.1148524135351181,9.99240493774414
ctx,arbnet_density_skew,2021-06-08,0.02038918063044548,0.03882795199751854,0.019632764160633087,6.6019978523254395
ctx,arbnet_density_skew,2021-06-09,0.009943360462784767,0.01831524819135666,0.10560515522956848,11.494407653808594
ctx,arbnet_density_skew,2021-06-10,0.012295478023588657,0.025897128507494926,0.020364509895443916,8.795483589172363
ctx,arbnet_density_skew,2021-06-11,0.007925630547106266,0.030227674171328545,0.20265603065490723,14.753881454467773
ctx,arbnet_density_skew,2021-06-14,0.011811120435595512,0.027711624279618263,0.17744840681552887,10.705711364746094
ctx,arbnet_density_skew,2021-06-15,0.012407191097736359,0.015679525211453438,0.1827138215303421,11.807578086853027
ctx,arbnet_density_skew,2021-06-16,0.011603849940001965,0.021995127201080322,0.2026224434375763,14.807565689086914
ctx,arbnet_density_skew,2021-06-17,0.01573770120739937,0.007551562041044235,0.0008520623669028282,10.860711097717285
ctx,arbnet_density_skew,2021-06-18,0.020506346598267555,0.0185991283506155,0.013765841722488403,8.649160385131836
ctx,arbnet_density_skew,2021-06-21,0.016069555655121803,0.014674881473183632,0.3110860586166382,11.3881254196167
ctx,arbnet_density_skew,2021-06-22,0.0085249412804842,0.025568393990397453,0.25870177149772644,14.105303764343262
ctx,arbnet_density_skew,2021-06-23,0.015726907178759575,0.03804802894592285,0.17848306894302368,15.953489303588867
ctx,arbnet_density_skew,2021-06-24,0.02808956801891327,0.04076753556728363,0.0005519276019185781,5.759274482727051
ctx,arbnet_density_skew,2021-06-25,0.01126757450401783,0.01515202596783638,0.000646437460090965,13.871084213256836
ctx,arbnet_density_skew,2021-06-28,0.020084351301193237,0.016493022441864014,0.045492444187402725,8.483217239379883
ctx,arbnet_density_skew,2021-06-29,0.02341953106224537,0.027304770424962044,0.0013031363487243652,7.726231098175049
ctx,arbnet_density_skew,2021-06-30,0.019058754667639732,0.017376121133565903,0.030913760885596275,9.414392471313477
ctx,arbnet_density_skew,2021-07-01,0.008519496768712997,0.007045700680464506,0.33627650141716003,12.568075180053711
ctx,arbnet_density_skew,2021-07-02,0.026056187227368355,0.020780818536877632,0.00022454088320955634,8.600086212158203
ctx,arbnet_density_skew,2021-07-05,0.012062923982739449,0.010280502960085869,0.1792808473110199,10.248754501342773
ctx,arbnet_density_skew,2021-07-06,0.010526633821427822,0.014224774204194546,0.18303290009498596,11.062178611755371
ctx,arbnet_density_skew,2021-07-07,0.013343261554837227,0.00482527120038867,0.00037171802250668406,11.188055992126465
ctx,arbnet_density_skew,2021-07-08,0.014078892767429352,0.016060110181570053,0.16645728051662445,10.986188888549805
ctx,arbnet_density_skew,2021-07-09,0.01416819542646408,0.01607162319123745,0.12615083158016205,10.52578353881836
ctx,arbnet_density_skew,2021-07-12,0.012403956614434719,0.010833237320184708,0.18757186830043793,10.74002456665039
ctx,arbnet_density_skew,2021-07-13,0.006979731377214193,0.020950688049197197,0.1374274641275406,11.714543342590332
ctx,arbnet_density_skew,2021-07-14,0.010232564061880112,0.004584618378430605,0.00032838984043337405,13.709736824035645
ctx,arbnet_density_skew,2021-07-15,0.012846967205405235,0.0014788953121751547,0.00014037736400496215,11.1660737991333
ctx,arbnet_density_skew,2021-07-16,0.009851513430476189,0.01773015782237053,0.2031598687171936,10.99629020690918
ctx,arbnet_density_skew,2021-07-19,0.010382690466940403,0.01600842922925949,0.17040173709392548,12.090158462524414
ctx,arbnet_density_skew,2021-07-20,0.010459477081894875,0.005742362700402737,0.00033166856155730784,13.471811294555664
ctx,arbnet_density_skew,2021-07-22,0.011412044055759907,0.01169375516474247,0.00019030275871045887,9.670654296875
ctx,arbnet_density_skew,2021-07-23,0.01645897701382637,0.011152395978569984,0.2525274157524109,14.627849578857422
ctx,arbnet_density_skew,2021-07-26,0.006289168260991573,0.009727491065859795,0.2780705988407135,11.854754447937012
ctx,arbnet_density_skew,2021-07-27,0.011927871964871883,0.020618006587028503,0.001751738484017551,10.406232833862305
ctx,arbnet_density_skew,2021-07-28,0.013547036796808243,0.007103468291461468,0.0006166664534248412,11.574819564819336
ctx,arbnet_density_skew,2021-07-29,0.015453003346920013,0.009365647099912167,0.0038129924796521664,8.517542839050293
ctx,arbnet_density_skew,2021-07-30,0.030032265931367874,0.015543042682111263,0.00581487687304616,5.688776016235352
ctx,arbnet_density_skew,2021-08-02,0.014848349615931511,0.019291037693619728,0.09913423657417297,8.970723152160645
ctx,arbnet_density_skew,2021-08-03,0.0029481356032192707,0.02826572209596634,0.12629936635494232,10.715328216552734
ctx,arbnet_density_skew,2021-08-04,0.022534692659974098,0.016534484922885895,0.11477431654930115,11.202245712280273
ctx,arbnet_density_skew,2021-08-05,0.01674322783946991,0.00925346091389656,0.00016578407667111605,10.215071678161621
ctx,arbnet_density_skew,2021-08-06,0.011093273758888245,0.007151340134441853,8.018827065825462e-05,11.725955963134766
ctx,arbnet_density_skew,2021-08-09,0.012418651022017002,0.010653556324541569,0.00020783493528142571,14.945904731750488
ctx,arbnet_density_skew,2021-08-10,0.007252028677612543,0.02241913042962551,0.08718082308769226,11.620659828186035
ctx,arbnet_density_skew,2021-08-11,0.027909688651561737,0.030673548579216003,4.6494540583807975e-05,8.193443298339844
ctx,arbnet_density_skew,2021-08-12,0.008248708210885525,0.009108826518058777,6.347993621602654e-05,14.3330717086792
ctx,arbnet_density_skew,2021-08-13,0.014959130436182022,0.008249816484749317,0.18115836381912231,12.702278137207031
ctx,arbnet_density_skew,2021-08-16,0.01608647219836712,0.0028090712148696184,3.051642852369696e-05,11.492002487182617
ctx,arbnet_density_skew,2021-08-17,0.008527252823114395,0.005687100347131491,0.00011446067946963012,14.174077033996582
ctx,arbnet_density_skew,2021-08-18,0.012225179933011532,0.0030987695790827274,0.0001969357399502769,11.078898429870605
ctx,arbnet_density_skew,2021-08-20,0.011604808270931244,0.009213571436703205,0.13699589669704437,11.296957015991211
ctx,arbnet_density_skew,2021-08-23,0.011018387973308563,0.010762800462543964,0.04386146739125252,8.888646125793457
ctx,arbnet_density_skew,2021-08-24,0.007990144193172455,0.0070608495734632015,0.21392156183719635,9.390007019042969
ctx,arbnet_density_skew,2021-08-25,0.025949940085411072,0.021660637110471725,0.02409283071756363,6.553852081298828
ctx,arbnet_density_skew,2021-08-26,0.0269129890948534,0.0001956024207174778,0.30722224712371826,9.414095878601074
ctx,arbnet_density_skew,2021-08-27,0.021516313776373863,0.0018946257187053561,0.13368813693523407,8.365900039672852
ctx,arbnet_density_skew,2021-08-30,0.015655118972063065,0.00544213131070137,0.0063737682066857815,8.30911922454834
ctx,arbnet_density_skew,2021-08-31,0.00911681167781353,0.009571170434355736,0.15147621929645538,10.453344345092773
ctx,arbnet_density_skew,2021-09-01,0.01787770912051201,0.007329273968935013,0.0002459008537698537,7.696323871612549
ctx,arbnet_density_skew,2021-09-02,0.02170940302312374,0.0017644295003265142,0.00037756774690933526,8.310751914978027
ctx,arbnet_density_skew,2021-09-03,0.01995904929935932,0.015727415680885315,0.18987621366977692,9.523749351501465
ctx,arbnet_density_skew,2021-09-06,0.013035202398896217,0.01595446467399597,0.0016072399448603392,9.136543273925781
ctx,arbnet_density_skew,2021-09-07,0.0173342265188694,0.01969744823873043,0.017267826944589615,7.568413734436035
ctx,arbnet_density_skew,2021-09-08,0.015929583460092545,0.0126811433583498,0.12127813696861267,9.90482234954834
ctx,arbnet_density_skew,2021-09-09,0.02338138408958912,0.010984527878463268,0.0005431674071587622,6.4030985832214355
ctx,arbnet_density_skew,2021-09-13,0.014828338287770748,0.016505686566233635,0.17434749007225037,11.066298484802246
ctx,arbnet_density_skew,2021-09-14,0.018657993525266647,0.0043794806115329266,0.01364753395318985,7.85214900970459
ctx,arbnet_density_skew,2021-09-15,0.014718594029545784,0.015235734172165394,0.0006465345504693687,10.119547843933105
ctx,arbnet_density_skew,2021-09-16,0.013718530535697937,0.010363765060901642,0.010448307730257511,8.516043663024902
ctx,arbnet_density_skew,2021-09-17,0.010016141459345818,0.019495652988553047,0.054292112588882446,8.828546524047852
ctx,arbnet_density_skew,2021-09-20,0.009457496926188469,0.014903043396770954,0.0035908115096390247,10.98332405090332
ctx,arbnet_density_skew,2021-09-21,0.007045647129416466,0.01129759382456541,0.2525539696216583,11.711499214172363
ctx,arbnet_density_skew,2021-09-22,0.012616880238056183,0.012465590611100197,0.005317314527928829,9.807233810424805
ctx,arbnet_density_skew,2021-09-23,0.010717074386775494,0.01545198354870081,0.01153783779591322,10.34915542602539
ctx,arbnet_density_skew,2021-09-24,0.015017792582511902,0.011315155774354935,0.18035362660884857,8.726293563842773
ctx,arbnet_density_skew,2021-09-27,0.007822311483323574,0.02416149340569973,0.09646689891815186,9.375621795654297
ctx,arbnet_density_skew,2021-09-28,0.00663628987967968,0.02137528359889984,0.09604764729738235,11.413946151733398
ctx,arbnet_density_skew,2021-09-29,0.008221822790801525,0.02800999954342842,0.09817925840616226,10.517082214355469
ctx,arbnet_density_skew,2021-09-30,0.005391118116676807,0.023279717192053795,0.09425478428602219,11.63373851776123
ctx,arbnet_density_skew,2021-10-01,0.009884567931294441,0.018768472597002983,0.05960346758365631,9.19568920135498
ctx,arbnet_density_skew,2021-10-04,0.012851012870669365,0.018458273261785507,0.004697964992374182,8.96410083770752
ctx,arbnet_density_skew,2021-10-05,0.016931239515542984,0.010390899144113064,0.002286552684381604,9.478702545166016
ctx,arbnet_density_skew,2021-10-06,0.012503121048212051,0.014273712411522865,0.007273782044649124,9.26648998260498
ctx,arbnet_density_skew,2021-10-07,0.0159777645021677,0.013396823778748512,0.10719601809978485,8.67050552368164
ctx,arbnet_density_skew,2021-10-08,0.023830251768231392,0.022796669974923134,0.1233830600976944,8.385539054870605
ctx,arbnet_density_skew,2021-10-11,0.018758872523903847,0.02238510176539421,0.11654217541217804,9.785392761230469
ctx,arbnet_density_skew,2021-10-12,0.00894833728671074,0.019091438502073288,0.10701429843902588,11.105304718017578
ctx,arbnet_density_skew,2021-10-13,0.020419403910636902,0.0264066681265831,0.0037742576096206903,6.737812519073486
ctx,arbnet_density_skew,2021-10-14,0.006586386822164059,0.01097421906888485,0.0005771961295977235,10.879337310791016
ctx,arbnet_density_skew,2021-10-18,0.015597453340888023,0.01514529436826706,0.0038130597677081823,9.615732192993164
ctx,arbnet_density_skew,2021-10-19,0.018696574494242668,0.023340296000242233,0.13967274129390717,9.894932746887207
ctx,arbnet_density_skew,2021-10-20,0.01100925076752901,0.03438930585980415,9.195601887768134e-05,10.506178855895996
ctx,arbnet_density_skew,2021-10-21,0.007577384822070599,0.029837418347597122,0.0007395221618935466,12.21045207977295
ctx,arbnet_density_skew,2021-10-22,0.011196394450962543,0.02584574744105339,0.001912738778628409,9.876033782958984
ctx,arbnet_density_skew,2021-10-25,0.013988696038722992,0.03168066591024399,0.07953036576509476,11.854548454284668
ctx,arbnet_density_skew,2021-10-26,0.01150320190936327,0.028055502101778984,0.11896566301584244,10.81924057006836
ctx,arbnet_density_skew,2021-10-27,0.00814663153141737,0.019776184111833572,0.000904079235624522,10.898661613464355
ctx,arbnet_density_skew,2021-10-28,0.011555511504411697,0.033742498606443405,0.0002455025678500533,11.063069343566895
ctx,arbnet_density_skew,2021-10-29,0.017321452498435974,0.03294466808438301,0.03435858339071274,7.577831745147705
ctx,arbnet_density_skew,2021-11-01,0.011371565982699394,0.03360336646437645,0.023456085473299026,10.434544563293457
ctx,arbnet_density_skew,2021-11-02,0.010804093442857265,0.027345553040504456,0.03448381647467613,9.217264175415039
ctx,arbnet_density_skew,2021-11-03,0.008066389709711075,0.022409623488783836,0.03852646052837372,10.992448806762695
ctx,arbnet_density_skew,2021-11-04,0.010096479207277298,0.01804642751812935,0.07414613664150238,8.368874549865723
ctx,arbnet_density_skew,2021-11-08,0.005816235672682524,0.02722284570336342,0.07897698879241943,11.167006492614746
ctx,arbnet_density_skew,2021-11-09,0.00939446035772562,0.03410506993532181,0.003178853541612625,9.635359764099121
ctx,arbnet_density_skew,2021-11-10,0.017184490337967873,0.02852555923163891,0.006774040404707193,8.656959533691406
ctx,arbnet_density_skew,2021-11-11,0.004051768220961094,0.028590817004442215,0.009081300348043442,11.175568580627441
ctx,arbnet_density_skew,2021-11-12,0.0067580388858914375,0.02367388643324375,0.024281369522213936,9.542855262756348
ctx,arbnet_density_skew,2021-11-15,0.011260675266385078,0.02885829284787178,0.07145185768604279,13.374841690063477
ctx,arbnet_density_skew,2021-11-16,0.012208161875605583,0.02364460565149784,0.0030693067237734795,7.449628829956055
ctx,arbnet_density_skew,2021-11-17,0.015170341357588768,0.01614421233534813,0.12864725291728973,12.962759017944336
ctx,arbnet_density_skew,2021-11-18,0.009053871035575867,0.027610355988144875,1.821514524635859e-05,11.666454315185547
ctx,arbnet_density_skew,2021-11-22,0.011271986179053783,0.025091616436839104,0.09307736903429031,17.540712356567383
ctx,arbnet_density_skew,2021-11-23,0.03705057501792908,0.02984996698796749,0.0011200410081073642,7.429610729217529
ctx,arbnet_density_skew,2021-11-24,0.012555906549096107,0.01675216294825077,0.18607231974601746,14.608463287353516
ctx,arbnet_density_skew,2021-11-25,0.030325867235660553,0.026377182453870773,0.009987195022404194,6.592383861541748
ctx,arbnet_density_skew,2021-11-26,0.015868665650486946,0.024289390072226524,0.09423018246889114,12.009249687194824
ctx,arbnet_density_skew,2021-11-29,0.02231217734515667,0.034625086933374405,0.023623080924153328,8.678074836730957
ctx,arbnet_density_skew,2021-11-30,0.010479430668056011,0.03337503969669342,0.027485491707921028,14.68143081665039
ctx,arbnet_density_skew,2021-12-01,0.02937191352248192,0.027365896850824356,0.03376397490501404,8.5947904586792
ctx,arbnet_density_skew,2021-12-02,0.003924814984202385,0.024626627564430237,0.04355023056268692,11.928409576416016
ctx,arbnet_density_skew,2021-12-03,0.016972489655017853,0.022895338013768196,0.053388915956020355,10.500588417053223
ctx,arbnet_density_skew,2021-12-06,0.018675141036510468,0.03744742274284363,0.002721603726968169,7.215601921081543
ctx,arbnet_density_skew,2021-12-07,0.02549397200345993,0.029900189489126205,0.04535811394453049,7.773574352264404
ctx,arbnet_density_skew,2021-12-08,0.010781729593873024,0.02463722601532936,0.019008560106158257,10.43163776397705
ctx,arbnet_density_skew,2021-12-09,0.006560401059687138,0.015555026941001415,0.1472780704498291,10.944267272949219
ctx,arbnet_density_skew,2021-12-10,0.006985040847212076,0.017065558582544327,0.16527332365512848,11.852734565734863
ctx,arbnet_density_skew,2021-12-13,0.00805563572794199,0.026019981130957603,0.09120249003171921,19.903560638427734
ctx,arbnet_density_skew,2021-12-14,0.007105862721800804,0.02899177372455597,0.07465468347072601,12.541513442993164
ctx,arbnet_density_skew,2021-12-15,0.007853195071220398,0.026386357843875885,0.11213476955890656,16.89834213256836
ctx,arbnet_density_skew,2021-12-16,0.008242911659181118,0.03257125988602638,0.0006052188109606504,8.387142181396484
ctx,arbnet_density_skew,2021-12-17,0.005477620288729668,0.02226315066218376,0.1277693808078766,16.321317672729492
ctx,arbnet_density_skew,2021-12-20,0.006002290640026331,0.036678750067949295,0.003330019535496831,11.889793395996094
ctx,arbnet_density_skew,2021-12-21,0.01736132614314556,0.03215260058641434,0.09840361773967743,25.687379837036133
ctx,arbnet_density_skew,2021-12-22,0.004620854277163744,0.02248169295489788,0.14173565804958344,16.994300842285156
ctx,arbnet_density_skew,2021-12-23,0.006065132562071085,0.020238012075424194,0.15846484899520874,15.147205352783203
ctx,arbnet_density_skew,2021-12-24,0.004291573539376259,0.01764271780848503,0.1635890007019043,11.938591957092285
ctx,arbnet_density_skew,2021-12-27,0.005272780545055866,0.025520505383610725,0.13638044893741608,16.65168571472168
ctx,arbnet_density_skew,2021-12-28,0.005087969824671745,0.021771268919110298,0.15714481472969055,15.25253963470459
ctx,arbnet_density_skew,2021-12-29,0.004982898477464914,0.02644270472228527,0.04812166467308998,12.321195602416992
ctx,arbnet_density_skew,2021-12-30,0.007039923220872879,0.024828370660543442,0.06150049716234207,10.9357271194458
ctx,arbnet_density_skew,2021-12-31,0.005403725430369377,0.026568610221147537,0.06802936643362045,12.005990982055664
ctx,arbnet_density_skew,2022-01-03,0.006783810909837484,0.026192741468548775,0.008482608944177628,11.517248153686523
ctx,arbnet_density_skew,2022-01-04,0.010634941048920155,0.010746126994490623,0.002878353698179126,10.330522537231445
ctx,arbnet_density_skew,2022-01-05,0.008421322330832481,0.02170615829527378,0.0756833478808403,9.337464332580566
ctx,arbnet_density_skew,2022-01-06,0.007535845972597599,0.03037472628057003,0.0003106125514023006,11.049474716186523
ctx,arbnet_density_skew,2022-01-07,0.0072539495304226875,0.024747204035520554,0.07384046167135239,10.995844841003418
ctx,arbnet_density_skew,2022-01-10,0.006099605932831764,0.02595919370651245,0.06115194037556648,11.07752799987793
ctx,arbnet_density_skew,2022-01-11,0.0062405625358223915,0.025446759536862373,0.09712189435958862,10.260167121887207
ctx,arbnet_density_skew,2022-01-12,0.007050991989672184,0.0233553946018219,0.11368261277675629,10.393219947814941
ctx,arbnet_density_skew,2022-01-13,0.008334454149007797,0.013516610488295555,0.0002460216637700796,13.080194473266602
ctx,arbnet_density_skew,2022-01-14,0.009295187890529633,0.015524739399552345,0.0014961331617087126,11.30135440826416
ctx,arbnet_density_skew,2022-01-17,0.009838297963142395,0.02343570999801159,0.002345709828659892,9.97160816192627
ctx,arbnet_density_skew,2022-01-18,0.005997912026941776,0.01850869506597519,0.0009030146175064147,13.881942749023438
ctx,arbnet_density_skew,2022-01-19,0.004851223435252905,0.03428887575864792,0.061407141387462616,13.34658145904541
ctx,arbnet_density_skew,2022-01-20,0.0022086729295551777,0.03457801789045334,0.042872507125139236,14.451922416687012
ctx,arbnet_density_skew,2022-01-21,0.00588059239089489,0.03349384665489197,0.06443777680397034,9.569201469421387
ctx,arbnet_density_skew,2022-01-24,0.0006680645165033638,0.048477523028850555,7.174740517257305e-07,58.834327697753906
ctx,arbnet_density_skew,2022-01-25,0.00552684161812067,0.04726431146264076,0.0004460344207473099,20.104211807250977
ctx,arbnet_density_skew,2022-01-27,0.0014087490271776915,0.04911286011338234,0.0002126012259395793,19.517559051513672
ctx,arbnet_density_skew,2022-01-28,0.0017371360445395112,0.042053304612636566,0.00028918945463374257,28.19965362548828
ctx,arbnet_density_skew,2022-01-31,0.005263466853648424,0.04791123420000076,0.00035573000786826015,29.817760467529297
ctx,arbnet_density_skew,2022-02-01,0.008177220821380615,0.039127595722675323,0.03508812561631203,8.445286750793457
ctx,arbnet_density_skew,2022-02-02,0.00769184110686183,0.023675136268138885,0.06918276101350784,9.999576568603516
ctx,arbnet_density_skew,2022-02-03,0.006474566180258989,0.02459750697016716,0.05281948670744896,10.301196098327637
ctx,arbnet_density_skew,2022-02-04,0.008125477470457554,0.02139952965080738,0.01556544378399849,9.069709777832031
ctx,arbnet_density_skew,2022-02-07,0.004903231281787157,0.03287269175052643,0.04969976097345352,10.38034439086914
ctx,arbnet_density_skew,2022-02-08,0.0051873172633349895,0.030588211491703987,0.06030009686946869,10.204060554504395
ctx,arbnet_density_skew,2022-02-09,0.004949497524648905,0.022015023976564407,0.08573616296052933,10.79695987701416
ctx,arbnet_density_skew,2022-02-10,0.007087745238095522,0.019435524940490723,0.11736267060041428,10.452733993530273
ctx,arbnet_density_skew,2022-02-11,0.0058087753131985664,0.023376429453492165,0.10321217775344849,10.405261993408203
ctx,arbnet_density_skew,2022-02-14,0.002921042963862419,0.0357302688062191,0.00018138749874196947,20.214982986450195
ctx,arbnet_density_skew,2022-02-15,0.011541067622601986,0.03906351700425148,0.03906702622771263,11.405179977416992
ctx,arbnet_density_skew,2022-02-16,0.0037507356610149145,0.03667053207755089,0.06658481806516647,11.545404434204102
ctx,arbnet_density_skew,2022-02-17,0.0024744784459471703,0.030289029702544212,0.10087651014328003,18.98902702331543
ctx,arbnet_density_skew,2022-02-18,0.0031651000026613474,0.03343663737177849,0.07987579703330994,20.40936851501465
ctx,arbnet_density_skew,2022-02-21,0.0054561905562877655,0.04418634995818138,0.01743803173303604,12.315675735473633
ctx,arbnet_density_skew,2022-02-22,0.00209541292861104,0.03834361955523491,0.0006138819153420627,18.839452743530273
ctx,arbnet_density_skew,2022-02-23,0.0028966860845685005,0.04572020471096039,0.008659944869577885,16.638334274291992
ctx,arbnet_density_skew,2022-02-24,0.013320863246917725,0.04961574450135231,2.997819592565065e-07,77.3646240234375
ctx,arbnet_density_skew,2022-02-25,0.0050723860040307045,0.048632748425006866,0.024068567901849747,26.693925857543945
ctx,arbnet_density_skew,2022-02-28,0.0020488069858402014,0.05082501843571663,8.724585495656356e-05,48.082454681396484
ctx,arbnet_density_skew,2022-03-02,0.001257273368537426,0.05195695906877518,0.00010980361548718065,41.15167236328125
ctx,arbnet_density_skew,2022-03-03,0.002067435998469591,0.049757543951272964,0.001327521400526166,22.473262786865234
ctx,arbnet_density_skew,2022-03-04,0.006159130483865738,0.0547892190515995,3.6891324270982295e-05,48.791282653808594
ctx,arbnet_density_skew,2022-03-07,0.004147070925682783,0.04877321794629097,1.546544262964744e-05,62.382423400878906
ctx,arbnet_density_skew,2022-03-08,0.008490667678415775,0.052511733025312424,1.970936318684835e-05,54.79736328125
ctx,arbnet_density_skew,2022-03-09,0.003184536239132285,0.055467236787080765,0.0011782374931499362,31.876100540161133
ctx,arbnet_density_skew,2022-03-10,0.0021480077411979437,0.04816746339201927,0.022175751626491547,22.04840660095215
ctx,arbnet_density_skew,2022-03-11,0.002750740386545658,0.045548174530267715,0.02859259396791458,14.790793418884277
ctx,arbnet_density_skew,2022-03-14,0.0028617335483431816,0.049839917570352554,0.007027545012533665,17.919960021972656
ctx,arbnet_density_skew,2022-03-15,0.0014670607633888721,0.05140610411763191,0.0002034209028352052,25.994396209716797
ctx,arbnet_density_skew,2022-03-16,0.003175573656335473,0.04429387301206589,0.03493881970643997,17.616275787353516
ctx,arbnet_density_skew,2022-03-17,0.005515065975487232,0.0400327704846859,0.00045664815115742385,15.198990821838379
ctx,arbnet_density_skew,2022-03-21,0.003805417101830244,0.058016519993543625,0.0005028180312365294,38.03395462036133
ctx,arbnet_density_skew,2022-03-22,0.0026972219347953796,0.0458974651992321,0.0019568908028304577,19.080974578857422
ctx,arbnet_density_skew,2022-03-23,0.004749242682009935,0.05291741341352463,0.0036088130436837673,17.658994674682617
ctx,arbnet_density_skew,2022-03-24,0.002947509288787842,0.047498226165771484,0.030331259593367577,17.294076919555664
ctx,arbnet_density_skew,2022-03-25,0.004080882761627436,0.0467802919447422,0.035649411380290985,18.044843673706055
ctx,arbnet_density_skew,2022-03-28,0.0026696997229009867,0.04212361201643944,0.02615596167743206,19.81113624572754
ctx,arbnet_density_skew,2022-03-29,0.004222028888761997,0.035427697002887726,0.0482478067278862,16.77814483642578
ctx,arbnet_density_skew,2022-03-30,0.0024978581350296736,0.0333607979118824,0.1078876405954361,18.111129760742188
ctx,arbnet_density_skew,2022-03-31,0.004546088166534901,0.037617169320583344,0.0724654272198677,15.266080856323242
ctx,arbnet_density_skew,2022-04-01,0.008171886205673218,0.022482844069600105,0.10035742819309235,9.28027057647705
ctx,arbnet_density_skew,2022-04-04,0.006631023716181517,0.016542408615350723,0.0017944996943697333,11.013388633728027
ctx,arbnet_density_skew,2022-04-05,0.009243269450962543,0.022200796753168106,0.00333587103523314,12.224287033081055
ctx,arbnet_density_skew,2022-04-06,0.012626110576093197,0.012340509332716465,0.0008576914551667869,10.115798950195312
ctx,arbnet_density_skew,2022-04-07,0.008682782761752605,0.018372783437371254,0.0004870525735896081,13.262557029724121
ctx,arbnet_density_skew,2022-04-08,0.005448239389806986,0.030837109312415123,0.08681362122297287,18.545358657836914
ctx,arbnet_density_skew,2022-04-11,0.007309193257242441,0.0167117640376091,0.0005820635706186295,12.300694465637207
ctx,arbnet_density_skew,2022-04-12,0.008007927797734737,0.015626957640051842,0.13322654366493225,11.950967788696289
ctx,arbnet_density_skew,2022-04-13,0.004661535378545523,0.01566736400127411,0.16656790673732758,12.101539611816406
ctx,arbnet_density_skew,2022-04-18,0.006358716171234846,0.023664729669690132,0.0009265805711038411,12.593266487121582
ctx,arbnet_density_skew,2022-04-19,0.00429873401299119,0.02850951813161373,0.09147797524929047,19.063045501708984
ctx,arbnet_density_skew,2022-04-20,0.008387671783566475,0.016566872596740723,0.0008824735414236784,13.162715911865234
ctx,arbnet_density_skew,2022-04-21,0.005091555416584015,0.022888852283358574,0.17101767659187317,11.392560958862305
ctx,arbnet_density_skew,2022-04-22,0.010222310200333595,0.021060680970549583,0.005976624321192503,8.950822830200195
ctx,arbnet_density_skew,2022-04-25,0.008105171844363213,0.03928584232926369,0.03637591004371643,9.398076057434082
ctx,arbnet_density_skew,2022-04-26,0.006654553115367889,0.01934852823615074,0.0018994561396539211,12.592918395996094
ctx,arbnet_density_skew,2022-04-27,0.012169880792498589,0.03396276384592056,0.09017843008041382,13.010964393615723
ctx,arbnet_density_skew,2022-04-28,0.007754908408969641,0.01961713284254074,0.1383693367242813,11.62097454071045
ctx,arbnet_density_skew,2022-04-29,0.005028719548135996,0.029132867231965065,0.01209274958819151,11.498320579528809
ctx,arbnet_density_skew,2022-05-02,0.005907164886593819,0.034780584275722504,0.0011320303892716765,9.871073722839355
ctx,arbnet_density_skew,2022-05-04,0.0036962120793759823,0.02812321111559868,0.0008252012776210904,19.21661376953125
ctx,arbnet_density_skew,2022-05-05,0.010194935835897923,0.012334457598626614,0.0006848170305602252,11.22546672821045
ctx,arbnet_density_skew,2022-05-06,0.017329929396510124,0.035953592509031296,5.825717744301073e-05,10.162229537963867
ctx,arbnet_density_skew,2022-05-09,0.004874246194958687,0.040453918278217316,0.044499967247247696,12.138772964477539
ctx,arbnet_density_skew,2022-05-10,0.006263736169785261,0.039170149713754654,0.00010674485383788124,11.369217872619629
ctx,arbnet_density_skew,2022-05-11,0.00507825892418623,0.03630707412958145,2.2487120077130385e-05,15.133193969726562
ctx,arbnet_density_skew,2022-05-12,0.004069333430379629,0.043519262224435806,0.03547977656126022,16.925804138183594
ctx,arbnet_density_skew,2022-05-13,0.0033335071057081223,0.03887392207980156,0.06531617790460587,18.270233154296875
ctx,arbnet_density_skew,2022-05-16,0.004663038998842239,0.024994395673274994,0.0003743779379874468,16.064517974853516
ctx,arbnet_density_skew,2022-05-17,0.005440049339085817,0.03360532596707344,0.09157508611679077,12.227404594421387
ctx,arbnet_density_skew,2022-05-18,0.005011617671698332,0.02015562914311886,0.0006673978641629219,15.378921508789062
ctx,arbnet_density_skew,2022-05-19,0.005511825904250145,0.0364670567214489,0.08084843307733536,13.43182373046875
ctx,arbnet_density_skew,2022-05-20,0.005630237050354481,0.032067034393548965,0.0016622416442260146,10.593114852905273
ctx,arbnet_density_skew,2022-05-23,0.004089773166924715,0.03970111533999443,0.0001946182019310072,10.246739387512207
ctx,arbnet_density_skew,2022-05-24,0.0024294997565448284,0.04260014370083809,0.003703178372234106,11.369006156921387
ctx,arbnet_density_skew,2022-05-25,0.003158457111567259,0.04265890643000603,0.0009514225530438125,12.587594985961914
ctx,arbnet_density_skew,2022-05-26,0.009999409317970276,0.03393156826496124,0.09934172034263611,13.069883346557617
ctx,arbnet_density_skew,2022-05-27,0.01316954754292965,0.02931085228919983,0.0073633030988276005,7.157920837402344
ctx,arbnet_density_skew,2022-05-30,0.01907537877559662,0.02918916381895542,0.08344724774360657,7.708324432373047
ctx,arbnet_density_skew,2022-05-31,0.006548818666487932,0.02443799562752247,0.10354212671518326,11.725512504577637
ctx,arbnet_density_skew,2022-06-01,0.01153302751481533,0.02905370108783245,0.08666780591011047,8.510491371154785
ctx,arbnet_density_skew,2022-06-02,0.006505425553768873,0.021224234253168106,0.11838356405496597,11.692145347595215
ctx,arbnet_density_skew,2022-06-03,0.00447809649631381,0.02224479615688324,0.13248766958713531,10.164875030517578
ctx,arbnet_density_skew,2022-06-06,0.006159937474876642,0.0325799435377121,0.08633404225111008,11.723352432250977
ctx,arbnet_density_skew,2022-06-07,0.005963183473795652,0.030824122950434685,0.000191855535376817,9.472701072692871
ctx,arbnet_density_skew,2022-06-08,0.008279586210846901,0.01533607766032219,0.00045626430073753,12.80565357208252
ctx,arbnet_density_skew,2022-06-09,0.0035619328264147043,0.021152330562472343,0.16080111265182495,9.545928001403809
ctx,arbnet_density_skew,2022-06-10,0.010847119614481926,0.029362618923187256,0.11160299181938171,12.632111549377441
ctx,arbnet_density_skew,2022-06-13,0.006184134632349014,0.042422372847795486,3.114246646873653e-05,12.775668144226074
ctx,arbnet_density_skew,2022-06-14,0.008614752441644669,0.039322949945926666,3.309585736133158e-05,12.690032005310059
ctx,arbnet_density_skew,2022-06-15,0.01014755666255951,0.043813131749629974,0.04629094898700714,13.839638710021973
ctx,arbnet_density_skew,2022-06-16,0.003368114586919546,0.03837963566184044,8.010725287022069e-05,15.667814254760742
ctx,arbnet_density_skew,2022-06-17,0.007136757951229811,0.04184943065047264,0.0731484517455101,30.649131774902344
ctx,arbnet_density_skew,2022-06-20,0.004804762080311775,0.037010639905929565,0.0748581513762474,13.596388816833496
ctx,arbnet_density_skew,2022-06-21,0.01333005353808403,0.03721010684967041,0.012219210155308247,5.484076499938965
ctx,arbnet_density_skew,2022-06-22,0.00840378925204277,0.029520895332098007,0.13977186381816864,14.468180656433105
ctx,arbnet_density_skew,2022-06-23,0.0033650645054876804,0.037096600979566574,0.10530330240726471,11.94361400604248
ctx,arbnet_density_skew,2022-06-24,0.004858560860157013,0.032970815896987915,0.08948394656181335,10.997785568237305
ctx,arbnet_density_skew,2022-06-27,0.00543228117749095,0.027396660298109055,0.12630055844783783,13.111930847167969
ctx,arbnet_density_skew,2022-06-28,0.006573130376636982,0.028749175369739532,0.13256217539310455,11.467646598815918
ctx,arbnet_density_skew,2022-06-29,0.005343668628484011,0.03487784042954445,0.08725225180387497,11.64119815826416
ctx,arbnet_density_skew,2022-06-30,0.008352905511856079,0.02518322505056858,0.1567387580871582,10.711377143859863
ctx,arbnet_density_skew,2022-07-01,0.006512518506497145,0.0399540513753891,0.013392889872193336,12.381099700927734
ctx,arbnet_density_skew,2022-07-04,0.005118784960359335,0.03555050119757652,0.065605029463768,9.732856750488281
ctx,arbnet_density_skew,2022-07-05,0.009359657764434814,0.02995024435222149,0.07443074136972427,8.683266639709473
ctx,arbnet_density_skew,2022-07-06,0.005721549037843943,0.03125650808215141,0.07070241123437881,10.997064590454102
ctx,arbnet_density_skew,2022-07-07,0.00839361734688282,0.01925831288099289,0.0002487108577042818,12.93651008605957
ctx,arbnet_density_skew,2022-07-08,0.011555522680282593,0.02124066837131977,0.12691470980644226,8.977449417114258
ctx,arbnet_density_skew,2022-07-11,0.005463664419949055,0.023333411663770676,0.10821671038866043,11.51242446899414
ctx,arbnet_density_skew,2022-07-12,0.005999858491122723,0.018866775557398796,0.14195530116558075,9.093631744384766
ctx,arbnet_density_skew,2022-07-13,0.00554167153313756,0.02880418859422207,9.07875582925044e-05,11.003162384033203
ctx,arbnet_density_skew,2022-07-14,0.008439496159553528,0.021376950666308403,0.14033345878124237,10.467745780944824
ctx,arbnet_density_skew,2022-07-15,0.009165327996015549,0.03149870038032532,0.00038080394733697176,8.725482940673828
ctx,arbnet_density_skew,2022-07-18,0.01662936806678772,0.03175778314471245,0.00036058336263522506,8.059724807739258
ctx,arbnet_density_skew,2022-07-19,0.017310407012701035,0.022323988378047943,0.11414407193660736,10.208271980285645
ctx,arbnet_density_skew,2022-07-20,0.01317699532955885,0.014706536196172237,0.19344966113567352,10.447487831115723
ctx,arbnet_density_skew,2022-07-21,0.0076329088769853115,0.01297804992645979,0.16829632222652435,11.288824081420898
ctx,arbnet_density_skew,2022-07-22,0.004108969587832689,0.01651240885257721,0.18955035507678986,11.422355651855469
ctx,arbnet_density_skew,2022-07-25,0.005563014652580023,0.023515600711107254,0.11026232689619064,11.08209228515625
ctx,arbnet_density_skew,2022-07-26,0.010669803246855736,0.03514648973941803,0.0008409195579588413,9.637333869934082
ctx,arbnet_density_skew,2022-07-27,0.004456223454326391,0.023915134370326996,0.1614992916584015,13.674800872802734
ctx,arbnet_density_skew,2022-07-28,0.009216263890266418,0.02848108671605587,0.01639220118522644,8.166829109191895
ctx,arbnet_density_skew,2022-07-29,0.008578626438975334,0.025163820013403893,0.08627983927726746,8.62936019897461
ctx,arbnet_density_skew,2022-08-01,0.005140376277267933,0.022171014919877052,0.11018703132867813,9.1902494430542
ctx,arbnet_density_skew,2022-08-02,0.0060925595462322235,0.028077665716409683,0.0779746025800705,9.349564552307129
ctx,arbnet_density_skew,2022-08-03,0.00720903230831027,0.013665965758264065,0.0002995666582137346,13.33585262298584
ctx,arbnet_density_skew,2022-08-04,0.01211687084287405,0.014911757782101631,0.00046372177894227207,13.793204307556152
ctx,arbnet_density_skew,2022-08-05,0.010037126950919628,0.015000643208622932,0.005957006011158228,8.485686302185059
ctx,arbnet_density_skew,2022-08-08,0.009030084125697613,0.030362766236066818,0.07156170159578323,10.970184326171875
ctx,arbnet_density_skew,2022-08-10,0.009014412760734558,0.028471287339925766,0.08440688997507095,9.786864280700684
ctx,arbnet_density_skew,2022-08-11,0.0093014445155859,0.016252150759100914,0.12792754173278809,11.21214485168457
ctx,arbnet_density_skew,2022-08-12,0.010853934101760387,0.019172189757227898,0.0013552220771089196,9.017773628234863
ctx,arbnet_density_skew,2022-08-16,0.019618038088083267,0.015744687989354134,0.17794717848300934,11.486581802368164
ctx,arbnet_density_skew,2022-08-17,0.00831280555576086,0.024140510708093643,0.00042845698771998286,10.5610990524292
ctx,arbnet_density_skew,2022-08-18,0.008783743716776371,0.019441697746515274,0.1466834843158722,10.939436912536621
ctx,arbnet_density_skew,2022-08-19,0.014631352387368679,0.019260531291365623,0.1470038741827011,12.49472713470459
ctx,arbnet_density_skew,2022-08-22,0.006036968436092138,0.032314855605363846,0.006598401814699173,9.307427406311035
ctx,arbnet_density_skew,2022-08-23,0.01056811586022377,0.034143947064876556,0.005955218803137541,8.110960006713867
ctx,arbnet_density_skew,2022-08-24,0.012691096402704716,0.03314800560474396,0.022413048893213272,8.4634428024292
ctx,arbnet_density_skew,2022-08-25,0.0062530324794352055,0.02626950293779373,0.01146073266863823,10.604763984680176
ctx,arbnet_density_skew,2022-08-26,0.014316314831376076,0.02512872964143753,0.04603031277656555,8.730405807495117
ctx,arbnet_density_skew,2022-08-29,0.007303928956389427,0.03108159825205803,0.057717643678188324,10.527070045471191
ctx,arbnet_density_skew,2022-08-30,0.02258635312318802,0.028787460178136826,0.016073744744062424,6.1548051834106445
ctx,arbnet_density_skew,2022-09-01,0.008092676289379597,0.03430187702178955,0.010656805709004402,8.221809387207031
ctx,arbnet_density_skew,2022-09-02,0.01106432918459177,0.02228565514087677,0.11464928090572357,9.707013130187988
ctx,arbnet_density_skew,2022-09-05,0.009718759916722775,0.029513822868466377,0.05593306943774223,8.652853012084961
ctx,arbnet_density_skew,2022-09-06,0.012468411587178707,0.02796192653477192,0.023619474843144417,8.118403434753418
ctx,arbnet_density_skew,2022-09-07,0.010275200009346008,0.0325455404818058,0.07049382477998734,11.466373443603516
ctx,arbnet_density_skew,2022-09-08,0.008648346178233624,0.025366319343447685,0.0011546253226697445,9.510128021240234
ctx,arbnet_density_skew,2022-09-09,0.009533321484923363,0.022769929841160774,0.012069296091794968,10.065876007080078
ctx,arbnet_density_skew,2022-09-12,0.006130327936261892,0.02349492534995079,0.10155174881219864,11.914631843566895
ctx,arbnet_density_skew,2022-09-13,0.010847672820091248,0.019621625542640686,0.14203208684921265,10.627942085266113
ctx,arbnet_density_skew,2022-09-14,0.008387720212340355,0.03298456221818924,0.06907456368207932,10.44054889678955
ctx,arbnet_density_skew,2022-09-15,0.007807538378983736,0.02290690504014492,0.012681095860898495,9.773723602294922
ctx,arbnet_density_skew,2022-09-16,0.005006382707506418,0.03536970913410187,0.06268393993377686,11.769887924194336
ctx,arbnet_density_skew,2022-09-19,0.0079043572768569,0.034857481718063354,0.011543615721166134,9.061052322387695
ctx,arbnet_density_skew,2022-09-20,0.006218262482434511,0.025853993371129036,0.022542860358953476,11.159015655517578
ctx,arbnet_density_skew,2022-09-21,0.008890029974281788,0.0328461192548275,0.01946375146508217,7.470269680023193
ctx,arbnet_density_skew,2022-09-22,0.006997460033744574,0.022639069706201553,0.014578945003449917,10.749798774719238
ctx,arbnet_density_skew,2022-09-23,0.004882408306002617,0.03902041167020798,0.016784291714429855,11.006558418273926
ctx,arbnet_density_skew,2022-09-26,0.008437827229499817,0.04380194842815399,0.0169067420065403,8.559682846069336
ctx,arbnet_density_skew,2022-09-27,0.008035652339458466,0.04435696825385094,0.0015466478653252125,8.280438423156738
ctx,arbnet_density_skew,2022-09-28,0.011275580152869225,0.03765763342380524,0.0634826123714447,8.835392951965332
ctx,arbnet_density_skew,2022-09-29,0.004546924959868193,0.03263711556792259,0.07627442479133606,11.87041187286377
ctx,arbnet_density_skew,2022-09-30,0.01617291197180748,0.03505620360374451,0.06733167171478271,8.070883750915527
ctx,arbnet_density_skew,2022-10-03,0.00843014381825924,0.035368144512176514,0.002722757402807474,8.770867347717285
ctx,arbnet_density_skew,2022-10-04,0.01020866259932518,0.02690867893397808,0.050742920488119125,8.712701797485352
ctx,arbnet_density_skew,2022-10-06,0.006124190054833889,0.024860689416527748,0.02795444428920746,8.182548522949219
ctx,arbnet_density_skew,2022-10-07,0.015459828078746796,0.031003359705209732,0.0016933116130530834,7.675217628479004
ctx,arbnet_density_skew,2022-10-10,0.013896613381803036,0.036717332899570465,0.0013430089456960559,7.674869537353516
ctx,arbnet_density_skew,2022-10-11,0.006188049912452698,0.0379914864897728,0.03324763849377632,10.436554908752441
ctx,arbnet_density_skew,2022-10-12,0.007868518121540546,0.026269059628248215,0.0005338729824870825,9.717324256896973
ctx,arbnet_density_skew,2022-10-13,0.008053846657276154,0.016047002747654915,0.0003417501284275204,11.758907318115234
ctx,arbnet_density_skew,2022-10-14,0.011075574904680252,0.02042052336037159,0.1456354707479477,9.096399307250977
ctx,arbnet_density_skew,2022-10-17,0.007462275680154562,0.015410429798066616,0.00021541226305998862,13.213430404663086
ctx,arbnet_density_skew,2022-10-18,0.010152177885174751,0.014891289174556732,0.0029181241989135742,9.090201377868652
ctx,arbnet_density_skew,2022-10-19,0.008118564262986183,0.013863436877727509,0.0004361960163805634,12.442831993103027
ctx,arbnet_density_skew,2022-10-20,0.010397788137197495,0.00856963824480772,0.18443946540355682,9.854533195495605
ctx,arbnet_density_skew,2022-10-21,0.017013119533658028,0.021747330203652382,0.03278680890798569,5.29414176940918
ctx,arbnet_density_skew,2022-10-24,0.010425638407468796,0.020571036264300346,0.0011853715404868126,10.951835632324219
ctx,arbnet_density_skew,2022-10-25,0.005621019750833511,0.02467234805226326,0.12056664377450943,12.03243350982666
ctx,arbnet_density_skew,2022-10-27,0.009899942204356194,0.027240458875894547,0.011173388920724392,7.39687442779541
ctx,arbnet_density_skew,2022-10-28,0.015666112303733826,0.023860469460487366,0.032104067504405975,7.183820724487305
ctx,arbnet_density_skew,2022-10-31,0.012325568124651909,0.027524931356310844,0.08071654289960861,7.541202068328857
ctx,arbnet_density_skew,2022-11-01,0.013770466670393944,0.022146718576550484,0.014078210107982159,8.881986618041992
ctx,arbnet_density_skew,2022-11-02,0.0073225065134465694,0.024410445243120193,0.07816694676876068,9.387496948242188
ctx,arbnet_density_skew,2022-11-03,0.01382787898182869,0.025302650406956673,0.009956828318536282,7.846952438354492
ctx,arbnet_density_skew,2022-11-04,0.008306571282446384,0.022526545450091362,0.09481245279312134,10.931572914123535
ctx,arbnet_density_skew,2022-11-07,0.013544147834181786,0.02396765537559986,0.07436790317296982,10.110554695129395
ctx,arbnet_density_skew,2022-11-09,0.0073116254061460495,0.026499290019273758,0.06058766320347786,10.974414825439453
ctx,arbnet_density_skew,2022-11-10,0.008096771314740181,0.016215302050113678,0.003127515781670809,10.81788158416748
ctx,arbnet_density_skew,2022-11-11,0.0063084266148507595,0.019630132243037224,0.10031122714281082,11.822641372680664
ctx,arbnet_density_skew,2022-11-14,0.004635473247617483,0.01717791147530079,0.12239803373813629,12.225024223327637
ctx,arbnet_density_skew,2022-11-15,0.009348414838314056,0.02348400093615055,0.02187289670109749,9.625029563903809
ctx,arbnet_density_skew,2022-11-16,0.006327520124614239,0.016946125775575638,0.13665953278541565,13.28645133972168
ctx,arbnet_density_skew,2022-11-17,0.009682739153504372,0.01617206446826458,0.033884964883327484,9.909103393554688
ctx,arbnet_density_skew,2022-11-18,0.007855457253754139,0.0152024757117033,0.16305525600910187,14.385462760925293
ctx,arbnet_density_skew,2022-11-21,0.007839357480406761,0.015401579439640045,0.16061143577098846,15.130974769592285
ctx,arbnet_density_skew,2022-11-22,0.008528373204171658,0.010300063528120518,0.17363843321800232,12.523979187011719
ctx,arbnet_density_skew,2022-11-23,0.008352627977728844,0.011308971792459488,0.1757287085056305,11.12795639038086
ctx,arbnet_density_skew,2022-11-24,0.016675125807523727,0.008979467675089836,0.10080158710479736,9.722570419311523
ctx,arbnet_density_skew,2022-11-25,0.011874672025442123,0.014042817987501621,0.12010351568460464,8.685457229614258
ctx,arbnet_density_skew,2022-11-28,0.042063627392053604,0.01992557756602764,0.09759984910488129,10.357218742370605
ctx,arbnet_density_skew,2022-11-29,0.0123051218688488,0.015406777150928974,0.027714811265468597,7.062521457672119
ctx,arbnet_density_skew,2022-11-30,0.024935543537139893,0.014362765476107597,0.12716977298259735,9.991641998291016
ctx,arbnet_density_skew,2022-12-01,0.008697738870978355,0.012955485843122005,0.09916789829730988,10.731205940246582
ctx,arbnet_density_skew,2022-12-02,0.008530709892511368,0.014318912290036678,0.04176425561308861,8.516977310180664
ctx,arbnet_density_skew,2022-12-05,0.0066024186089634895,0.014806411229074001,0.09548595547676086,11.01520824432373
ctx,arbnet_density_skew,2022-12-06,0.007971535436809063,0.018522556871175766,0.09343809634447098,11.964522361755371
ctx,arbnet_density_skew,2022-12-07,0.009171298705041409,0.01450476422905922,0.10814400017261505,11.080766677856445
ctx,arbnet_density_skew,2022-12-08,0.013047789223492146,0.012079826556146145,0.024836447089910507,9.310805320739746
ctx,arbnet_density_skew,2022-12-09,0.012801842764019966,0.006677747704088688,0.0346987284719944,8.904460906982422
ctx,arbnet_density_skew,2022-12-12,0.03502393886446953,0.025449737906455994,0.014565686695277691,6.132564544677734
ctx,arbnet_density_skew,2022-12-13,0.014941930770874023,0.022431090474128723,0.011639763601124287,7.40431547164917
ctx,arbnet_density_skew,2022-12-14,0.013144955039024353,0.014451864175498486,0.11944253742694855,14.089327812194824
ctx,arbnet_density_skew,2022-12-15,0.007504470646381378,0.013345453888177872,0.1369818150997162,10.487662315368652
ctx,arbnet_density_skew,2022-12-16,0.008057813160121441,0.012284550815820694,0.15885037183761597,13.464595794677734
ctx,arbnet_density_skew,2022-12-19,0.02090221270918846,0.021173520013689995,0.023140914738178253,6.578741073608398
ctx,arbnet_density_skew,2022-12-20,0.012729373760521412,0.011963387951254845,0.030551690608263016,9.042767524719238
ctx,arbnet_density_skew,2022-12-21,0.020475123077630997,0.026121029630303383,0.0022300328128039837,7.471675872802734
ctx,arbnet_density_skew,2022-12-22,0.010497222654521465,0.023196933791041374,0.00340587948448956,8.259588241577148
ctx,arbnet_density_skew,2022-12-23,0.005768163595348597,0.01458102185279131,0.15645505487918854,24.199417114257812
ctx,arbnet_density_skew,2022-12-26,0.003965425305068493,0.013068602420389652,0.1621028631925583,16.80526351928711
ctx,arbnet_density_skew,2022-12-27,0.005806603468954563,0.02197170816361904,0.0017308513633906841,12.065372467041016
ctx,arbnet_density_skew,2022-12-28,0.004898271057754755,0.013642615638673306,0.009488129056990147,12.542927742004395
ctx,arbnet_density_skew,2022-12-29,0.007041409146040678,0.009515351615846157,0.007456224411725998,12.143196105957031
ctx,arbnet_density_skew,2022-12-30,0.012070165947079659,0.014965081587433815,0.08107650279998779,9.339678764343262
ctx,arbnet_density_skew,2023-01-02,0.011519934050738811,0.020346181467175484,0.021729417145252228,7.304779052734375
ctx,arbnet_density_skew,2023-01-03,0.008684618398547173,0.011708516627550125,0.08700783550739288,10.172636985778809
ctx,arbnet_density_skew,2023-01-04,0.008614926598966122,0.021548978984355927,0.010495945811271667,9.631318092346191
ctx,arbnet_density_skew,2023-01-05,0.008801735006272793,0.02048877626657486,0.010341915301978588,10.509330749511719
ctx,arbnet_density_skew,2023-01-06,0.02273382619023323,0.016722261905670166,0.000448764069005847,7.348762512207031
ctx,arbnet_density_skew,2023-01-09,0.010544567368924618,0.013800058513879776,0.08724436908960342,11.861218452453613
ctx,arbnet_density_skew,2023-01-10,0.006360580679029226,0.015625927597284317,0.001462204847484827,13.511013984680176
ctx,arbnet_density_skew,2023-01-11,0.004632143769413233,0.017525775358080864,0.0014854151522740722,12.963676452636719
ctx,arbnet_density_skew,2023-01-12,0.009662648662924767,0.013060321100056171,0.0005305574741214514,11.072200775146484
ctx,arbnet_density_skew,2023-01-13,0.006787984631955624,0.0025093003641813993,0.00021314482728485018,14.369067192077637
ctx,arbnet_density_skew,2023-01-16,0.006051922217011452,0.02075875923037529,0.08712416887283325,19.555545806884766
ctx,arbnet_density_skew,2023-01-17,0.003980905748903751,0.011558023281395435,6.0112761275377125e-05,17.14407730102539
ctx,arbnet_density_skew,2023-01-18,0.006106913089752197,0.004299294203519821,0.0001563552359584719,15.373939514160156
ctx,arbnet_density_skew,2023-01-19,0.006472378969192505,0.007051046006381512,0.13919928669929504,13.673983573913574
ctx,arbnet_density_skew,2023-01-20,0.0063507468439638615,0.015761880204081535,0.0001253643713425845,11.778902053833008
ctx,arbnet_density_skew,2023-01-23,0.00784109067171812,0.01633349433541298,0.10447414219379425,12.95007038116455
ctx,arbnet_density_skew,2023-01-24,0.008620920591056347,0.011143901385366917,6.934811972314492e-05,13.160823822021484
ctx,arbnet_density_skew,2023-01-25,0.006261443719267845,0.006492860149592161,0.00016668351599946618,16.04737091064453
ctx,arbnet_density_skew,2023-01-27,0.014453956857323647,0.021381188184022903,0.05215359851717949,32.271732330322266
ctx,arbnet_density_skew,2023-01-30,0.013811022974550724,0.025100842118263245,0.00015229402924887836,9.892341613769531
ctx,arbnet_density_skew,2023-01-31,0.010181144811213017,0.02545599266886711,0.03603636845946312,38.55461120605469
ctx,arbnet_density_skew,2023-02-01,0.01299954392015934,0.017436303198337555,0.00022651595645584166,8.98937702178955
ctx,arbnet_density_skew,2023-02-02,0.010940481908619404,0.01673191972076893,0.059575293213129044,10.463274002075195
ctx,arbnet_density_skew,2023-02-03,0.010839680209755898,0.002710206201300025,0.0004914115415886045,9.448881149291992
ctx,arbnet_density_skew,2023-02-06,0.007821113802492619,0.006432348396629095,0.0037563780788332224,9.193314552307129
ctx,arbnet_density_skew,2023-02-07,0.0121689448133111,0.013334465213119984,0.000338782265316695,7.742164134979248
ctx,arbnet_density_skew,2023-02-08,0.011894197203218937,0.010654031299054623,0.10339998453855515,9.95398235321045
ctx,arbnet_density_skew,2023-02-09,0.013624557293951511,0.005237577948719263,0.11999620497226715,10.597152709960938
ctx,arbnet_density_skew,2023-02-10,0.009207579307258129,0.009213986806571484,0.10639511793851852,10.460441589355469
ctx,arbnet_density_skew,2023-02-13,0.007946436293423176,0.005316864233464003,0.00010955771722365171,12.519838333129883
ctx,arbnet_density_skew,2023-02-14,0.007063290104269981,0.011688212864100933,0.0002112375950673595,12.043557167053223
ctx,arbnet_density_skew,2023-02-15,0.055543411523103714,0.017260398715734482,0.003071496495977044,5.823915481567383
ctx,arbnet_density_skew,2023-02-16,0.007997637614607811,0.010400974191725254,0.00011463741975603625,11.8820161819458
ctx,arbnet_density_skew,2023-02-17,0.006920986343175173,0.010937501676380634,0.0003275923663750291,9.916090965270996
ctx,arbnet_density_skew,2023-02-20,0.010058832354843616,0.007033501751720905,0.05849754810333252,10.757940292358398
ctx,arbnet_density_skew,2023-02-21,0.0043977489694952965,0.00437177112326026,0.0002453759661875665,15.276945114135742
ctx,arbnet_density_skew,2023-02-22,0.004862288944423199,0.013056467287242413,9.637291077524424e-05,13.477283477783203
ctx,arbnet_density_skew,2023-02-23,0.015625933185219765,0.01029211189597845,0.05237819626927376,9.821465492248535
ctx,arbnet_density_skew,2023-02-24,0.02307382971048355,0.006860783323645592,0.07899928092956543,9.913323402404785
ctx,arbnet_density_skew,2023-02-27,0.04878835007548332,0.009858030825853348,0.03715386241674423,6.623164653778076
ctx,arbnet_density_skew,2023-02-28,0.03149329125881195,0.005671537481248379,0.10959712415933609,12.135848999023438
ctx,arbnet_density_skew,2023-03-01,0.035387299954891205,0.0013115453766658902,0.16495370864868164,4.423017501831055
ctx,arbnet_density_skew,2023-03-02,0.04939686506986618,0.005187010392546654,0.07269681990146637,6.2439446449279785
ctx,arbnet_density_skew,2023-03-03,0.03852852061390877,0.0034968149848282337,0.14517754316329956,7.296294212341309
ctx,arbnet_density_skew,2023-03-06,0.038723424077034,0.0056601231917738914,0.03236479312181473,3.8548312187194824
ctx,arbnet_density_skew,2023-03-08,0.017584655433893204,0.003156971652060747,0.046437837183475494,7.421506404876709
ctx,arbnet_density_skew,2023-03-09,0.012195492163300514,0.005115951411426067,0.10681214928627014,8.49560260772705
ctx,arbnet_density_skew,2023-03-10,0.025375522673130035,0.006403147242963314,0.12557506561279297,7.858852386474609
ctx,arbnet_density_skew,2023-03-13,0.00735892727971077,0.01824270188808441,0.0002785095712170005,13.962977409362793
ctx,arbnet_density_skew,2023-03-14,0.011184989474713802,0.018848421052098274,3.614420347730629e-05,14.428781509399414
ctx,arbnet_density_skew,2023-03-15,0.008944092318415642,0.020417651161551476,0.01622535102069378,9.473469734191895
ctx,arbnet_density_skew,2023-03-16,0.004013415426015854,0.017845971509814262,5.960193448117934e-05,14.803693771362305
ctx,arbnet_density_skew,2023-03-17,0.01847454532980919,0.01891920529305935,0.02076299674808979,10.188182830810547
ctx,arbnet_density_skew,2023-03-20,0.0038079824298620224,0.013647165149450302,0.00017587971524335444,16.047321319580078
ctx,arbnet_density_skew,2023-03-21,0.014039154164493084,0.017634613439440727,2.35569168580696e-05,15.21960735321045
ctx,arbnet_density_skew,2023-03-22,0.004075365606695414,0.01831943728029728,0.06820574402809143,13.067079544067383
ctx,arbnet_density_skew,2023-03-23,0.005193408112972975,0.010052567347884178,8.948465256253257e-05,10.813203811645508
ctx,arbnet_density_skew,2023-03-24,0.004066969268023968,0.018142186105251312,5.3213530918583274e-05,10.934691429138184
ctx,arbnet_density_skew,2023-03-27,0.004425758961588144,0.017594458535313606,0.00019147373677697033,13.983853340148926
ctx,arbnet_density_skew,2023-03-28,0.0042527480982244015,0.012318626046180725,0.000338195008225739,15.151412010192871
ctx,arbnet_density_skew,2023-03-29,0.006803826428949833,0.011606569401919842,0.0002291839919053018,12.024349212646484
ctx,arbnet_density_skew,2023-03-31,0.023229261860251427,0.00657024746760726,0.043917469680309296,7.560792922973633
ctx,arbnet_density_skew,2023-04-03,0.016492659226059914,0.009526114910840988,0.04472341388463974,6.001715660095215
ctx,arbnet_density_skew,2023-04-05,0.020329708233475685,0.0013520369539037347,0.12774676084518433,6.833540916442871
ctx,arbnet_density_skew,2023-04-06,0.04741043597459793,0.0004838501045014709,0.13193394243717194,5.0801262855529785
ctx,arbnet_density_skew,2023-04-10,0.015583653934299946,0.013963277451694012,0.003859547432512045,7.287921905517578
ctx,arbnet_density_skew,2023-04-11,0.012756158597767353,0.012786172330379486,0.09595325589179993,8.738903045654297
ctx,arbnet_density_skew,2023-04-12,0.03580784425139427,0.006145828403532505,0.09942461550235748,6.467549800872803
ctx,arbnet_density_skew,2023-04-13,0.031591564416885376,0.002841974375769496,0.11971206963062286,8.973270416259766
ctx,arbnet_density_skew,2023-04-17,0.0067671206779778,0.012974195182323456,0.00015147238445933908,12.341795921325684
ctx,arbnet_density_skew,2023-04-18,0.005717885680496693,0.005845243111252785,0.004132904578000307,11.046128273010254
ctx,arbnet_density_skew,2023-04-19,0.01302825566381216,0.008403962478041649,0.08701484650373459,9.731645584106445
ctx,arbnet_density_skew,2023-04-20,0.008463891223073006,0.004108251538127661,0.00017503979324828833,9.835702896118164
ctx,arbnet_density_skew,2023-04-21,0.010461006313562393,0.009870185516774654,0.09456997364759445,11.356111526489258
ctx,arbnet_density_skew,2023-04-24,0.014738375321030617,0.01855827122926712,5.331235570338322e-06,14.049957275390625
ctx,arbnet_density_skew,2023-04-25,0.02667740359902382,0.003751829033717513,0.15162910521030426,7.8577961921691895
ctx,arbnet_density_skew,2023-04-26,0.02982533536851406,0.003932469058781862,0.0025969475973397493,3.818246841430664
ctx,arbnet_density_skew,2023-04-27,0.017283422872424126,0.00492688175290823,0.1307552605867386,11.383893966674805
ctx,arbnet_density_skew,2023-04-28,0.10253410041332245,0.00012869620695710182,0.08599016815423965,3.9095516204833984
ctx,arbnet_density_skew,2023-05-02,0.010269392281770706,0.007256512530148029,0.09091860800981522,10.897481918334961
ctx,arbnet_density_skew,2023-05-03,0.025364074856042862,0.0023507201112806797,0.12777283787727356,6.625995635986328
ctx,arbnet_density_skew,2023-05-04,0.04200242832303047,0.003121341113001108,0.07382599264383316,7.0251665115356445
ctx,arbnet_density_skew,2023-05-05,0.010864591225981712,0.011468402110040188,0.0873103067278862,10.865479469299316
ctx,arbnet_density_skew,2023-05-08,0.01064110267907381,0.009863621555268764,0.046469222754240036,7.837143898010254
ctx,arbnet_density_skew,2023-05-09,0.0480496846139431,0.009201866574585438,0.01732628419995308,3.424973726272583
ctx,arbnet_density_skew,2023-05-10,0.019011905416846275,0.006081274710595608,0.017643868923187256,6.172481060028076
ctx,arbnet_density_skew,2023-05-11,0.026310350745916367,0.013923325575888157,0.0010374423582106829,6.804936408996582
ctx,arbnet_density_skew,2023-05-12,0.006336117163300514,0.005270416382700205,0.0941929742693901,12.405576705932617
ctx,arbnet_density_skew,2023-05-15,0.025430092588067055,0.00795696023851633,0.01664738543331623,4.605167865753174
ctx,arbnet_density_skew,2023-05-16,0.009198874235153198,0.004412493668496609,0.11588949710130692,21.425189971923828
ctx,arbnet_density_skew,2023-05-17,0.012643269263207912,0.0027181264013051987,0.0014184019528329372,8.882608413696289
ctx,arbnet_density_skew,2023-05-18,0.00859152153134346,0.0051282295025885105,0.11529072374105453,23.88764190673828
ctx,arbnet_density_skew,2023-05-19,0.00893182959407568,0.006979653611779213,0.00019569738651625812,10.0020112991333
ctx,arbnet_density_skew,2023-05-22,0.019208015874028206,0.009694763459265232,0.0009821299463510513,8.583672523498535
ctx,arbnet_density_skew,2023-05-23,0.014498867094516754,0.004753118846565485,0.1319163590669632,15.070817947387695
ctx,arbnet_density_skew,2023-05-24,0.0049498360604047775,0.008775359019637108,5.56747691007331e-05,11.99089527130127
ctx,arbnet_density_skew,2023-05-25,0.007281048689037561,0.009978068061172962,2.9315686333575286e-05,11.935378074645996
ctx,arbnet_density_skew,2023-05-26,0.03069079853594303,0.0034891001414507627,0.0042603639885783195,4.533500671386719
ctx,arbnet_density_skew,2023-05-29,0.013233233243227005,0.008549816906452179,0.03032069094479084,10.769254684448242
ctx,arbnet_density_skew,2023-05-30,0.03617991507053375,0.0015331008471548557,0.12871165573596954,7.671463489532471
ctx,arbnet_density_skew,2023-05-31,0.010584992356598377,0.008035758510231972,0.0005568585474975407,9.10018253326416
ctx,arbnet_density_skew,2023-06-01,0.01180349476635456,0.006533611565828323,0.01193818636238575,8.365966796875
ctx,arbnet_density_skew,2023-06-02,0.016970213502645493,0.006529420614242554,0.08204642683267593,10.085498809814453
ctx,arbnet_density_skew,2023-06-05,0.03636997565627098,0.010251437313854694,0.03370526060461998,6.039637565612793
ctx,arbnet_density_skew,2023-06-06,0.03310391306877136,0.006131188478320837,0.031789571046829224,5.241359710693359
ctx,arbnet_density_skew,2023-06-07,0.033487189561128616,0.005635333713144064,0.03008963353931904,4.858731269836426
ctx,arbnet_density_skew,2023-06-08,0.018618052825331688,0.011447899043560028,0.070008285343647,8.208422660827637
ctx,arbnet_density_skew,2023-06-09,0.015520785003900528,0.007352043874561787,0.06382624804973602,10.114112854003906
ctx,arbnet_density_skew,2023-06-12,0.056531552225351334,0.013022004626691341,0.008857633918523788,5.616437911987305
ctx,arbnet_density_skew,2023-06-13,0.02039801888167858,0.006208839360624552,0.0791492611169815,8.423040390014648
ctx,arbnet_density_skew,2023-06-14,0.02562345378100872,0.007824530825018883,0.08273550868034363,8.924503326416016
ctx,arbnet_density_skew,2023-06-15,0.02002537064254284,0.009927322156727314,0.074907585978508,9.65688705444336
ctx,arbnet_density_skew,2023-06-16,0.05479974299669266,0.01262811291962862,0.009559291414916515,7.924243450164795
ctx,arbnet_density_skew,2023-06-19,0.011101651936769485,0.0122377322986722,0.04581120237708092,13.650960922241211
ctx,arbnet_density_skew,2023-06-20,0.013031525537371635,0.008891645818948746,0.04756603389978409,9.534990310668945
ctx,arbnet_density_skew,2023-06-21,0.012526878155767918,0.012411927804350853,0.04453350603580475,8.12547492980957
ctx,arbnet_density_skew,2023-06-22,0.012636433355510235,0.008961081504821777,0.023970896378159523,13.269956588745117
ctx,arbnet_density_skew,2023-06-23,0.029271245002746582,0.008127368055284023,0.06365210562944412,8.441319465637207
ctx,arbnet_density_skew,2023-06-26,0.009634612128138542,0.00930806528776884,0.05437396466732025,6.8131327629089355
ctx,arbnet_density_skew,2023-06-27,0.007968177087605,0.005155075341463089,0.06283245980739594,7.604441165924072
ctx,arbnet_density_skew,2023-06-28,0.008017627522349358,0.012676703743636608,0.0004880752821918577,8.682822227478027
ctx,arbnet_density_skew,2023-06-30,0.02913454920053482,0.005724705755710602,0.07430403679609299,5.184530258178711
ctx,arbnet_density_skew,2023-07-03,0.018399983644485474,0.0061007156036794186,0.05292729288339615,7.627959728240967
ctx,arbnet_density_skew,2023-07-04,0.07983290404081345,0.007175075821578503,0.06295447796583176,4.040778160095215
ctx,arbnet_density_skew,2023-07-05,0.054590195417404175,0.009323562495410442,0.0017053766641765833,4.595315456390381
ctx,arbnet_density_skew,2023-07-06,0.03267811983823776,0.005866379477083683,0.007110329810529947,4.539328098297119
ctx,arbnet_density_skew,2023-07-07,0.03423713892698288,0.015986550599336624,0.00154724414460361,5.250877380371094
ctx,arbnet_density_skew,2023-07-10,0.02794407121837139,0.007976582273840904,0.0015133324777707458,4.421838760375977
ctx,arbnet_density_skew,2023-07-11,0.02997100166976452,0.011942770332098007,0.00023783717188052833,6.363463878631592
ctx,arbnet_density_skew,2023-07-12,0.004900706931948662,0.00846544373780489,0.07144702970981598,16.889009475708008
ctx,arbnet_density_skew,2023-07-13,0.014056993648409843,0.002457538153976202,0.0021838024258613586,8.328885078430176
ctx,arbnet_density_skew,2023-07-14,0.014281118288636208,0.008803069591522217,0.04660946875810623,8.421628952026367
ctx,arbnet_density_skew,2023-07-17,0.01316077820956707,0.007779549807310104,0.041582927107810974,10.653731346130371
ctx,arbnet_density_skew,2023-07-18,0.01235104352235794,0.010125866159796715,0.0004730655055027455,7.189280033111572
ctx,arbnet_density_skew,2023-07-19,0.041013456881046295,0.008605293929576874,0.04384557902812958,4.854764461517334
ctx,arbnet_density_skew,2023-07-20,0.08694394677877426,0.0021535910200327635,0.0508321188390255,3.618093252182007
ctx,arbnet_density_skew,2023-07-21,0.009039114229381084,0.008220990188419819,0.06812137365341187,11.34086799621582
ctx,arbnet_density_skew,2023-07-24,0.0058774808421730995,0.01103671733289957,0.00011403152893763036,11.487730979919434
ctx,arbnet_density_skew,2023-07-25,0.00723118195310235,0.0118471160531044,0.06038780137896538,11.396902084350586
ctx,arbnet_density_skew,2023-07-26,0.026014074683189392,0.011119108647108078,0.06437067687511444,6.3311567306518555
ctx,arbnet_density_skew,2023-07-27,0.005844289902597666,0.008767472580075264,0.00011203892790945247,10.061304092407227
ctx,arbnet_density_skew,2023-07-28,0.02654452808201313,0.005251745693385601,0.058345865458250046,5.959607124328613
ctx,arbnet_density_skew,2023-07-31,0.034150827676057816,0.005819219164550304,0.009163950569927692,4.155841827392578
ctx,arbnet_density_skew,2023-08-01,0.03913596272468567,0.0057965670712292194,0.02621135488152504,4.05938720703125
ctx,arbnet_density_skew,2023-08-02,0.054010242223739624,0.007778932340443134,0.032882872968912125,4.977552890777588
ctx,arbnet_density_skew,2023-08-03,0.014635564759373665,0.007127638440579176,0.020822837948799133,5.575893878936768
ctx,arbnet_density_skew,2023-08-04,0.05124245211482048,0.006543953903019428,0.006345205940306187,3.60890531539917
ctx,arbnet_density_skew,2023-08-07,0.034835997968912125,0.006178560666739941,0.02601790428161621,4.32407283782959
ctx,arbnet_density_skew,2023-08-08,0.0894477441906929,0.004278832580894232,0.02081436850130558,2.6875734329223633
ctx,arbnet_density_skew,2023-08-09,0.04476026073098183,0.003212830750271678,0.10348613560199738,6.112308979034424
ctx,arbnet_density_skew,2023-08-10,0.0553755983710289,0.005260742735117674,0.04310893267393112,3.803101062774658
ctx,arbnet_density_skew,2023-08-11,0.013157417997717857,0.007404359523206949,0.07348497211933136,8.488445281982422
ctx,arbnet_density_skew,2023-08-14,0.025753427296876907,0.008196299895644188,0.06761407107114792,7.683525085449219
ctx,arbnet_density_skew,2023-08-16,0.02880970574915409,0.007038409821689129,0.0015971665270626545,4.77703332901001
ctx,arbnet_density_skew,2023-08-17,0.015126749873161316,0.00463026063516736,0.0897841826081276,9.11484146118164
ctx,arbnet_density_skew,2023-08-18,0.01187255047261715,0.007024727761745453,0.08040472865104675,11.70894718170166
ctx,arbnet_density_skew,2023-08-21,0.005897490307688713,0.010605312883853912,0.06732683628797531,10.047601699829102
ctx,arbnet_density_skew,2023-08-22,0.003270160872489214,0.00581870973110199,5.5211443395819515e-05,14.058575630187988
ctx,arbnet_density_skew,2023-08-23,0.01182581577450037,0.0016521007055416703,0.0767461284995079,7.1122236251831055
ctx,arbnet_density_skew,2023-08-24,0.04022527113556862,0.00818945188075304,0.049857690930366516,4.410449981689453
ctx,arbnet_density_skew,2023-08-25,0.011528711766004562,0.0064970459789037704,0.008543591946363449,6.076362609863281
ctx,arbnet_density_skew,2023-08-28,0.00758025050163269,0.011739661917090416,9.227542250300758e-06,8.589529037475586
ctx,arbnet_density_skew,2023-08-29,0.007011349778622389,0.008160493336617947,0.04800138249993324,8.521767616271973
ctx,arbnet_density_skew,2023-08-30,0.014037310145795345,0.010159177705645561,0.0369960181415081,6.663628101348877
ctx,arbnet_density_skew,2023-08-31,0.015680700540542603,0.012609618715941906,3.423784801270813e-05,13.267251968383789
ctx,arbnet_density_skew,2023-09-01,0.0229851882904768,0.0024651174899190664,0.07828093320131302,6.371511459350586
ctx,arbnet_density_skew,2023-09-04,0.04311376437544823,0.006462195888161659,0.020486384630203247,4.3200602531433105
ctx,arbnet_density_skew,2023-09-05,0.011510427109897137,0.0021576734725385904,0.015481696464121342,6.436424255371094
ctx,arbnet_density_skew,2023-09-06,0.025193417444825172,0.003637600690126419,0.07591027021408081,6.442444801330566
ctx,arbnet_density_skew,2023-09-07,0.032888490706682205,0.003194308141246438,0.01928352564573288,4.708643913269043
ctx,arbnet_density_skew,2023-09-08,0.025439366698265076,0.002716433722525835,0.08283326029777527,5.692018032073975
ctx,arbnet_density_skew,2023-09-11,0.01466131117194891,0.00859993975609541,0.048570889979600906,7.123427867889404
ctx,arbnet_density_skew,2023-09-12,0.012800992466509342,0.010371781885623932,0.05967559292912483,7.936534881591797
ctx,arbnet_density_skew,2023-09-13,0.018803784623742104,0.010108575224876404,0.06108151003718376,9.76839542388916
ctx,arbnet_density_skew,2023-09-14,0.00941252801567316,0.005300847813487053,0.08233612030744553,15.173168182373047
ctx,arbnet_density_skew,2023-09-15,0.0075604659505188465,0.008084054104983807,0.07429429143667221,11.169634819030762
ctx,arbnet_density_skew,2023-09-18,0.00636786874383688,0.005299982614815235,0.07106476277112961,11.6205472946167
ctx,arbnet_density_skew,2023-09-20,0.002654783194884658,0.01175468135625124,0.045990973711013794,17.052581787109375
ctx,arbnet_density_skew,2023-09-21,0.006800332106649876,0.007681169081479311,0.06769442558288574,12.83084774017334
ctx,arbnet_density_skew,2023-09-22,0.011066237464547157,0.011651556007564068,1.203358897328144e-05,11.859400749206543
ctx,arbnet_density_skew,2023-09-25,0.004900897853076458,0.011821418069303036,1.602098382136319e-05,9.57483959197998
ctx,arbnet_density_skew,2023-09-26,0.00704648531973362,0.005464823450893164,0.09262686222791672,15.015979766845703
ctx,arbnet_density_skew,2023-09-27,0.0026412231381982565,0.010230028070509434,0.00015133868146222085,14.109457015991211
ctx,arbnet_density_skew,2023-09-28,0.010495760478079319,0.010746356099843979,0.04579189419746399,14.589152336120605
ctx,arbnet_density_skew,2023-09-29,0.011763405986130238,0.003460228443145752,0.0633387491106987,7.085524559020996
ctx,arbnet_density_skew,2023-10-03,0.011979709379374981,0.00832382496446371,0.030769331380724907,7.05424690246582
ctx,arbnet_density_skew,2023-10-04,0.026937972754240036,0.007290520239621401,0.02978319115936756,4.7150678634643555
ctx,arbnet_density_skew,2023-10-05,0.018514372408390045,0.0056067262776196,0.01600504294037819,3.2398476600646973
ctx,arbnet_density_skew,2023-10-06,0.026176704093813896,0.005514432676136494,0.03258044272661209,5.65455436706543
ctx,arbnet_density_skew,2023-10-09,0.014935070648789406,0.009846506640315056,0.010443600825965405,6.202616214752197
ctx,arbnet_density_skew,2023-10-10,0.013182217255234718,0.009749149903655052,0.008353193290531635,5.660848617553711
ctx,arbnet_density_skew,2023-10-11,0.049717798829078674,0.008697841316461563,0.00022861060278955847,4.199979305267334
ctx,arbnet_density_skew,2023-10-12,0.008430813439190388,0.007556338794529438,0.031161760911345482,9.803213119506836
ctx,arbnet_density_skew,2023-10-13,0.005830755457282066,0.006189272738993168,0.0001669410412432626,8.530045509338379
ctx,arbnet_density_skew,2023-10-16,0.010079026222229004,0.009890124201774597,6.185538222780451e-05,5.32025671005249
ctx,arbnet_density_skew,2023-10-17,0.008145468309521675,0.007748081814497709,0.0010084551759064198,7.179108142852783
ctx,arbnet_density_skew,2023-10-18,0.003034208668395877,0.01031112764030695,0.0068047563545405865,11.059503555297852
ctx,arbnet_density_skew,2023-10-19,0.022306235507130623,0.00912264734506607,0.00013198434317018837,4.665270805358887
ctx,arbnet_density_skew,2023-10-20,0.0015886001056060195,0.009405621327459812,0.0010181942488998175,8.089414596557617
ctx,arbnet_density_skew,2023-10-23,0.010923294350504875,0.012484957464039326,0.00013785590999759734,4.658852577209473
ctx,arbnet_density_skew,2023-10-25,0.028301427140831947,0.01229057740420103,4.0055707358988e-05,6.365647792816162
ctx,arbnet_density_skew,2023-10-26,0.014719516038894653,0.013467895798385143,7.31233085389249e-05,8.912790298461914
ctx,arbnet_density_skew,2023-10-27,0.011945615522563457,0.006813321262598038,0.03281017765402794,5.723447799682617
ctx,arbnet_density_skew,2023-10-30,0.013751229271292686,0.00871844682842493,0.01954558491706848,6.255088806152344
ctx,arbnet_density_skew,2023-10-31,0.01020536758005619,0.009120308794081211,0.02452666684985161,7.043911457061768
ctx,arbnet_density_skew,2023-11-01,0.010425100103020668,0.008225281722843647,0.024630676954984665,7.950952053070068
ctx,arbnet_density_skew,2023-11-02,0.006322944071143866,0.0076026772148907185,0.01987357996404171,8.748781204223633
ctx,arbnet_density_skew,2023-11-03,0.006749579682946205,0.006577758584171534,0.035038772970438004,7.62952184677124
ctx,arbnet_density_skew,2023-11-06,0.017799852415919304,0.00811388622969389,0.019415047019720078,5.91876220703125
ctx,arbnet_density_skew,2023-11-07,0.008716118521988392,0.007730873767286539,0.015347292646765709,6.034362316131592
ctx,arbnet_density_skew,2023-11-08,0.020899808034300804,0.008732104673981667,0.011171646416187286,4.381940841674805
ctx,arbnet_density_skew,2023-11-09,0.004281674046069384,0.0064386893063783646,0.03799602761864662,13.80886173248291
ctx,arbnet_density_skew,2023-11-10,0.0218534916639328,0.007013574708253145,0.01459981594234705,4.936793804168701
ctx,arbnet_density_skew,2023-11-13,0.011862669140100479,0.00748565373942256,0.019557619467377663,6.458364486694336
ctx,arbnet_density_skew,2023-11-15,0.011250043287873268,0.007112221792340279,0.037317752838134766,9.645027160644531
ctx,arbnet_density_skew,2023-11-16,0.01296816673129797,0.008044037036597729,0.011588606983423233,8.007604598999023
ctx,arbnet_density_skew,2023-11-17,0.003636630019173026,0.009373580105602741,0.02816466987133026,15.94158935546875
ctx,arbnet_density_skew,2023-11-20,0.006407495588064194,0.012216147035360336,0.019922563806176186,12.119584083557129
ctx,arbnet_density_skew,2023-11-21,0.010308228433132172,0.010989384725689888,0.0005229853559285402,8.52385139465332
ctx,arbnet_density_skew,2023-11-22,0.02305232733488083,0.01149088516831398,0.004513564985245466,21.627756118774414
ctx,arbnet_density_skew,2023-11-23,0.012032746337354183,0.010817562229931355,0.012587298639118671,31.301971435546875
ctx,arbnet_density_skew,2023-11-24,0.005196565296500921,0.007874205708503723,0.042357902973890305,17.854869842529297
ctx,arbnet_density_skew,2023-11-28,0.01766188256442547,0.011314855888485909,0.004635034594684839,37.860740661621094
ctx,arbnet_density_skew,2023-11-29,0.005776653997600079,0.01380522083491087,0.0008437721990048885,34.22041320800781
ctx,arbnet_density_skew,2023-11-30,0.00486533809453249,0.011536710895597935,0.00019383513426873833,20.940027236938477
ctx,arbnet_density_skew,2023-12-01,0.009799424558877945,0.009733895771205425,0.01957077905535698,8.677497863769531
ctx,arbnet_density_skew,2023-12-04,0.00608783820644021,0.010791818611323833,0.012311657890677452,13.097957611083984
ctx,arbnet_density_skew,2023-12-05,0.0058454000391066074,0.009756920859217644,0.015183509327471256,11.758509635925293
ctx,arbnet_density_skew,2023-12-06,0.00304559338837862,0.013219952583312988,0.00012621955829672515,12.384456634521484
ctx,arbnet_density_skew,2023-12-07,0.003192787989974022,0.012101666070520878,0.008204137906432152,22.662887573242188
ctx,arbnet_density_skew,2023-12-08,0.008599676191806793,0.012779073789715767,0.011481507681310177,17.40182113647461
ctx,arbnet_density_skew,2023-12-11,0.00853789784014225,0.011269206181168556,0.016188396140933037,20.423837661743164
ctx,arbnet_density_skew,2023-12-12,0.010227191261947155,0.015487168915569782,0.005399083252996206,65.50655364990234
ctx,arbnet_density_skew,2023-12-13,0.010467181913554668,0.011571554467082024,0.015176540240645409,37.03556823730469
ctx,arbnet_density_skew,2023-12-14,0.004185066092759371,0.013742855750024319,0.002619550796225667,21.145978927612305
ctx,arbnet_density_skew,2023-12-15,0.055480726063251495,0.013357039541006088,0.015650758519768715,43.986412048339844
ctx,arbnet_density_skew,2023-12-18,0.011439238674938679,0.01596425659954548,0.000665868807118386,7.807620525360107
ctx,arbnet_density_skew,2023-12-19,0.020741431042551994,0.015396303497254848,4.107500444661127e-06,32.37778091430664
ctx,arbnet_density_skew,2023-12-20,0.0057325949892401695,0.019914930686354637,0.0012280570808798075,32.83153533935547
ctx,arbnet_density_skew,2023-12-21,0.04285517707467079,0.017827771604061127,5.271098416415043e-05,70.97952270507812
ctx,arbnet_density_skew,2023-12-22,0.0038323099724948406,0.016329634934663773,1.867561650215066e-06,44.527618408203125
ctx,arbnet_density_skew,2023-12-26,0.0030052755028009415,0.01780846156179905,0.0007725332980044186,32.556640625
ctx,arbnet_density_skew,2023-12-27,0.0062864674255251884,0.017820509150624275,0.008527940139174461,27.033519744873047
ctx,arbnet_density_skew,2023-12-28,0.00221719266846776,0.014604495838284492,1.943367169587873e-05,28.835872650146484
ctx,arbnet_density_skew,2023-12-29,0.0023983295541256666,0.01621869206428528,0.008167022839188576,23.005218505859375
ctx,arbnet_density_skew,2024-01-01,0.003356283064931631,0.0196355190128088,5.5923857871675864e-05,20.78662872314453
ctx,arbnet_density_skew,2024-01-02,0.011939454823732376,0.01628708653151989,0.00039238345925696194,8.525623321533203
ctx,arbnet_density_skew,2024-01-03,0.006037852261215448,0.014557063579559326,0.015054075978696346,8.389209747314453
ctx,arbnet_density_skew,2024-01-04,0.006896011531352997,0.014199399389326572,0.023284249007701874,14.264322280883789
ctx,arbnet_density_skew,2024-01-05,0.015304835513234138,0.012207863852381706,0.022287867963314056,7.710030555725098
ctx,arbnet_density_skew,2024-01-08,0.019367564469575882,0.014519822783768177,0.01411161944270134,6.439510345458984
ctx,arbnet_density_skew,2024-01-09,0.016263749450445175,0.014999158680438995,0.0020727054215967655,8.972513198852539
ctx,arbnet_density_skew,2024-01-10,0.03647701442241669,0.016246292740106583,0.006640447769314051,8.289749145507812
ctx,arbnet_density_skew,2024-01-11,0.01087499875575304,0.012090383097529411,0.01780686341226101,8.171564102172852
ctx,arbnet_density_skew,2024-01-12,0.01745629496872425,0.01387898437678814,0.019043540582060814,11.107382774353027
ctx,arbnet_density_skew,2024-01-15,0.02444072812795639,0.015877898782491684,0.007136953994631767,5.8675360679626465
ctx,arbnet_density_skew,2024-01-16,0.03354550525546074,0.016380367800593376,0.008691802620887756,5.8454437255859375
ctx,arbnet_density_skew,2024-01-17,0.011737603694200516,0.018768232315778732,0.0039976006373763084,7.339719772338867
ctx,arbnet_density_skew,2024-01-18,0.015276932157576084,0.021601250395178795,0.00010070524149341509,52.241180419921875
ctx,arbnet_density_skew,2024-01-19,0.009594564326107502,0.018824588507413864,2.986461367981974e-05,33.14361572265625
ctx,arbnet_density_skew,2024-01-23,0.0025090337730944157,0.020431654527783394,1.888850783871021e-05,34.87334060668945
ctx,arbnet_density_skew,2024-01-24,0.007755770813673735,0.020869674161076546,9.375651188747725e-07,49.459991455078125
ctx,arbnet_density_skew,2024-01-25,0.008163628168404102,0.017669782042503357,2.7717545890482143e-05,25.686290740966797
ctx,arbnet_density_skew,2024-01-29,0.00093923753593117,0.017910253256559372,1.1766543138946872e-05,34.96492004394531
ctx,arbnet_density_skew,2024-01-30,0.0009363145800307393,0.020248062908649445,5.1969864216516726e-06,35.83723449707031
ctx,arbnet_density_skew,2024-01-31,0.0010997115168720484,0.01670312136411667,2.4761011445662007e-05,29.162904739379883
ctx,arbnet_density_skew,2024-02-01,0.003788641421124339,0.014085331931710243,0.004892975091934204,7.850932598114014
ctx,arbnet_density_skew,2024-02-02,0.004198393784463406,0.018361665308475494,0.005756651982665062,9.118000984191895
ctx,arbnet_density_skew,2024-02-05,0.004461783915758133,0.01683112606406212,4.3939926399616525e-05,9.019850730895996
ctx,arbnet_density_skew,2024-02-06,0.0032891277223825455,0.016382429748773575,1.0848560123122297e-05,13.929141998291016
ctx,arbnet_density_skew,2024-02-07,0.0014835953479632735,0.017351988703012466,8.770740350882988e-06,18.137542724609375
ctx,arbnet_density_skew,2024-02-08,0.003081254893913865,0.019605012610554695,0.006997512653470039,17.454837799072266
ctx,arbnet_density_skew,2024-02-09,0.00810837373137474,0.017341328784823418,6.220202340045944e-05,9.470675468444824
ctx,arbnet_density_skew,2024-02-12,0.0013396450085565448,0.018026305362582207,1.190696821140591e-05,31.229581832885742
ctx,arbnet_density_skew,2024-02-13,0.0038937381468713284,0.018163440749049187,0.006647185888141394,13.163220405578613
ctx,arbnet_density_skew,2024-02-14,0.004405643790960312,0.016695469617843628,8.836748747853562e-06,27.368892669677734
ctx,arbnet_density_skew,2024-02-15,0.0018931174417957664,0.011642804369330406,6.907203351147473e-05,21.697681427001953
ctx,arbnet_density_skew,2024-02-16,0.001730858231894672,0.017245598137378693,1.510364563728217e-05,21.05956268310547
ctx,arbnet_density_skew,2024-02-19,0.0005176226841285825,0.017050186172127724,6.35422929917695e-06,33.05561828613281
ctx,arbnet_density_skew,2024-02-20,0.0013154004700481892,0.018199559301137924,1.2754769159073476e-05,21.581052780151367
ctx,arbnet_density_skew,2024-02-21,0.0010992457391694188,0.017625080421566963,3.709392694872804e-05,21.76828384399414
ctx,arbnet_density_skew,2024-02-22,0.0016566187841817737,0.016241692006587982,0.00021914346143603325,19.4346866607666
ctx,arbnet_density_skew,2024-02-23,0.0017242844915017486,0.016315976157784462,3.41835584549699e-05,20.982315063476562
ctx,arbnet_density_skew,2024-02-26,0.0027929155621677637,0.010845549404621124,5.376099579734728e-05,26.31604766845703
ctx,arbnet_density_skew,2024-02-27,0.005592995323240757,0.01871882565319538,0.007347553502768278,16.281593322753906
ctx,arbnet_density_skew,2024-02-28,0.0020505115389823914,0.019563257694244385,1.7772319552022964e-05,28.783714294433594
ctx,arbnet_density_skew,2024-02-29,0.012062451802194118,0.01972970925271511,0.018345635384321213,34.240234375
ctx,arbnet_density_skew,2024-03-01,0.0020471077878028154,0.014851486310362816,0.019932106137275696,14.38063907623291
ctx,arbnet_density_skew,2024-03-04,0.0022400040179491043,0.015945546329021454,0.01724615879356861,15.705707550048828
ctx,arbnet_density_skew,2024-03-05,0.00232183956541121,0.01535266824066639,0.00010676257079467177,8.419876098632812
ctx,arbnet_density_skew,2024-03-06,0.0011914087226614356,0.015874646604061127,2.945841697510332e-05,16.370832443237305
ctx,arbnet_density_skew,2024-03-07,0.00869562104344368,0.011924227699637413,0.015094704926013947,7.244270324707031
ctx,arbnet_density_skew,2024-03-11,0.00445914501324296,0.017635807394981384,2.5518413167446852e-05,17.18563461303711
ctx,arbnet_density_skew,2024-03-12,0.009498064406216145,0.016875794157385826,2.633753501868341e-05,22.436063766479492
ctx,arbnet_density_skew,2024-03-13,0.010030345991253853,0.0187937393784523,0.026738569140434265,51.57042694091797
ctx,arbnet_density_skew,2024-03-14,0.006493518128991127,0.01578381098806858,2.1773141725134337e-06,39.262351989746094
ctx,arbnet_density_skew,2024-03-15,0.0040292623452842236,0.015693774446845055,0.02904496341943741,38.185302734375
ctx,arbnet_density_skew,2024-03-18,0.0009432347724214196,0.017137307673692703,0.015837417915463448,21.80714988708496
ctx,arbnet_density_skew,2024-03-19,0.015341672115027905,0.016378609463572502,1.2394248187774792e-06,36.61188507080078
ctx,arbnet_density_skew,2024-03-20,0.0012740448582917452,0.015711944550275803,4.631411866284907e-05,21.04120635986328
ctx,arbnet_density_skew,2024-03-21,0.00200438778847456,0.015344831161201,1.2694372344412841e-05,26.74308967590332
ctx,arbnet_density_skew,2024-03-22,0.0027154157869517803,0.01490609161555767,0.00817039329558611,18.044212341308594
ctx,arbnet_density_skew,2024-03-26,0.0059294188395142555,0.016255855560302734,8.318913387483917e-06,30.200881958007812
ctx,arbnet_density_skew,2024-03-27,0.0020447431597858667,0.015820764005184174,0.00014796787581872195,23.72998809814453
ctx,arbnet_density_skew,2024-03-28,0.0011694419663399458,0.012795528396964073,0.009751148521900177,26.426044464111328
ctx,arbnet_density_skew,2024-04-01,0.011294089257717133,0.012309586629271507,0.028099998831748962,9.010839462280273
ctx,arbnet_density_skew,2024-04-02,0.011557496152818203,0.009490542113780975,0.035645004361867905,7.304201602935791
ctx,arbnet_density_skew,2024-04-03,0.0230113472789526,0.011479509994387627,0.03385786712169647,7.645050525665283
ctx,arbnet_density_skew,2024-04-04,0.027030333876609802,0.011860989965498447,0.020123329013586044,8.367544174194336
ctx,arbnet_density_skew,2024-04-05,0.014178186655044556,0.011320249177515507,0.029138877987861633,6.032875061035156
ctx,arbnet_density_skew,2024-04-08,0.009138934314250946,0.012778297998011112,0.02733565866947174,7.987890243530273
ctx,arbnet_density_skew,2024-04-09,0.012144127860665321,0.01209950353950262,0.011592322029173374,6.450254440307617
ctx,arbnet_density_skew,2024-04-10,0.008316920138895512,0.009505819529294968,0.03793618828058243,7.49876594543457
ctx,arbnet_density_skew,2024-04-12,0.013010352849960327,0.011368955485522747,0.021813316270709038,8.526728630065918
ctx,arbnet_density_skew,2024-04-15,0.04945040121674538,0.016693124547600746,0.014646713621914387,6.364547252655029
ctx,arbnet_density_skew,2024-04-16,0.013391661457717419,0.0144959082826972,0.01857929490506649,5.573307991027832
ctx,arbnet_density_skew,2024-04-18,0.014551877975463867,0.017368532717227936,0.012226312421262264,11.195159912109375
ctx,arbnet_density_skew,2024-04-19,0.008481602184474468,0.012749258428812027,0.02156226895749569,6.472194671630859
ctx,arbnet_density_skew,2024-04-22,0.005553314462304115,0.012491781264543533,0.03140784054994583,15.309432983398438
ctx,arbnet_density_skew,2024-04-23,0.0054823243990540504,0.009847796522080898,0.052324943244457245,8.109024047851562
ctx,arbnet_density_skew,2024-04-24,0.025843800976872444,0.012969186529517174,0.015845386311411858,4.737756729125977
ctx,arbnet_density_skew,2024-04-25,0.005348577164113522,0.009113575331866741,0.05831741541624069,11.350440979003906
ctx,arbnet_density_skew,2024-04-26,0.015947489067912102,0.010649357922375202,0.03780585154891014,9.089967727661133
ctx,arbnet_density_skew,2024-04-29,0.007871592417359352,0.01096007227897644,0.037853799760341644,6.738212585449219
ctx,arbnet_density_skew,2024-04-30,0.010674298740923405,0.013072868809103966,0.033803705126047134,6.348282337188721
ctx,arbnet_density_skew,2024-05-02,0.0059096598997712135,0.013733915984630585,0.04021865501999855,12.765172004699707
ctx,arbnet_density_skew,2024-05-03,0.005028085317462683,0.016662949696183205,0.04462182894349098,8.930547714233398
ctx,arbnet_density_skew,2024-05-06,0.002787406789138913,0.0207985769957304,0.0007819670136086643,11.16574764251709
ctx,arbnet_density_skew,2024-05-07,0.004905227106064558,0.017312627285718918,0.037105023860931396,10.288710594177246
ctx,arbnet_density_skew,2024-05-08,0.03980139270424843,0.01721513271331787,0.0330217219889164,5.411740303039551
ctx,arbnet_density_skew,2024-05-09,0.007194220554083586,0.02730739116668701,0.010679646395146847,11.530815124511719
ctx,arbnet_density_skew,2024-05-10,0.004824676085263491,0.022802328690886497,0.03759457916021347,9.63994312286377
ctx,arbnet_density_skew,2024-05-13,0.0021969815716147423,0.02529517561197281,0.0013811865355819464,16.879404067993164
ctx,arbnet_density_skew,2024-05-14,0.004704919643700123,0.013715021312236786,0.00032323968480341136,12.794156074523926
ctx,arbnet_density_skew,2024-05-15,0.003002314595505595,0.024043388664722443,0.009717673063278198,11.818109512329102
ctx,arbnet_density_skew,2024-05-16,0.0032060579396784306,0.01617823913693428,0.001989045413210988,11.536344528198242
ctx,arbnet_density_skew,2024-05-17,0.003284239210188389,0.010666140355169773,0.0016617286019027233,16.438980102539062
ctx,arbnet_density_skew,2024-05-21,0.003178100101649761,0.027425341308116913,0.00021363481937441975,19.911222457885742
ctx,arbnet_density_skew,2024-05-22,0.005657648667693138,0.02814062312245369,0.0006654229946434498,22.82176971435547
ctx,arbnet_density_skew,2024-05-23,0.0032174845691770315,0.016795406118035316,0.0006533407722599804,20.7088680267334
ctx,arbnet_density_skew,2024-05-24,0.0010464537190273404,0.018227646127343178,0.0005058830720372498,25.423309326171875
ctx,arbnet_density_skew,2024-05-27,0.004392895381897688,0.008074415847659111,8.173687820089981e-05,30.653535842895508
ctx,arbnet_density_skew,2024-05-28,0.0015105705242604017,0.02834615670144558,2.877012411772739e-05,33.86280059814453
ctx,arbnet_density_skew,2024-05-29,0.007590470835566521,0.029095280915498734,2.2380309872005455e-07,71.50387573242188
ctx,arbnet_density_skew,2024-05-30,0.014859058894217014,0.029596712440252304,2.3199335430490464e-07,81.55757141113281
ctx,arbnet_density_skew,2024-05-31,0.009238372556865215,0.0157029889523983,8.331609024025965e-06,43.22890853881836
ctx,arbnet_density_skew,2024-06-03,0.008970683440566063,0.02215765230357647,3.1516808007836516e-07,68.23188781738281
ctx,arbnet_density_skew,2024-06-04,0.0059667290188372135,0.02986583113670349,8.778569622336363e-07,65.99268341064453
ctx,arbnet_density_skew,2024-06-05,0.0465119406580925,0.022577697411179543,0.0028872541151940823,3.8847744464874268
ctx,arbnet_density_skew,2024-06-06,0.03302856162190437,0.02144980989396572,0.010992381721735,7.005239963531494
ctx,arbnet_density_skew,2024-06-07,0.016842801123857498,0.02176067978143692,0.03849700093269348,5.794086933135986
ctx,arbnet_density_skew,2024-06-10,0.023582931607961655,0.020873161032795906,0.0037778213154524565,3.763401508331299
ctx,arbnet_density_skew,2024-06-11,0.008615250699222088,0.017914528027176857,0.0045110383071005344,8.135259628295898
ctx,arbnet_density_skew,2024-06-12,0.015423213131725788,0.014221824705600739,0.0022362135350704193,5.870454788208008
ctx,arbnet_density_skew,2024-06-13,0.023436537012457848,0.007200621068477631,0.053734224289655685,6.032496452331543
ctx,arbnet_density_skew,2024-06-14,0.017224084585905075,0.0088278753682971,0.02852124720811844,6.765644550323486
ctx,arbnet_density_skew,2024-06-18,0.014735065400600433,0.01267493236809969,0.0006689499132335186,7.2710862159729
ctx,arbnet_density_skew,2024-06-19,0.020420096814632416,0.013470767997205257,0.048222992569208145,5.912409782409668
ctx,arbnet_density_skew,2024-06-20,0.007855236530303955,0.006929090246558189,0.09927268326282501,9.007485389709473
ctx,arbnet_density_skew,2024-06-21,0.014060436747968197,0.008340648375451565,0.0749804750084877,6.476328372955322
ctx,arbnet_density_skew,2024-06-24,0.0037918349262326956,0.01602444425225258,0.002360052429139614,13.661208152770996
ctx,arbnet_density_skew,2024-06-25,0.00528478529304266,0.016926418989896774,0.036121681332588196,8.579737663269043
ctx,arbnet_density_skew,2024-06-26,0.015916258096694946,0.013920786790549755,0.07454252988100052,8.216636657714844
ctx,arbnet_density_skew,2024-06-27,0.031274616718292236,0.008758573792874813,0.0015457600820809603,5.207379341125488
ctx,arbnet_density_skew,2024-06-28,0.01552355196326971,0.013178079389035702,0.055821266025304794,9.875467300415039
ctx,arbnet_density_skew,2024-07-01,0.010541035793721676,0.014190568588674068,0.04478932172060013,7.162372589111328
ctx,arbnet_density_skew,2024-07-02,0.013736401684582233,0.013843427412211895,0.05476529151201248,6.321940898895264
ctx,arbnet_density_skew,2024-07-03,0.012569321319460869,0.013848896138370037,0.07052890211343765,6.685199737548828
ctx,arbnet_density_skew,2024-07-04,0.015603451058268547,0.008802438154816628,0.04713680222630501,7.362979412078857
ctx,arbnet_density_skew,2024-07-05,0.022042540833353996,0.008764384314417839,0.053078606724739075,6.088943958282471
noctx,arbnet_density,2019-01-01,0.004438030533492565,0.018519427627325058,0.0020454328041523695,
noctx,arbnet_density,2019-01-02,4.6458189899567515e-06,0.02038283832371235,0.06492013484239578,
noctx,arbnet_density,2019-01-03,0.003797217272222042,0.021103577688336372,0.002157100010663271,
noctx,arbnet_density,2019-01-04,0.0043887365609407425,0.01987103745341301,0.0017372423317283392,
noctx,arbnet_density,2019-01-07,0.0047476692125201225,0.01902933418750763,0.0018421796848997474,
noctx,arbnet_density,2019-01-08,1.0951986041618511e-05,0.020244542509317398,0.05392671748995781,
noctx,arbnet_density,2019-01-09,0.005342982243746519,0.011641894467175007,0.008453184738755226,
noctx,arbnet_density,2019-01-10,5.012657400271792e-09,0.01973535120487213,0.0472693108022213,
noctx,arbnet_density,2019-01-11,0.004686314146965742,0.014401569962501526,0.007799532730132341,
noctx,arbnet_density,2019-01-14,0.004239364061504602,0.01777159422636032,0.001739906845614314,
noctx,arbnet_density,2019-01-15,0.003990429453551769,0.016542188823223114,0.001710458192974329,
noctx,arbnet_density,2019-01-16,1.4555355392076308e-06,0.022127870470285416,0.032470617443323135,
noctx,arbnet_density,2019-01-17,0.004139017313718796,0.015371641144156456,0.011005870066583157,
noctx,arbnet_density,2019-01-18,7.123571208467183e-07,0.01908235251903534,0.032693538814783096,
noctx,arbnet_density,2019-01-21,0.003506332403048873,0.019110899418592453,0.006191400345414877,
noctx,arbnet_density,2019-01-22,0.003605772741138935,0.02010846696794033,0.0021039119455963373,
noctx,arbnet_density,2019-01-23,0.0034741575364023447,0.021266378462314606,0.0010038847103714943,
noctx,arbnet_density,2019-01-24,0.003246218664571643,0.01909600757062435,0.0028926371596753597,
noctx,arbnet_density,2019-01-25,0.00357293919660151,0.019275136291980743,0.0023498961236327887,
noctx,arbnet_density,2019-01-28,0.0019737817347049713,0.021433087065815926,0.0010573684703558683,
noctx,arbnet_density,2019-01-29,0.0015515057602897286,0.021387189626693726,0.0012859274866059422,
noctx,arbnet_density,2019-01-30,0.002051667310297489,0.01986086182296276,0.0015689419815316796,
noctx,arbnet_density,2019-01-31,1.0197756239449518e-07,0.02086009830236435,0.039197541773319244,
noctx,arbnet_density,2019-02-01,5.4434618590448736e-08,0.011881050653755665,0.061626844108104706,
noctx,arbnet_density,2019-02-04,2.386802043474745e-05,0.012332136742770672,0.0579136461019516,
noctx,arbnet_density,2019-02-05,4.5883226107434893e-07,0.016656016930937767,0.03793610259890556,
noctx,arbnet_density,2019-02-06,3.427709316383698e-08,0.01669478230178356,0.013892910443246365,
noctx,arbnet_density,2019-02-07,7.515598667851009e-07,0.01579052396118641,0.04639268293976784,
noctx,arbnet_density,2019-02-08,3.458727633187664e-07,0.016188088804483414,0.051103606820106506,
noctx,arbnet_density,2019-02-11,0.002610820811241865,0.015225190669298172,0.04477880895137787,
noctx,arbnet_density,2019-02-12,0.0030394531786441803,0.01960538700222969,0.006541062146425247,
noctx,arbnet_density,2019-02-13,1.0122945241164416e-05,0.012721742503345013,0.03842121362686157,
noctx,arbnet_density,2019-02-14,0.0037847659550607204,0.014981245622038841,0.0341060645878315,
noctx,arbnet_density,2019-02-15,0.004016457125544548,0.014367315918207169,0.03072972595691681,
noctx,arbnet_density,2019-02-18,0.0032624928280711174,0.016715914011001587,0.017730727791786194,
noctx,arbnet_density,2019-02-19,0.0029275871347635984,0.015471846796572208,0.03010023571550846,
noctx,arbnet_density,2019-02-20,0.0035328869707882404,0.015553141944110394,0.03668658062815666,
noctx,arbnet_density,2019-02-21,0.0038697118870913982,0.013809360563755035,0.04299375042319298,
noctx,arbnet_density,2019-02-22,0.004206308163702488,0.013537592254579067,0.031752537935972214,
noctx,arbnet_density,2019-02-25,0.0030566900968551636,0.012766534462571144,0.043712835758924484,
noctx,arbnet_density,2019-02-26,0.0032328760717064142,0.014394889585673809,0.027486681938171387,
noctx,arbnet_density,2019-02-27,0.003039801027625799,0.017334001138806343,0.004243099130690098,
noctx,arbnet_density,2019-02-28,0.002844511531293392,0.016142982989549637,0.007947171106934547,
noctx,arbnet_density,2019-03-01,0.0028306974563747644,0.007462184876203537,0.07183817028999329,
noctx,arbnet_density,2019-03-05,0.003045495366677642,0.014164818450808525,0.02901577204465866,
noctx,arbnet_density,2019-03-06,1.5426325035150512e-06,0.017654061317443848,0.01865033060312271,
noctx,arbnet_density,2019-03-07,0.002773455809801817,0.0067888423800468445,0.08874785155057907,
noctx,arbnet_density,2019-03-08,0.002850808436051011,0.012028532102704048,0.027743864804506302,
noctx,arbnet_density,2019-03-11,0.0019624950364232063,0.013787352479994297,0.02878035604953766,
noctx,arbnet_density,2019-03-12,0.002517564222216606,0.00995571818202734,0.08803156763315201,
noctx,arbnet_density,2019-03-13,0.0015004355227574706,0.009783582761883736,0.08458533138036728,
noctx,arbnet_density,2019-03-14,0.003165220143273473,0.006939568556845188,0.0975998267531395,
noctx,arbnet_density,2019-03-15,0.0038880512584000826,0.014563562348484993,0.025336865335702896,
noctx,arbnet_density,2019-03-18,0.003025325480848551,0.014411643147468567,0.02472321316599846,
noctx,arbnet_density,2019-03-19,0.003121390473097563,0.014836765825748444,0.021383311599493027,
noctx,arbnet_density,2019-03-20,0.002257233951240778,0.006453408394008875,0.10620647668838501,
noctx,arbnet_density,2019-03-22,0.002584967529401183,0.012957744300365448,0.025396090000867844,
noctx,arbnet_density,2019-03-25,0.001936825574375689,0.009807822294533253,0.08878360688686371,
noctx,arbnet_density,2019-03-26,0.0021079853177070618,0.009016730822622776,0.10661718249320984,
noctx,arbnet_density,2019-03-27,0.0017301625339314342,0.008816850371658802,0.12016837298870087,
noctx,arbnet_density,2019-03-28,0.002294509904459119,0.01897338405251503,0.009168079122900963,
noctx,arbnet_density,2019-03-29,0.04698890447616577,0.013745374977588654,0.05167556554079056,
noctx,arbnet_density,2019-04-01,0.007630005944520235,0.01210330706089735,0.04866907745599747,
noctx,arbnet_density,2019-04-02,0.005696125794202089,0.015348338522017002,0.016462460160255432,
noctx,arbnet_density,2019-04-03,0.0061968653462827206,0.020086929202079773,0.012381168082356453,
noctx,arbnet_density,2019-04-04,0.003787848399952054,0.009359616786241531,0.0633070319890976,
noctx,arbnet_density,2019-04-05,0.0010271723149344325,0.01831427961587906,0.033885546028614044,
noctx,arbnet_density,2019-04-08,0.003984603565186262,0.009059006348252296,0.06265544891357422,
noctx,arbnet_density,2019-04-09,0.0023609574418514967,0.009921648539602757,0.061637360602617264,
noctx,arbnet_density,2019-04-10,0.004343490116298199,0.01993563026189804,0.002030144212767482,
noctx,arbnet_density,2019-04-11,0.003868855070322752,0.018645325675606728,0.0023164020385593176,
noctx,arbnet_density,2019-04-12,0.004804003983736038,0.01194948609918356,0.016744790598750114,
noctx,arbnet_density,2019-04-15,0.0016752107767388225,0.007003560196608305,0.06585186719894409,
noctx,arbnet_density,2019-04-16,0.002082881750538945,0.012235592119395733,0.01963435485959053,
noctx,arbnet_density,2019-04-18,1.2662553672271315e-05,0.015790419653058052,0.0055953520350158215,
noctx,arbnet_density,2019-04-22,0.0029475961346179247,0.020507032051682472,0.00044482105295173824,
noctx,arbnet_density,2019-04-23,3.88049329558271e-06,0.019686179235577583,0.00209820712916553,
noctx,arbnet_density,2019-04-24,1.2693203643721063e-06,0.014774368144571781,0.07767889648675919,
noctx,arbnet_density,2019-04-25,1.4348543118103407e-05,0.019030606374144554,0.056707803159952164,
noctx,arbnet_density,2019-04-26,8.4822404460283e-06,0.025342168286442757,0.003111741039901972,
noctx,arbnet_density,2019-04-30,9.574410796631128e-06,0.022285932675004005,0.0010380165185779333,
noctx,arbnet_density,2019-05-02,0.0023667635396122932,0.019596708938479424,0.0009325732244178653,
noctx,arbnet_density,2019-05-03,0.0018679267959669232,0.020398646593093872,0.0005174408433958888,
noctx,arbnet_density,2019-05-06,0.0016811481909826398,0.022450009360909462,0.0006268485449254513,
noctx,arbnet_density,2019-05-07,0.0020288131199777126,0.017565326765179634,0.000796905776951462,
noctx,arbnet_density,2019-05-08,0.0009007006883621216,0.026290714740753174,0.0010034949518740177,
noctx,arbnet_density,2019-05-09,0.001548075582832098,0.02037344127893448,0.0013080675853416324,
noctx,arbnet_density,2019-05-10,0.001942698610946536,0.019385896623134613,0.006526395678520203,
noctx,arbnet_density,2019-05-13,0.0027269679121673107,0.017562704160809517,0.001639423193410039,
noctx,arbnet_density,2019-05-14,0.0014834849862381816,0.01629026047885418,0.004898186307400465,
noctx,arbnet_density,2019-05-15,0.0016316322144120932,0.018607860431075096,0.002531093545258045,
noctx,arbnet_density,2019-05-16,0.0029308772645890713,0.010132083669304848,0.00344426860101521,
noctx,arbnet_density,2019-05-17,0.0018404561560600996,0.010676668025553226,0.035373348742723465,
noctx,arbnet_density,2019-05-20,0.00273040309548378,0.019107861444354057,0.14472077786922455,
noctx,arbnet_density,2019-05-21,0.003265062579885125,0.023443553596735,0.10990843921899796,
noctx,arbnet_density,2019-05-22,0.002645327476784587,0.017427189275622368,0.11440016329288483,
noctx,arbnet_density,2019-05-23,0.0031571148429065943,0.037491463124752045,0.031156519427895546,
noctx,arbnet_density,2019-05-24,7.296691364899743e-06,0.033592935651540756,0.09442589432001114,
noctx,arbnet_density,2019-05-27,4.9992322601610795e-05,0.0316457562148571,0.08426223695278168,
noctx,arbnet_density,2019-05-28,4.361443279776722e-05,0.03544218838214874,0.0456644669175148,
noctx,arbnet_density,2019-05-29,1.3612443581223488e-05,0.024730980396270752,0.14088784158229828,
noctx,arbnet_density,2019-05-30,9.47603111853823e-05,0.02484756149351597,0.13520729541778564,
noctx,arbnet_density,2019-05-31,6.103343821450835e-06,0.029105031862854958,0.07264084368944168,
noctx,arbnet_density,2019-06-03,8.8273291112273e-06,0.03226550668478012,0.036322157829999924,
noctx,arbnet_density,2019-06-04,1.6504764062119648e-05,0.028583696112036705,0.06464311480522156,
noctx,arbnet_density,2019-06-06,2.2083936528360937e-06,0.03709058463573456,0.04463622346520424,
noctx,arbnet_density,2019-06-07,2.8637964533118065e-07,0.037895236164331436,0.0025798433925956488,
noctx,arbnet_density,2019-06-10,1.42236137889995e-06,0.03674709051847458,0.0032949447631835938,
noctx,arbnet_density,2019-06-11,1.0035464583779685e-05,0.027245227247476578,0.0461004339158535,
noctx,arbnet_density,2019-06-12,5.96854806644842e-06,0.03365592658519745,0.0016519433120265603,
noctx,arbnet_density,2019-06-13,1.2475610446927021e-06,0.02424996718764305,0.06718963384628296,
noctx,arbnet_density,2019-06-14,2.897733065765351e-05,0.029147520661354065,0.0028136468026787043,
noctx,arbnet_density,2019-06-17,1.3506718460121192e-05,0.029793646186590195,0.04013079032301903,
noctx,arbnet_density,2019-06-18,1.4824230675003491e-05,0.02943160943686962,0.0009423609590157866,
noctx,arbnet_density,2019-06-19,5.9358531871112064e-05,0.021732205525040627,0.06508389860391617,
noctx,arbnet_density,2019-06-20,8.881777091573895e-08,0.027051208540797234,0.0028666500002145767,
noctx,arbnet_density,2019-06-21,7.358349103014916e-05,0.02903079055249691,0.006059475243091583,
noctx,arbnet_density,2019-06-24,0.0014899763045832515,0.025767816230654716,0.0026786327362060547,
noctx,arbnet_density,2019-06-25,4.775245088239899e-06,0.021997151896357536,0.06271839141845703,
noctx,arbnet_density,2019-06-26,0.0013430514372885227,0.02423912286758423,0.001955291721969843,
noctx,arbnet_density,2019-06-27,0.0013127957936376333,0.022585725411772728,0.0025245132856070995,
noctx,arbnet_density,2019-06-28,0.0055451286025345325,0.019815485924482346,0.0325608067214489,
noctx,arbnet_density,2019-07-01,2.675690848263912e-05,0.025083791464567184,0.010776039212942123,
noctx,arbnet_density,2019-07-02,0.003957120236009359,0.01630345731973648,0.033228423446416855,
noctx,arbnet_density,2019-07-03,1.2909601537103299e-05,0.022653261199593544,0.005228064022958279,
noctx,arbnet_density,2019-07-04,0.003496622433885932,0.016014039516448975,0.02988991141319275,
noctx,arbnet_density,2019-07-05,0.003207102185115218,0.014441325329244137,0.04092324152588844,
noctx,arbnet_density,2019-07-08,1.211896596942097e-05,0.024228528141975403,0.046936746686697006,
noctx,arbnet_density,2019-07-09,0.003973729908466339,0.02257539890706539,0.0011790856951847672,
noctx,arbnet_density,2019-07-10,2.0086386939510703e-05,0.027902090921998024,0.0010504766833037138,
noctx,arbnet_density,2019-07-11,2.3977088403626112e-06,0.01820193976163864,0.06798304617404938,
noctx,arbnet_density,2019-07-12,2.2153390091261826e-05,0.020573021844029427,0.056893087923526764,
noctx,arbnet_density,2019-07-15,8.468452870147303e-05,0.018129955977201462,0.05366036668419838,
noctx,arbnet_density,2019-07-16,0.004149904940277338,0.01986534520983696,0.0007420398178510368,
noctx,arbnet_density,2019-07-17,1.660664929659106e-05,0.01684028096497059,0.05651583895087242,
noctx,arbnet_density,2019-07-18,1.5023232435851241e-06,0.021841730922460556,0.002381059108301997,
noctx,arbnet_density,2019-07-19,0.0030616859439760447,0.021371960639953613,0.007346203085035086,
noctx,arbnet_density,2019-07-22,0.0034699325915426016,0.015219117514789104,0.07414528727531433,
noctx,arbnet_density,2019-07-23,1.8156488295062445e-05,0.024461865425109863,0.0035232834052294493,
noctx,arbnet_density,2019-07-24,0.0025640963576734066,0.012808576226234436,0.07770008593797684,
noctx,arbnet_density,2019-07-25,0.004780834540724754,0.018150750547647476,0.012037137523293495,
noctx,arbnet_density,2019-07-26,2.389022301940713e-05,0.020274514332413673,0.005917713046073914,
noctx,arbnet_density,2019-07-29,0.002554640406742692,0.012557778507471085,0.06976725161075592,
noctx,arbnet_density,2019-07-30,4.33120658271946e-06,0.02183239534497261,0.0035457806661725044,
noctx,arbnet_density,2019-07-31,3.84469194614212e-06,0.014770460315048695,0.07282476872205734,
noctx,arbnet_density,2019-08-01,0.00198694271966815,0.0165936890989542,0.052757628262043,
noctx,arbnet_density,2019-08-02,0.0051369634456932545,0.017280329018831253,0.02630474977195263,
noctx,arbnet_density,2019-08-05,0.0038909283466637135,0.02253762260079384,0.008174275048077106,
noctx,arbnet_density,2019-08-06,0.003594267414882779,0.017505308613181114,0.040300402790308,
noctx,arbnet_density,2019-08-07,0.004665710031986237,0.02147376909852028,0.017845897004008293,
noctx,arbnet_density,2019-08-08,0.003117774147540331,0.01961333490908146,0.051884423941373825,
noctx,arbnet_density,2019-08-09,2.3589868760609534e-06,0.023510586470365524,0.044556859880685806,
noctx,arbnet_density,2019-08-13,1.1515927326399833e-05,0.03125852718949318,0.03462604433298111,
noctx,arbnet_density,2019-08-14,1.0080403853862663e-06,0.03416579216718674,0.0021477302070707083,
noctx,arbnet_density,2019-08-16,2.550481212892919e-07,0.03006746619939804,0.015708809718489647,
noctx,arbnet_density,2019-08-19,0.003129303688183427,0.023223064839839935,0.044213999062776566,
noctx,arbnet_density,2019-08-20,0.0020503178238868713,0.022652609273791313,0.03719780221581459,
noctx,arbnet_density,2019-08-21,0.0030254805460572243,0.021938761696219444,0.044299643486738205,
noctx,arbnet_density,2019-08-22,0.0030544595792889595,0.02868887595832348,0.0028770396020263433,
noctx,arbnet_density,2019-08-23,0.0036887454334646463,0.027728857472538948,0.009011930786073208,
noctx,arbnet_density,2019-08-26,1.2659023923333734e-05,0.0372692346572876,0.005965746473520994,
noctx,arbnet_density,2019-08-27,9.599191798770335e-06,0.027483120560646057,0.0928988829255104,
noctx,arbnet_density,2019-08-28,1.827480627980549e-05,0.02855878882110119,0.07523923367261887,
noctx,arbnet_density,2019-08-29,0.0024196666199713945,0.03162318095564842,0.008326422423124313,
noctx,arbnet_density,2019-08-30,1.1214101505174767e-06,0.031001511961221695,0.023862700909376144,
noctx,arbnet_density,2019-09-03,0.0015442651929333806,0.03492605686187744,0.023064756765961647,
noctx,arbnet_density,2019-09-04,0.0026790667325258255,0.028811892494559288,0.05473552644252777,
noctx,arbnet_density,2019-09-05,1.891217948468693e-06,0.03762935847043991,0.020378706976771355,
noctx,arbnet_density,2019-09-06,1.5007138244982343e-05,0.03406801447272301,0.027305830270051956,
noctx,arbnet_density,2019-09-09,1.237447122548474e-05,0.03276278078556061,0.04591848701238632,
noctx,arbnet_density,2019-09-11,2.9534687655541347e-06,0.034659892320632935,0.006651157978922129,
noctx,arbnet_density,2019-09-12,4.215769877191633e-05,0.02996635064482689,0.011921752244234085,
noctx,arbnet_density,2019-09-13,0.0024996402207762003,0.02074212208390236,0.064139723777771,
noctx,arbnet_density,2019-09-16,0.0029746268410235643,0.025409746915102005,0.013776883482933044,
noctx,arbnet_density,2019-09-17,0.0024684935342520475,0.029243912547826767,0.013491237536072731,
noctx,arbnet_density,2019-09-18,0.002528392244130373,0.030558878555893898,0.0017311226110905409,
noctx,arbnet_density,2019-09-19,0.0004097812343388796,0.02361871860921383,0.07558919489383698,
noctx,arbnet_density,2019-09-20,0.0038303674664348364,0.06817438453435898,0.035021282732486725,
noctx,arbnet_density,2019-09-23,0.0032676123082637787,0.08857084810733795,0.007419955916702747,
noctx,arbnet_density,2019-09-24,0.003387957811355591,0.0744469165802002,0.051858365535736084,
noctx,arbnet_density,2019-09-25,0.002951848553493619,0.07398364692926407,0.00815565139055252,
noctx,arbnet_density,2019-09-26,9.337664960185066e-05,0.0434744767844677,0.3467227816581726,
noctx,arbnet_density,2019-09-27,4.923151664115721e-06,0.06971817463636398,0.0310035552829504,
noctx,arbnet_density,2019-09-30,0.0053093587048351765,0.06137152761220932,0.019940098747611046,
noctx,arbnet_density,2019-10-01,1.1124879165436141e-05,0.06866095215082169,0.09372231364250183,
noctx,arbnet_density,2019-10-03,0.005818122066557407,0.05415307730436325,0.02367924340069294,
noctx,arbnet_density,2019-10-04,1.1192238162038848e-05,0.06169000267982483,0.10340490192174911,
noctx,arbnet_density,2019-10-07,0.004112108610570431,0.06105297431349754,0.002456764690577984,
noctx,arbnet_density,2019-10-09,4.591308425005991e-06,0.05685526877641678,0.12519703805446625,
noctx,arbnet_density,2019-10-10,0.004685327410697937,0.04976809024810791,0.03275802731513977,
noctx,arbnet_density,2019-10-11,2.598640276119113e-05,0.05050717666745186,0.1259070336818695,
noctx,arbnet_density,2019-10-14,7.032475224377777e-08,0.058233704417943954,0.00266934372484684,
noctx,arbnet_density,2019-10-15,3.361128051437845e-07,0.05741773545742035,0.00230531208217144,
noctx,arbnet_density,2019-10-16,2.0073566702194512e-05,0.03758610785007477,0.13869120180606842,
noctx,arbnet_density,2019-10-17,5.414460611063987e-05,0.050836287438869476,0.00108680734410882,
noctx,arbnet_density,2019-10-18,5.648207661579363e-07,0.04433111473917961,0.09514997899532318,
noctx,arbnet_density,2019-10-22,3.789211041294038e-05,0.05164752155542374,0.0032292890828102827,
noctx,arbnet_density,2019-10-23,9.290926755056717e-06,0.048015397042036057,0.007108127698302269,
noctx,arbnet_density,2019-10-24,0.0038595586083829403,0.04086717218160629,0.008219280280172825,
noctx,arbnet_density,2019-10-25,2.104983650497161e-05,0.029977142810821533,0.1090727224946022,
noctx,arbnet_density,2019-10-29,1.0096850928675849e-05,0.03676123917102814,0.06869959086179733,
noctx,arbnet_density,2019-10-30,1.004474688670598e-05,0.03518766909837723,0.06235888972878456,
noctx,arbnet_density,2019-10-31,4.1609546315157786e-05,0.024831008166074753,0.11789537966251373,
noctx,arbnet_density,2019-11-01,1.8194639778812416e-05,0.028738422319293022,0.0498088039457798,
noctx,arbnet_density,2019-11-04,8.954390068538487e-06,0.03397679328918457,0.019386272877454758,
noctx,arbnet_density,2019-11-05,3.383455259609036e-05,0.027132919058203697,0.043708983808755875,
noctx,arbnet_density,2019-11-06,1.8305916455574334e-05,0.02891342155635357,0.029767265543341637,
noctx,arbnet_density,2019-11-07,2.153213472411153e-06,0.02598031796514988,0.036047786474227905,
noctx,arbnet_density,2019-11-08,1.4967300558055285e-05,0.028222830966114998,0.027992604300379753,
noctx,arbnet_density,2019-11-11,1.468733353249263e-05,0.02809610217809677,0.014555553905665874,
noctx,arbnet_density,2019-11-13,1.3189380297262687e-05,0.027094192802906036,0.015294817276299,
noctx,arbnet_density,2019-11-14,0.0024581027682870626,0.01796124503016472,0.0473591573536396,
noctx,arbnet_density,2019-11-15,0.0039520650170743465,0.01842019148170948,0.03750762715935707,
noctx,arbnet_density,2019-11-18,0.0032531891483813524,0.01842137612402439,0.028148625046014786,
noctx,arbnet_density,2019-11-19,0.0026858479250222445,0.016209205612540245,0.03894932568073273,
noctx,arbnet_density,2019-11-20,0.0027466120664030313,0.01638801023364067,0.030614597722887993,
noctx,arbnet_density,2019-11-21,4.6024651965126395e-06,0.019754964858293533,0.015014110133051872,
noctx,arbnet_density,2019-11-22,0.0024329067673534155,0.01261549349874258,0.044814057648181915,
noctx,arbnet_density,2019-11-25,0.0023599937558174133,0.019609352573752403,0.014759494923055172,
noctx,arbnet_density,2019-11-26,0.0019764150492846966,0.018360914662480354,0.016345690935850143,
noctx,arbnet_density,2019-11-27,0.0019127012928947806,0.014106054790318012,0.04747621342539787,
noctx,arbnet_density,2019-11-28,7.560151971119922e-07,0.018209440633654594,0.015820007771253586,
noctx,arbnet_density,2019-11-29,3.000397737196181e-05,0.017528194934129715,0.024608807638287544,
noctx,arbnet_density,2019-12-02,7.10663698555436e-06,0.01979435794055462,0.008389633148908615,
noctx,arbnet_density,2019-12-03,0.0023393742740154266,0.014247408136725426,0.024350138381123543,
noctx,arbnet_density,2019-12-04,0.0021081974264234304,0.013974999077618122,0.02462252788245678,
noctx,arbnet_density,2019-12-05,0.001419890788383782,0.01235136203467846,0.021859632804989815,
noctx,arbnet_density,2019-12-06,0.001457081874832511,0.013781588524580002,0.020461326465010643,
noctx,arbnet_density,2019-12-09,0.0018837190000340343,0.012475247494876385,0.023767618462443352,
noctx,arbnet_density,2019-12-10,0.001996434759348631,0.013542049564421177,0.020912744104862213,
noctx,arbnet_density,2019-12-11,0.0019209664314985275,0.012381672859191895,0.02305544540286064,
noctx,arbnet_density,2019-12-12,0.0021238152403384447,0.011914532631635666,0.021829182282090187,
noctx,arbnet_density,2019-12-13,0.00221460429020226,0.012390201911330223,0.024149157106876373,
noctx,arbnet_density,2019-12-16,0.0020489951130002737,0.012407910078763962,0.023615552112460136,
noctx,arbnet_density,2019-12-17,0.002097664400935173,0.013097223825752735,0.019871609285473824,
noctx,arbnet_density,2019-12-18,0.0017241771565750241,0.010983981192111969,0.03512140363454819,
noctx,arbnet_density,2019-12-19,1.2210643944854382e-06,0.013989849016070366,0.020124215632677078,
noctx,arbnet_density,2019-12-20,0.0018939076690003276,0.008836688473820686,0.03713433817028999,
noctx,arbnet_density,2019-12-23,0.0017852983437478542,0.009640688076615334,0.029108474031090736,
noctx,arbnet_density,2019-12-24,0.0015981525648385286,0.00834655947983265,0.04113712161779404,
noctx,arbnet_density,2019-12-26,0.0017328172689303756,0.0076125431805849075,0.05000190809369087,
noctx,arbnet_density,2019-12-27,1.6264688383671455e-05,0.013372695073485374,0.022803237661719322,
noctx,arbnet_density,2019-12-30,0.0040884255431592464,0.010692362673580647,0.023021740838885307,
noctx,arbnet_density,2019-12-31,0.00493976753205061,0.01090861763805151,0.024533981457352638,
noctx,arbnet_density,2020-01-01,0.0033189861569553614,0.010245229117572308,0.02551567554473877,
noctx,arbnet_density,2020-01-02,2.3147329102357617e-06,0.013823243789374828,0.01946287229657173,
noctx,arbnet_density,2020-01-03,0.004479220602661371,0.008597293868660927,0.03233892098069191,
noctx,arbnet_density,2020-01-06,0.005373773165047169,0.018249627202749252,0.01712559349834919,
noctx,arbnet_density,2020-01-07,0.005620996467769146,0.015604924410581589,0.031954724341630936,
noctx,arbnet_density,2020-01-08,0.004640753380954266,0.01706286333501339,0.01668783649802208,
noctx,arbnet_density,2020-01-09,0.004522738512605429,0.018741587176918983,0.01911279372870922,
noctx,arbnet_density,2020-01-10,1.1662385077215731e-05,0.017959225922822952,0.04390702024102211,
noctx,arbnet_density,2020-01-13,2.3617838451173156e-05,0.021292513236403465,0.015040886588394642,
noctx,arbnet_density,2020-01-14,7.799949344189372e-06,0.0216250941157341,0.00896521657705307,
noctx,arbnet_density,2020-01-15,1.9968051674368326e-06,0.02038702927529812,0.012256956659257412,
noctx,arbnet_density,2020-01-16,1.7974562069866806e-06,0.016760308295488358,0.030056443065404892,
noctx,arbnet_density,2020-01-17,7.143833045120118e-06,0.017185596749186516,0.019425999373197556,
noctx,arbnet_density,2020-01-20,0.003737097606062889,0.017728524282574654,0.014144886285066605,
noctx,arbnet_density,2020-01-21,0.003821899415925145,0.016281548887491226,0.017816687002778053,
noctx,arbnet_density,2020-01-22,0.0029709336813539267,0.018390091136097908,0.002163057215511799,
noctx,arbnet_density,2020-01-23,0.003457246581092477,0.01739070750772953,0.00835978053510189,
noctx,arbnet_density,2020-01-24,0.004056248348206282,0.015177215449512005,0.014293709769845009,
noctx,arbnet_density,2020-01-27,0.0026871280279010534,0.01878770813345909,0.0024483301676809788,
noctx,arbnet_density,2020-01-28,0.0023925774730741978,0.018310299143195152,0.0023712473921477795,
noctx,arbnet_density,2020-01-29,0.0027954860124737024,0.01756395772099495,0.002906576031818986,
noctx,arbnet_density,2020-01-30,0.002294079167768359,0.015204980038106441,0.015314248390495777,
noctx,arbnet_density,2020-01-31,0.002672310918569565,0.011994008906185627,0.024832241237163544,
noctx,arbnet_density,2020-02-03,2.8511594791780226e-06,0.026685316115617752,0.03228424862027168,
noctx,arbnet_density,2020-02-04,4.039044142700732e-06,0.025632783770561218,0.023304620757699013,
noctx,arbnet_density,2020-02-05,2.3146769763116026e-06,0.017795346677303314,0.056986551731824875,
noctx,arbnet_density,2020-02-06,3.339166596560972e-06,0.023930231109261513,0.015362572856247425,
noctx,arbnet_density,2020-02-07,2.9769554998893e-07,0.01951415464282036,0.033523499965667725,
noctx,arbnet_density,2020-02-10,0.001821324578486383,0.015342747792601585,0.04663514345884323,
noctx,arbnet_density,2020-02-11,5.927383426751476e-06,0.02196497656404972,0.003967774100601673,
noctx,arbnet_density,2020-02-12,1.160543706646422e-05,0.020725874230265617,0.026796093210577965,
noctx,arbnet_density,2020-02-13,4.5878772652940825e-05,0.01414613239467144,0.05279945954680443,
noctx,arbnet_density,2020-02-14,2.8664870114880614e-05,0.02032480575144291,0.0025933547876775265,
noctx,arbnet_density,2020-02-17,0.0024798617232590914,0.017867425456643105,0.003617323702201247,
noctx,arbnet_density,2020-02-18,0.0012519569136202335,0.014780719764530659,0.029756959527730942,
noctx,arbnet_density,2020-02-19,0.0020007274579256773,0.013574548996984959,0.03997243195772171,
noctx,arbnet_density,2020-02-20,4.4052112571080215e-06,0.01871175318956375,0.002731810789555311,
noctx,arbnet_density,2020-02-24,0.0018757542129606009,0.021881410852074623,0.002727329032495618,
noctx,arbnet_density,2020-02-25,0.0021314481273293495,0.017999209463596344,0.032238274812698364,
noctx,arbnet_density,2020-02-26,0.0017410173313692212,0.020222751423716545,0.022210126742720604,
noctx,arbnet_density,2020-02-27,0.0020415193866938353,0.017878904938697815,0.02986636385321617,
noctx,arbnet_density,2020-02-28,0.001200552680529654,0.03579721972346306,0.03961760550737381,
noctx,arbnet_density,2020-03-02,0.0015200974885374308,0.02963675931096077,0.045405272394418716,
noctx,arbnet_density,2020-03-03,0.001717946259304881,0.03559999167919159,0.02027745731174946,
noctx,arbnet_density,2020-03-04,0.0019868146628141403,0.03640091419219971,0.013758145272731781,
noctx,arbnet_density,2020-03-05,0.0029502303805202246,0.033983778208494186,0.025804882869124413,
noctx,arbnet_density,2020-03-06,0.002507820725440979,0.03968099132180214,0.0342794768512249,
noctx,arbnet_density,2020-03-09,0.0007418735767714679,0.07757116109132767,0.008420582860708237,
noctx,arbnet_density,2020-03-11,0.001678001368418336,0.07627486437559128,0.008503502234816551,
noctx,arbnet_density,2020-03-12,0.005008654203265905,0.12086981534957886,0.2583830952644348,
noctx,arbnet_density,2020-03-13,0.003982854075729847,0.1419399082660675,0.18781942129135132,
noctx,arbnet_density,2020-03-16,0.005623138044029474,0.18745239078998566,0.4186455309391022,
noctx,arbnet_density,2020-03-17,0.002927944529801607,0.23417063057422638,0.18595771491527557,
noctx,arbnet_density,2020-03-18,0.0025228974409401417,0.2805376648902893,0.17341399192810059,
noctx,arbnet_density,2020-03-19,0.008507419377565384,0.14044272899627686,0.7252774834632874,
noctx,arbnet_density,2020-03-20,0.004626471549272537,0.2752254903316498,0.2780551612377167,
noctx,arbnet_density,2020-03-23,0.007280288264155388,0.4617972671985626,0.752048671245575,
noctx,arbnet_density,2020-03-24,0.00442326907068491,0.49042588472366333,0.4195096790790558,
noctx,arbnet_density,2020-03-25,0.003563912585377693,0.5743799209594727,0.1475914567708969,
noctx,arbnet_density,2020-03-26,0.007544110994786024,0.3585369884967804,1.2870733737945557,
noctx,arbnet_density,2020-03-27,0.003829076886177063,0.5205227732658386,0.027243515476584435,
noctx,arbnet_density,2020-03-30,0.0096412543207407,0.5092346668243408,0.11666285246610641,
noctx,arbnet_density,2020-03-31,0.0007394112762995064,0.5099502801895142,0.18202003836631775,
noctx,arbnet_density,2020-04-01,1.460863040847471e-05,0.4977250099182129,0.2309110164642334,
noctx,arbnet_density,2020-04-03,3.432898267874407e-07,0.47156935930252075,0.26978838443756104,
noctx,arbnet_density,2020-04-07,1.7272989225602942e-06,0.49188530445098877,0.6871605515480042,
noctx,arbnet_density,2020-04-08,1.4176687557210244e-07,0.4581233263015747,0.5325310230255127,
noctx,arbnet_density,2020-04-09,0.00014127367467153817,0.410124808549881,0.7487446665763855,
noctx,arbnet_density,2020-04-13,8.288288277924494e-09,0.44368159770965576,0.5026360750198364,
noctx,arbnet_density,2020-04-15,6.00236944592325e-07,0.4050308167934418,0.5255750417709351,
noctx,arbnet_density,2020-04-16,2.2137553514767205e-06,0.40514206886291504,0.224787175655365,
noctx,arbnet_density,2020-04-17,6.479637271183947e-09,0.41590315103530884,0.11924301087856293,
noctx,arbnet_density,2020-04-20,1.1862025139919297e-08,0.35484352707862854,0.29744619131088257,
noctx,arbnet_density,2020-04-21,6.91368882144161e-08,0.3515135943889618,0.23775401711463928,
noctx,arbnet_density,2020-04-22,8.544370189156325e-08,0.27685484290122986,0.7613488435745239,
noctx,arbnet_density,2020-04-23,8.929540854296647e-06,0.3141399919986725,0.4829863905906677,
noctx,arbnet_density,2020-04-24,4.994864255536413e-08,0.23654168844223022,0.7012388706207275,
noctx,arbnet_density,2020-04-27,5.3598987506120466e-06,0.3058735728263855,0.24221718311309814,
noctx,arbnet_density,2020-04-28,2.6802976549333835e-07,0.2766314148902893,0.3598763048648834,
noctx,arbnet_density,2020-04-29,1.25605638459092e-05,0.27056750655174255,0.24409189820289612,
noctx,arbnet_density,2020-04-30,8.448087100987323e-06,0.16872084140777588,0.948471188545227,
noctx,arbnet_density,2020-05-04,0.0003093963605351746,0.2745589017868042,0.3342512249946594,
noctx,arbnet_density,2020-05-05,5.647223133564694e-07,0.2783288061618805,0.29143887758255005,
noctx,arbnet_density,2020-05-06,2.4094595573842525e-05,0.24219109117984772,0.24039098620414734,
noctx,arbnet_density,2020-05-07,5.482965470537948e-11,0.26074087619781494,0.047826629132032394,
noctx,arbnet_density,2020-05-08,5.833088607687387e-07,0.18124309182167053,0.4665980935096741,
noctx,arbnet_density,2020-05-11,1.6454621800221503e-05,0.20180611312389374,0.19906410574913025,
noctx,arbnet_density,2020-05-12,1.1597418051678687e-05,0.2177475392818451,0.1861933469772339,
noctx,arbnet_density,2020-05-13,0.00021667481632903218,0.20404231548309326,0.09852563589811325,
noctx,arbnet_density,2020-05-14,1.3594834854302462e-05,0.18551942706108093,0.25657081604003906,
noctx,arbnet_density,2020-05-15,1.3944287502454245e-08,0.19622232019901276,0.17070509493350983,
noctx,arbnet_density,2020-05-18,1.4455325825224463e-08,0.223806232213974,0.0068798791617155075,
noctx,arbnet_density,2020-05-19,1.0027436474047136e-05,0.17774783074855804,0.1683500111103058,
noctx,arbnet_density,2020-05-20,2.1072241906949785e-06,0.17641280591487885,0.22724509239196777,
noctx,arbnet_density,2020-05-21,1.9977567262685625e-06,0.14682024717330933,0.23146434128284454,
noctx,arbnet_density,2020-05-22,0.0002508098550606519,0.13287559151649475,0.31488120555877686,
noctx,arbnet_density,2020-05-26,0.00032330796238966286,0.14212140440940857,0.15975283086299896,
noctx,arbnet_density,2020-05-27,7.292250757018337e-06,0.13056215643882751,0.3622964024543762,
noctx,arbnet_density,2020-05-28,1.9093882031029352e-07,0.14249974489212036,0.09125000238418579,
noctx,arbnet_density,2020-05-29,5.68656241739518e-06,0.12660080194473267,0.2287445217370987,
noctx,arbnet_density,2020-06-01,1.2378299061310827e-06,0.09124404191970825,0.10003000497817993,
noctx,arbnet_density,2020-06-02,6.421901161957067e-07,0.09303928166627884,0.09599313884973526,
noctx,arbnet_density,2020-06-03,2.407074316579383e-05,0.09791285544633865,0.0400506928563118,
noctx,arbnet_density,2020-06-04,7.699594789301045e-06,0.09141278266906738,0.10052747279405594,
noctx,arbnet_density,2020-06-05,6.747742645529797e-06,0.08447308838367462,0.10098296403884888,
noctx,arbnet_density,2020-06-08,5.911783205192478e-07,0.09998291730880737,0.018908001482486725,
noctx,arbnet_density,2020-06-09,1.9751789295696653e-05,0.08663608878850937,0.08249852061271667,
noctx,arbnet_density,2020-06-10,2.5294252736784983e-06,0.08692947030067444,0.08008977770805359,
noctx,arbnet_density,2020-06-11,5.7744614423427265e-06,0.09845472127199173,0.02854088321328163,
noctx,arbnet_density,2020-06-12,3.587050287023885e-06,0.10060153156518936,0.008558696135878563,
noctx,arbnet_density,2020-06-15,0.003107307245954871,0.08833404630422592,0.06633610278367996,
noctx,arbnet_density,2020-06-16,0.003116035368293524,0.0850563794374466,0.06437941640615463,
noctx,arbnet_density,2020-06-17,2.863460758817382e-05,0.09684310853481293,0.04575352370738983,
noctx,arbnet_density,2020-06-18,0.003338858252391219,0.0813433825969696,0.0654890239238739,
noctx,arbnet_density,2020-06-19,4.49379876954481e-06,0.08900831639766693,0.07150586694478989,
noctx,arbnet_density,2020-06-22,1.2899226931040175e-05,0.0866074189543724,0.05086274445056915,
noctx,arbnet_density,2020-06-23,2.407302235951647e-05,0.07085473835468292,0.2012050449848175,
noctx,arbnet_density,2020-06-24,9.713556210044771e-06,0.0733301118016243,0.19300644099712372,
noctx,arbnet_density,2020-06-25,0.00010155637573916465,0.07254323363304138,0.18847933411598206,
noctx,arbnet_density,2020-06-26,1.349446756648831e-05,0.08009518682956696,0.07020734250545502,
noctx,arbnet_density,2020-06-29,1.0800154086609837e-05,0.07270938158035278,0.11412540078163147,
noctx,arbnet_density,2020-06-30,2.497016430424992e-05,0.0744137391448021,0.1139809712767601,
noctx,arbnet_density,2020-07-01,1.491972057010571e-06,0.0798100084066391,0.08199674636125565,
noctx,arbnet_density,2020-07-02,1.6202628103201278e-05,0.07678929716348648,0.12835603952407837,
noctx,arbnet_density,2020-07-03,0.005558767821639776,0.06243256852030754,0.12992645800113678,
noctx,arbnet_density,2020-07-06,4.384568092064001e-05,0.07761557400226593,0.0779547244310379,
noctx,arbnet_density,2020-07-07,6.447076430049492e-06,0.08108766376972198,0.07872502505779266,
noctx,arbnet_density,2020-07-08,2.950073394458741e-07,0.08080964535474777,0.07601171731948853,
noctx,arbnet_density,2020-07-09,7.815545359335374e-06,0.07986181974411011,0.08402872085571289,
noctx,arbnet_density,2020-07-10,4.328417344368063e-05,0.06715164333581924,0.16639761626720428,
noctx,arbnet_density,2020-07-13,4.116621767025208e-06,0.08135010302066803,0.09418345987796783,
noctx,arbnet_density,2020-07-14,1.1316687142937099e-08,0.0794077217578888,0.07892690598964691,
noctx,arbnet_density,2020-07-15,1.4776563261875708e-07,0.08915769308805466,0.029166093096137047,
noctx,arbnet_density,2020-07-16,3.2456343888043193e-06,0.07335907965898514,0.15164919197559357,
noctx,arbnet_density,2020-07-17,5.949447654529649e-07,0.0546567440032959,0.259223610162735,
noctx,arbnet_density,2020-07-20,4.477621132537024e-06,0.08718082308769226,0.02284584380686283,
noctx,arbnet_density,2020-07-21,0.003493715077638626,0.0530494749546051,0.24215587973594666,
noctx,arbnet_density,2020-07-22,4.548300694295904e-06,0.07154404371976852,0.11522072553634644,
noctx,arbnet_density,2020-07-23,8.9236682470073e-06,0.0607878677546978,0.19172467291355133,
noctx,arbnet_density,2020-07-24,0.00021079357247799635,0.05385764688253403,0.2512035667896271,
noctx,arbnet_density,2020-07-27,4.8361398512497544e-06,0.07138035446405411,0.13766448199748993,
noctx,arbnet_density,2020-07-28,1.465232708142139e-05,0.06457654386758804,0.1591440737247467,
noctx,arbnet_density,2020-07-29,0.00019527546828612685,0.06427868455648422,0.20044735074043274,
noctx,arbnet_density,2020-07-30,8.689718015375547e-06,0.06029495969414711,0.22899502515792847,
noctx,arbnet_density,2020-07-31,7.240105333039537e-06,0.07811931520700455,0.06212576851248741,
noctx,arbnet_density,2020-08-03,2.997649914959766e-07,0.08115024864673615,0.06928693503141403,
noctx,arbnet_density,2020-08-04,7.995372470759321e-07,0.07202988117933273,0.12130763381719589,
noctx,arbnet_density,2020-08-05,4.05403261538595e-06,0.06830143183469772,0.09629613906145096,
noctx,arbnet_density,2020-08-06,1.5499223309234367e-06,0.06991533190011978,0.13298410177230835,
noctx,arbnet_density,2020-08-07,4.102819730178453e-06,0.061284683644771576,0.16267405450344086,
noctx,arbnet_density,2020-08-10,5.242371480562724e-05,0.06490009278059006,0.1427747905254364,
noctx,arbnet_density,2020-08-11,1.319279363087844e-06,0.0692482739686966,0.0779423639178276,
noctx,arbnet_density,2020-08-12,1.3124544295806118e-07,0.0816740170121193,0.03548669070005417,
noctx,arbnet_density,2020-08-13,8.297386102640303e-07,0.0831812247633934,0.010226431302726269,
noctx,arbnet_density,2020-08-14,4.810947211808525e-05,0.0639520213007927,0.15577200055122375,
noctx,arbnet_density,2020-08-17,7.91656129877083e-05,0.06840889900922775,0.13323570787906647,
noctx,arbnet_density,2020-08-18,2.272046685902751e-06,0.07604634761810303,0.00781203480437398,
noctx,arbnet_density,2020-08-19,2.188615553677664e-06,0.07873057574033737,0.007220117375254631,
noctx,arbnet_density,2020-08-20,0.003842173609882593,0.07014530897140503,0.002844027942046523,
noctx,arbnet_density,2020-08-21,1.205686385219451e-05,0.06896157562732697,0.05961468815803528,
noctx,arbnet_density,2020-08-24,0.003121620276942849,0.06702764332294464,0.027725135907530785,
noctx,arbnet_density,2020-08-25,8.243599950219505e-06,0.07590065151453018,0.01261162105947733,
noctx,arbnet_density,2020-08-26,4.2521340219536796e-05,0.0400221161544323,0.31258898973464966,
noctx,arbnet_density,2020-08-27,3.7294125831977e-06,0.06896334141492844,0.019544342532753944,
noctx,arbnet_density,2020-08-28,5.778314061899437e-06,0.06695184111595154,0.10014154016971588,
noctx,arbnet_density,2020-08-31,5.1101674216624815e-06,0.07471546530723572,0.05598320811986923,
noctx,arbnet_density,2020-09-01,0.0031084269285202026,0.06341046094894409,0.05009686201810837,
noctx,arbnet_density,2020-09-02,2.2771813746658154e-05,0.07181013375520706,0.08786800503730774,
noctx,arbnet_density,2020-09-03,0.004047765862196684,0.052959270775318146,0.08975668996572495,
noctx,arbnet_density,2020-09-04,2.9720285965595394e-05,0.06383468955755234,0.10425423830747604,
noctx,arbnet_density,2020-09-07,4.946719127474353e-05,0.07321561872959137,0.0797727033495903,
noctx,arbnet_density,2020-09-08,2.7735932235373184e-06,0.072712741792202,0.08154430985450745,
noctx,arbnet_density,2020-09-09,3.048144890271942e-06,0.0731736496090889,0.06556548178195953,
noctx,arbnet_density,2020-09-10,2.6336012524552643e-05,0.07049190998077393,0.09076815098524094,
noctx,arbnet_density,2020-09-11,1.0659800864232238e-05,0.053825750946998596,0.1584538221359253,
noctx,arbnet_density,2020-09-14,1.1759102562791668e-05,0.07835554331541061,0.011398937553167343,
noctx,arbnet_density,2020-09-15,7.388727681245655e-06,0.07399912923574448,0.03046148642897606,
noctx,arbnet_density,2020-09-16,2.182507341785822e-05,0.059199780225753784,0.09423545747995377,
noctx,arbnet_density,2020-09-17,6.504409611807205e-06,0.05114424601197243,0.1742917150259018,
noctx,arbnet_density,2020-09-18,1.3522391100195819e-06,0.06293471902608871,0.10933572798967361,
noctx,arbnet_density,2020-09-21,4.059646016685292e-06,0.06843040883541107,0.031939297914505005,
noctx,arbnet_density,2020-09-22,5.616673661279492e-05,0.07115110754966736,0.010711020790040493,
noctx,arbnet_density,2020-09-23,0.0024626548402011395,0.06297183781862259,0.014501770958304405,
noctx,arbnet_density,2020-09-24,0.001985089387744665,0.04719993472099304,0.18017908930778503,
noctx,arbnet_density,2020-09-25,4.549696313915774e-06,0.04892835393548012,0.22733017802238464,
noctx,arbnet_density,2020-09-28,5.4277334129437804e-05,0.04938019439578056,0.22926302254199982,
noctx,arbnet_density,2020-09-29,1.7539105101604946e-05,0.03463864326477051,0.344008207321167,
noctx,arbnet_density,2020-09-30,4.139405518799322e-06,0.046499866992235184,0.24697452783584595,
noctx,arbnet_density,2020-10-01,0.003279890399426222,0.057745758444070816,0.011323030106723309,
noctx,arbnet_density,2020-10-05,7.876158747421869e-08,0.07176971435546875,0.002290460281074047,
noctx,arbnet_density,2020-10-06,6.090848501116852e-07,0.05434231832623482,0.15058210492134094,
noctx,arbnet_density,2020-10-07,6.15407088844222e-06,0.07146884500980377,0.014327382668852806,
noctx,arbnet_density,2020-10-08,5.428533768281341e-06,0.06942527741193771,0.0020551574416458607,
noctx,arbnet_density,2020-10-09,2.1548639779211953e-05,0.05109748989343643,0.14846555888652802,
noctx,arbnet_density,2020-10-12,0.004236454609781504,0.06201738864183426,0.003060542279854417,
noctx,arbnet_density,2020-10-13,1.855382947724138e-06,0.06659773737192154,0.07911980152130127,
noctx,arbnet_density,2020-10-14,1.7338606994599104e-06,0.04909460246562958,0.1583869457244873,
noctx,arbnet_density,2020-10-15,0.002789492020383477,0.045119017362594604,0.1646175980567932,
noctx,arbnet_density,2020-10-16,0.0045162383466959,0.06197173148393631,0.008726940490305424,
noctx,arbnet_density,2020-10-19,0.003315453417599201,0.06568890810012817,0.0015634549781680107,
noctx,arbnet_density,2020-10-20,0.003101545386016369,0.06610134989023209,0.0011703000636771321,
noctx,arbnet_density,2020-10-21,0.0031782183796167374,0.06427939981222153,0.0017168059712275863,
noctx,arbnet_density,2020-10-22,0.003669519443064928,0.06224120780825615,0.0026249918155372143,
noctx,arbnet_density,2020-10-23,0.003565683960914612,0.0595565140247345,0.018579712137579918,
noctx,arbnet_density,2020-10-26,0.0027007637545466423,0.06429143995046616,0.001671746838837862,
noctx,arbnet_density,2020-10-27,0.002875296398997307,0.060750268399715424,0.004461904056370258,
noctx,arbnet_density,2020-10-28,1.2611965757969301e-05,0.05514364317059517,0.14483310282230377,
noctx,arbnet_density,2020-10-29,0.00221912725828588,0.04844162240624428,0.16481523215770721,
noctx,arbnet_density,2020-10-30,0.0032190235797315836,0.05561089515686035,0.05997658893465996,
noctx,arbnet_density,2020-11-02,0.002730020321905613,0.055172137916088104,0.06361321359872818,
noctx,arbnet_density,2020-11-03,0.002864673500880599,0.052847880870103836,0.07061248272657394,
noctx,arbnet_density,2020-11-04,1.3862288597010775e-06,0.06921007484197617,0.0247537512332201,
noctx,arbnet_density,2020-11-05,6.8478618331369034e-09,0.05270560458302498,0.10124127566814423,
noctx,arbnet_density,2020-11-06,6.699191885672917e-07,0.05397078022360802,0.13090604543685913,
noctx,arbnet_density,2020-11-09,9.918662726704497e-07,0.05896539241075516,0.041386425495147705,
noctx,arbnet_density,2020-11-10,0.003499767743051052,0.05921616032719612,0.03067963384091854,
noctx,arbnet_density,2020-11-11,2.7613999918685295e-05,0.05571550503373146,0.09258392453193665,
noctx,arbnet_density,2020-11-12,3.201062554580858e-06,0.053112469613552094,0.09759151190519333,
noctx,arbnet_density,2020-11-13,4.726176484837197e-05,0.061446961015462875,0.07893119752407074,
noctx,arbnet_density,2020-11-17,4.9901645979844034e-05,0.05936477705836296,0.03505472093820572,
noctx,arbnet_density,2020-11-18,3.951604412577581e-06,0.06713634729385376,0.013935461640357971,
noctx,arbnet_density,2020-11-19,0.002599801868200302,0.035629987716674805,0.19327527284622192,
noctx,arbnet_density,2020-11-20,8.830612046040187e-07,0.05366745591163635,0.12840333580970764,
noctx,arbnet_density,2020-11-23,8.699813406565227e-06,0.05367153137922287,0.08329446613788605,
noctx,arbnet_density,2020-11-24,8.017945947358385e-05,0.050505779683589935,0.14723601937294006,
noctx,arbnet_density,2020-11-25,0.0035647826734930277,0.05774471163749695,0.0048934826627373695,
noctx,arbnet_density,2020-11-26,0.0036463281139731407,0.05269081890583038,0.02046283707022667,
noctx,arbnet_density,2020-11-27,3.030067091458477e-06,0.05243748053908348,0.10484382510185242,
noctx,arbnet_density,2020-12-01,1.364028958050767e-05,0.05654360353946686,0.0744544118642807,
noctx,arbnet_density,2020-12-02,5.593708010565024e-06,0.05009172484278679,0.12090586125850677,
noctx,arbnet_density,2020-12-03,4.267635631549638e-06,0.04636571183800697,0.13386857509613037,
noctx,arbnet_density,2020-12-04,6.906487328706135e-07,0.0483374148607254,0.10065966844558716,
noctx,arbnet_density,2020-12-07,4.500272098084679e-06,0.05228477716445923,0.11381904035806656,
noctx,arbnet_density,2020-12-08,9.992476407205686e-06,0.049496281892061234,0.12782198190689087,
noctx,arbnet_density,2020-12-09,6.536626460729167e-05,0.05007559061050415,0.0845021978020668,
noctx,arbnet_density,2020-12-10,0.00010746355837909505,0.052640095353126526,0.10483003407716751,
noctx,arbnet_density,2020-12-11,2.8144866519141942e-05,0.03813732787966728,0.1690889596939087,
noctx,arbnet_density,2020-12-14,5.005541243008338e-05,0.0425669364631176,0.15335823595523834,
noctx,arbnet_density,2020-12-15,2.25483781832736e-05,0.047728922218084335,0.08740516006946564,
noctx,arbnet_density,2020-12-16,6.394010597432498e-06,0.04232240095734596,0.12992434203624725,
noctx,arbnet_density,2020-12-17,6.172991561470553e-06,0.051250673830509186,0.09223804622888565,
noctx,arbnet_density,2020-12-18,6.867444426461589e-07,0.03162778913974762,0.21854811906814575,
noctx,arbnet_density,2020-12-21,0.0017394910100847483,0.054248496890068054,0.058112457394599915,
noctx,arbnet_density,2020-12-22,2.44588572968496e-05,0.05458952486515045,0.0911678671836853,
noctx,arbnet_density,2020-12-23,8.986164175439626e-06,0.04549963399767876,0.13939465582370758,
noctx,arbnet_density,2020-12-24,6.579153705388308e-05,0.04620659351348877,0.15240129828453064,
noctx,arbnet_density,2020-12-28,0.003611692227423191,0.046977631747722626,0.07773434370756149,
noctx,arbnet_density,2020-12-29,2.910892817453714e-06,0.05836841091513634,0.03505813702940941,
noctx,arbnet_density,2020-12-30,2.9934460599179147e-06,0.05681169405579567,0.06330381333827972,
noctx,arbnet_density,2020-12-31,5.622309345199028e-06,0.05684003606438637,0.03769177570939064,
noctx,arbnet_density,2021-01-01,3.9517931327281985e-06,0.046713557094335556,0.11520010232925415,
noctx,arbnet_density,2021-01-04,5.499920462170849e-06,0.05402909964323044,0.060893334448337555,
noctx,arbnet_density,2021-01-05,3.9317105802183505e-06,0.049447011202573776,0.09918422251939774,
noctx,arbnet_density,2021-01-06,3.395752173673827e-06,0.05513114482164383,0.0691136047244072,
noctx,arbnet_density,2021-01-07,1.808416891435627e-05,0.05419432744383812,0.07122623920440674,
noctx,arbnet_density,2021-01-08,1.4045765965420287e-05,0.0537436380982399,0.058507248759269714,
noctx,arbnet_density,2021-01-11,3.275082463005674e-06,0.04773348942399025,0.11103297770023346,
noctx,arbnet_density,2021-01-12,1.6931319350987906e-06,0.06147018074989319,0.011794276535511017,
noctx,arbnet_density,2021-01-13,2.60113702097442e-05,0.055471841245889664,0.06037639081478119,
noctx,arbnet_density,2021-01-14,1.2521875760285184e-05,0.05686376616358757,0.046778853982686996,
noctx,arbnet_density,2021-01-15,0.0016886217053979635,0.051437463611364365,0.05853898823261261,
noctx,arbnet_density,2021-01-18,1.720793079584837e-05,0.062143996357917786,0.0016759766731411219,
noctx,arbnet_density,2021-01-19,0.002924000844359398,0.04800301417708397,0.07619456946849823,
noctx,arbnet_density,2021-01-20,2.250087163702119e-06,0.04672582074999809,0.1110304445028305,
noctx,arbnet_density,2021-01-21,0.0020638774149119854,0.05410335585474968,0.0057234265841543674,
noctx,arbnet_density,2021-01-22,4.451112181413919e-05,0.05870307609438896,0.011699183844029903,
noctx,arbnet_density,2021-01-25,0.0011714061256498098,0.053288571536540985,0.04162560775876045,
noctx,arbnet_density,2021-01-27,0.0013942482182756066,0.05701116472482681,0.002499468857422471,
noctx,arbnet_density,2021-01-28,0.0012225753162056208,0.051094043999910355,0.021318094804883003,
noctx,arbnet_density,2021-01-29,0.001427631126716733,0.0441879965364933,0.060314565896987915,
noctx,arbnet_density,2021-02-01,0.0029195735696703196,0.049351759254932404,0.048253510147333145,
noctx,arbnet_density,2021-02-02,0.00012607354437932372,0.0581856444478035,0.04787810891866684,
noctx,arbnet_density,2021-02-03,6.57192686048802e-07,0.06207481026649475,0.016159027814865112,
noctx,arbnet_density,2021-02-04,1.3348196148399438e-07,0.04691043123602867,0.09693436324596405,
noctx,arbnet_density,2021-02-05,9.385714292875491e-06,0.052778780460357666,0.07381794601678848,
noctx,arbnet_density,2021-02-08,4.6239907533163205e-05,0.053177107125520706,0.07149533927440643,
noctx,arbnet_density,2021-02-09,8.088689355645329e-06,0.055037930607795715,0.05090580880641937,
noctx,arbnet_density,2021-02-10,7.209961040643975e-06,0.05139044672250748,0.07298243045806885,
noctx,arbnet_density,2021-02-11,1.0785121276057907e-06,0.05102952942252159,0.06366287171840668,
noctx,arbnet_density,2021-02-12,6.560612746397965e-06,0.05330401286482811,0.051047585904598236,
noctx,arbnet_density,2021-02-15,6.343549466691911e-05,0.047360725700855255,0.09875323623418808,
noctx,arbnet_density,2021-02-16,8.305954906973056e-06,0.046061307191848755,0.10753397643566132,
noctx,arbnet_density,2021-02-17,1.0851480283236015e-06,0.0585479773581028,0.012886673212051392,
noctx,arbnet_density,2021-02-18,1.0721654462031438e-06,0.04232214391231537,0.13382938504219055,
noctx,arbnet_density,2021-02-19,5.836330387865019e-07,0.055162448436021805,0.026518618687987328,
noctx,arbnet_density,2021-02-22,0.00274868868291378,0.05495129153132439,0.020210811868309975,
noctx,arbnet_density,2021-02-23,1.5717764654255006e-06,0.060727521777153015,0.004529392812401056,
noctx,arbnet_density,2021-02-24,7.183623529272154e-05,0.05972995236515999,0.00947926752269268,
noctx,arbnet_density,2021-02-25,0.0027326776180416346,0.04149801284074783,0.11692430078983307,
noctx,arbnet_density,2021-02-26,0.0022976314648985863,0.05422810837626457,0.029631420969963074,
noctx,arbnet_density,2021-03-01,2.3070840597938513e-06,0.07639139890670776,0.0654338076710701,
noctx,arbnet_density,2021-03-02,7.628115099578281e-07,0.07151595503091812,0.09770935773849487,
noctx,arbnet_density,2021-03-03,1.9667684227897553e-06,0.07011816650629044,0.03330615535378456,
noctx,arbnet_density,2021-03-04,2.3575473733217223e-06,0.07318773120641708,0.08405309170484543,
noctx,arbnet_density,2021-03-05,2.725054457641818e-07,0.07313612848520279,0.06290750950574875,
noctx,arbnet_density,2021-03-08,4.588434603647329e-05,0.07469813525676727,0.06681648641824722,
noctx,arbnet_density,2021-03-09,2.0161678548902273e-06,0.0766913890838623,0.01295569445937872,
noctx,arbnet_density,2021-03-10,1.561814315209631e-05,0.06396637111902237,0.12375170737504959,
noctx,arbnet_density,2021-03-12,5.794237495138077e-06,0.07637222111225128,0.00397624634206295,
noctx,arbnet_density,2021-03-15,0.0019270647317171097,0.07173699885606766,0.01710350438952446,
noctx,arbnet_density,2021-03-16,0.0017732585547491908,0.05958666652441025,0.12239556014537811,
noctx,arbnet_density,2021-03-17,0.0022465616930276155,0.05879232659935951,0.12719236314296722,
noctx,arbnet_density,2021-03-18,0.0017788013210520148,0.06870673596858978,0.010718857869505882,
noctx,arbnet_density,2021-03-19,6.228170241229236e-05,0.06801573932170868,0.05027564615011215,
noctx,arbnet_density,2021-03-22,5.9531415899982676e-05,0.06832988560199738,0.03605850040912628,
noctx,arbnet_density,2021-03-23,0.00206921249628067,0.05434158444404602,0.16462108492851257,
noctx,arbnet_density,2021-03-24,8.783997600403382e-07,0.07533900439739227,0.006902615074068308,
noctx,arbnet_density,2021-03-25,0.002863900735974312,0.06764726340770721,0.010764852166175842,
noctx,arbnet_density,2021-03-26,7.817651203367859e-05,0.06449431926012039,0.059595152735710144,
noctx,arbnet_density,2021-03-31,2.2706504751113243e-05,0.07140516489744186,0.041613537818193436,
noctx,arbnet_density,2021-04-01,2.0139482330705505e-06,0.057478658854961395,0.11377475410699844,
noctx,arbnet_density,2021-04-05,8.294294821098447e-05,0.06202542036771774,0.10117883235216141,
noctx,arbnet_density,2021-04-06,7.709622877882794e-06,0.06766891479492188,0.05142423138022423,
noctx,arbnet_density,2021-04-07,4.81957840747782e-06,0.06439695507287979,0.06050775200128555,
noctx,arbnet_density,2021-04-08,8.367021109734196e-06,0.061261579394340515,0.12653788924217224,
noctx,arbnet_density,2021-04-09,2.9063048714306206e-05,0.06745347380638123,0.07653628289699554,
noctx,arbnet_density,2021-04-12,0.002510352525860071,0.05812497437000275,0.11606308072805405,
noctx,arbnet_density,2021-04-13,6.276650310610421e-07,0.07643087953329086,0.01568903774023056,
noctx,arbnet_density,2021-04-15,2.3097563826013356e-06,0.05031619593501091,0.19054238498210907,
noctx,arbnet_density,2021-04-16,1.855044388321403e-06,0.06510185450315475,0.11526961624622345,
noctx,arbnet_density,2021-04-19,3.08385060634464e-05,0.07429191470146179,0.015197418630123138,
noctx,arbnet_density,2021-04-20,9.68295062193647e-05,0.07665770500898361,0.0020538251847028732,
noctx,arbnet_density,2021-04-22,0.003775903722271323,0.06086980551481247,0.047416891902685165,
noctx,arbnet_density,2021-04-23,1.7567418808539514e-06,0.06652860343456268,0.10132673382759094,
noctx,arbnet_density,2021-04-26,1.9442739358055405e-05,0.06425007432699203,0.08677413314580917,
noctx,arbnet_density,2021-04-27,4.4327009618427837e-07,0.06406667828559875,0.11894509941339493,
noctx,arbnet_density,2021-04-28,7.985426236700732e-06,0.07044601440429688,0.02204328402876854,
noctx,arbnet_density,2021-04-29,9.792575838218909e-06,0.07022764533758163,0.032788973301649094,
noctx,arbnet_density,2021-04-30,8.878327207639813e-06,0.0743747353553772,0.03619171679019928,
noctx,arbnet_density,2021-05-03,1.2947228242410347e-05,0.07208716869354248,0.05733928084373474,
noctx,arbnet_density,2021-05-04,3.447715062065981e-05,0.0692010372877121,0.07112574577331543,
noctx,arbnet_density,2021-05-05,1.0760181794466916e-05,0.07431523501873016,0.01906771771609783,
noctx,arbnet_density,2021-05-06,1.5491922340515885e-06,0.05928162857890129,0.10570936650037766,
noctx,arbnet_density,2021-05-07,7.199873834906612e-07,0.06372638791799545,0.09756161272525787,
noctx,arbnet_density,2021-05-10,2.1950208974885754e-06,0.06640512496232986,0.08670463413000107,
noctx,arbnet_density,2021-05-11,3.9044261939125136e-06,0.05630696937441826,0.12601913511753082,
noctx,arbnet_density,2021-05-12,3.50585141859483e-05,0.06716713309288025,0.02997034229338169,
noctx,arbnet_density,2021-05-14,5.470508767757565e-06,0.05564931407570839,0.094095379114151,
noctx,arbnet_density,2021-05-17,2.7436485652287956e-06,0.05240955948829651,0.17161881923675537,
noctx,arbnet_density,2021-05-18,6.624902016483247e-05,0.06728747487068176,0.008066094480454922,
noctx,arbnet_density,2021-05-19,5.403888394539536e-07,0.06254175305366516,0.03309939429163933,
noctx,arbnet_density,2021-05-20,1.0072986697196029e-05,0.05842740088701248,0.06378054618835449,
noctx,arbnet_density,2021-05-21,2.449580279062502e-05,0.064877450466156,0.032769862562417984,
noctx,arbnet_density,2021-05-24,1.482803895669349e-06,0.06657455861568451,0.011152872815728188,
noctx,arbnet_density,2021-05-25,2.817520453390898e-06,0.06470110267400742,0.014310956932604313,
noctx,arbnet_density,2021-05-26,1.8593318600323983e-05,0.038055576384067535,0.26430052518844604,
noctx,arbnet_density,2021-05-27,3.3864760098367697e-06,0.0649833232164383,0.012194541282951832,
noctx,arbnet_density,2021-05-28,3.417319248910644e-06,0.04877530410885811,0.15246066451072693,
noctx,arbnet_density,2021-05-31,1.0913853429883602e-06,0.046511005610227585,0.12285664677619934,
noctx,arbnet_density,2021-06-01,1.3579981441580458e-06,0.060430362820625305,0.021651264280080795,
noctx,arbnet_density,2021-06-02,4.822398409487505e-07,0.052218567579984665,0.1344165951013565,
noctx,arbnet_density,2021-06-03,2.6459458695171634e-06,0.050802040845155716,0.14952273666858673,
noctx,arbnet_density,2021-06-04,8.135186817526119e-07,0.06606009602546692,0.0061076972633600235,
noctx,arbnet_density,2021-06-07,5.884402526135091e-06,0.05511811748147011,0.1248350515961647,
noctx,arbnet_density,2021-06-08,5.697943379345816e-06,0.05731116235256195,0.01634150929749012,
noctx,arbnet_density,2021-06-09,7.808300324541051e-06,0.054483745247125626,0.12155815958976746,
noctx,arbnet_density,2021-06-10,8.713208444532938e-06,0.05507402494549751,0.023716144263744354,
noctx,arbnet_density,2021-06-11,8.130386959237512e-06,0.03845857083797455,0.18871644139289856,
noctx,arbnet_density,2021-06-14,1.6036747183534317e-06,0.051139168441295624,0.14183351397514343,
noctx,arbnet_density,2021-06-15,3.541290061548352e-05,0.04708149656653404,0.1601029485464096,
noctx,arbnet_density,2021-06-16,0.00011066837760154158,0.037311356514692307,0.2005944699048996,
noctx,arbnet_density,2021-06-17,1.0197826668445487e-05,0.06131044402718544,0.004209591541439295,
noctx,arbnet_density,2021-06-18,9.186410352413077e-06,0.05471121519804001,0.024611586704850197,
noctx,arbnet_density,2021-06-21,9.880017751129344e-05,0.029012227430939674,0.2704869508743286,
noctx,arbnet_density,2021-06-22,2.622521606099326e-06,0.03617218881845474,0.2325795590877533,
noctx,arbnet_density,2021-06-23,5.2666546253021806e-05,0.045119743794202805,0.1753726601600647,
noctx,arbnet_density,2021-06-24,1.7783894179501658e-07,0.05581296980381012,0.005439888220280409,
noctx,arbnet_density,2021-06-25,0.001670563593506813,0.05071919038891792,0.0034800206776708364,
noctx,arbnet_density,2021-06-28,1.4017064131621737e-05,0.04339085519313812,0.07458650320768356,
noctx,arbnet_density,2021-06-29,0.00015073503891471773,0.0532345175743103,0.006851390469819307,
noctx,arbnet_density,2021-06-30,2.7135190975968726e-05,0.04783519357442856,0.016070924699306488,
noctx,arbnet_density,2021-07-01,5.2233885071473196e-05,0.02564225345849991,0.32585442066192627,
noctx,arbnet_density,2021-07-02,2.9473034373950213e-05,0.049210526049137115,0.0014917724765837193,
noctx,arbnet_density,2021-07-05,1.69999802892562e-05,0.03099694289267063,0.17418807744979858,
noctx,arbnet_density,2021-07-06,3.610700150602497e-05,0.03266091272234917,0.16778349876403809,
noctx,arbnet_density,2021-07-07,3.93570644519059e-06,0.05358906462788582,0.0010345790069550276,
noctx,arbnet_density,2021-07-08,2.126784238498658e-05,0.035861529409885406,0.15006792545318604,
noctx,arbnet_density,2021-07-09,8.486657065986947e-07,0.0447816364467144,0.12128192186355591,
noctx,arbnet_density,2021-07-12,2.0929332094965503e-05,0.032227616757154465,0.18239760398864746,
noctx,arbnet_density,2021-07-13,8.44143778522266e-06,0.04643135890364647,0.11949203908443451,
noctx,arbnet_density,2021-07-14,6.661345651082229e-06,0.052784062922000885,0.0009616173920221627,
noctx,arbnet_density,2021-07-15,3.008161968409695e-07,0.051037807017564774,0.001448042574338615,
noctx,arbnet_density,2021-07-16,7.342806043197925e-07,0.026955731213092804,0.21593676507472992,
noctx,arbnet_density,2021-07-19,1.5237716070259921e-05,0.04053565859794617,0.15078768134117126,
noctx,arbnet_density,2021-07-20,8.911842996894848e-07,0.04985681176185608,0.0008911140612326562,
noctx,arbnet_density,2021-07-22,0.0033037085086107254,0.03920375928282738,0.006404711864888668,
noctx,arbnet_density,2021-07-23,6.154473339847755e-07,0.028888460248708725,0.22588039934635162,
noctx,arbnet_density,2021-07-26,4.27952772952267e-06,0.02956443279981613,0.23112992942333221,
noctx,arbnet_density,2021-07-27,1.1638995829343912e-06,0.048491060733795166,0.0033059383276849985,
noctx,arbnet_density,2021-07-28,1.298505821978324e-06,0.050475481897592545,0.0022923133801668882,
noctx,arbnet_density,2021-07-29,6.782306627428625e-06,0.045400530099868774,0.018376490101218224,
noctx,arbnet_density,2021-07-30,3.7066006370878313e-06,0.049377091228961945,0.005634634289890528,
noctx,arbnet_density,2021-08-02,4.487006208364619e-06,0.03255534544587135,0.13142697513103485,
noctx,arbnet_density,2021-08-03,6.290991586865857e-05,0.03496308997273445,0.1136903464794159,
noctx,arbnet_density,2021-08-04,1.4849411854811478e-05,0.0339852049946785,0.12035265564918518,
noctx,arbnet_density,2021-08-05,6.550765192514518e-06,0.04642295464873314,0.0011236637365072966,
noctx,arbnet_density,2021-08-06,0.003826979547739029,0.04103153571486473,0.0007961813826113939,
noctx,arbnet_density,2021-08-09,0.0024660653434693813,0.03889075666666031,0.0007037243922241032,
noctx,arbnet_density,2021-08-10,5.793945092591457e-06,0.043883614242076874,0.10398953408002853,
noctx,arbnet_density,2021-08-11,1.2382831755530788e-06,0.04354146122932434,0.0016413505654782057,
noctx,arbnet_density,2021-08-12,0.00241962936706841,0.03678896650671959,0.000732559070456773,
noctx,arbnet_density,2021-08-13,4.1595263610361144e-05,0.027577605098485947,0.17970535159111023,
noctx,arbnet_density,2021-08-16,0.0025145546533167362,0.04165298119187355,0.0007903298828750849,
noctx,arbnet_density,2021-08-17,0.002310972660779953,0.03875569626688957,0.0007319189608097076,
noctx,arbnet_density,2021-08-18,0.003152586054056883,0.03888888657093048,0.002547607757151127,
noctx,arbnet_density,2021-08-20,3.8114903873065487e-05,0.031423963606357574,0.16005641222000122,
noctx,arbnet_density,2021-08-23,4.848559456149815e-06,0.03667560592293739,0.08371292799711227,
noctx,arbnet_density,2021-08-24,8.62955130287446e-06,0.024975892156362534,0.20991235971450806,
noctx,arbnet_density,2021-08-25,2.804193854899495e-06,0.039926279336214066,0.04564559459686279,
noctx,arbnet_density,2021-08-26,1.4472274756371917e-07,0.009138435125350952,0.31106820702552795,
noctx,arbnet_density,2021-08-27,2.0265970306354575e-05,0.01962105557322502,0.16736763715744019,
noctx,arbnet_density,2021-08-30,5.00882015330717e-06,0.037715647369623184,0.0032673366367816925,
noctx,arbnet_density,2021-08-31,1.7926464352058247e-05,0.02707107551395893,0.13527508080005646,
noctx,arbnet_density,2021-09-01,1.8395676306681708e-06,0.04334587976336479,0.0014303369680419564,
noctx,arbnet_density,2021-09-02,2.4882015168259386e-06,0.03930330649018288,0.003932465333491564,
noctx,arbnet_density,2021-09-03,2.1271691366564482e-05,0.02459103614091873,0.17346487939357758,
noctx,arbnet_density,2021-09-06,4.508966412686277e-06,0.043231841176748276,0.0027863867580890656,
noctx,arbnet_density,2021-09-07,1.5920271835057065e-05,0.03787471726536751,0.02890288457274437,
noctx,arbnet_density,2021-09-08,2.3320830223383382e-05,0.030426133424043655,0.1503589153289795,
noctx,arbnet_density,2021-09-09,2.0556544910732555e-08,0.03669814020395279,0.007758651860058308,
noctx,arbnet_density,2021-09-13,1.5390127373393625e-05,0.026887835934758186,0.1750510185956955,
noctx,arbnet_density,2021-09-14,5.123896471559419e-07,0.041360773146152496,0.028215261176228523,
noctx,arbnet_density,2021-09-15,3.86381616408471e-05,0.041459206491708755,0.002003846224397421,
noctx,arbnet_density,2021-09-16,1.9780579805228626e-06,0.03715316951274872,0.01784582994878292,
noctx,arbnet_density,2021-09-17,4.112904207431711e-06,0.03733806312084198,0.06905228644609451,
noctx,arbnet_density,2021-09-20,1.4471771692114999e-06,0.04752906784415245,0.003653835505247116,
noctx,arbnet_density,2021-09-21,0.0007396037690341473,0.019701844081282616,0.21008136868476868,
noctx,arbnet_density,2021-09-22,3.7851168599445373e-06,0.047514162957668304,0.008919150568544865,
noctx,arbnet_density,2021-09-23,2.7021911591873504e-05,0.04162159189581871,0.016098564490675926,
noctx,arbnet_density,2021-09-24,1.967125899682287e-05,0.02154710330069065,0.20868545770645142,
noctx,arbnet_density,2021-09-27,2.301968379470054e-05,0.03754196688532829,0.08748538792133331,
noctx,arbnet_density,2021-09-28,5.941776544204913e-05,0.038702014833688736,0.09203698486089706,
noctx,arbnet_density,2021-09-29,5.31365958522656e-06,0.03534917160868645,0.12682034075260162,
noctx,arbnet_density,2021-09-30,1.0726336086008814e-06,0.03469366952776909,0.10686730593442917,
noctx,arbnet_density,2021-10-01,4.233189883962041e-06,0.03808841481804848,0.053497493267059326,
noctx,arbnet_density,2021-10-04,8.690562935953494e-07,0.046183016151189804,0.004396265372633934,
noctx,arbnet_density,2021-10-05,3.5669895623868797e-06,0.04122890904545784,0.002517098095268011,
noctx,arbnet_density,2021-10-06,6.02203726884909e-06,0.04175695776939392,0.0024016164243221283,
noctx,arbnet_density,2021-10-07,8.924598660087213e-06,0.03359133005142212,0.09952179342508316,
noctx,arbnet_density,2021-10-08,8.659204695504741e-07,0.028720542788505554,0.13406282663345337,
noctx,arbnet_density,2021-10-11,1.0150770322070457e-05,0.03541122004389763,0.10044138133525848,
noctx,arbnet_density,2021-10-12,8.082127897068858e-05,0.029422884806990623,0.13446801900863647,
noctx,arbnet_density,2021-10-13,1.0629989901644876e-06,0.039091240614652634,0.00664410600438714,
noctx,arbnet_density,2021-10-14,2.5128715606115293e-06,0.0397324413061142,0.0012315359199419618,
noctx,arbnet_density,2021-10-18,2.9884920877520926e-05,0.043616537004709244,0.006012707483023405,
noctx,arbnet_density,2021-10-19,0.0014145731693133712,0.026211578398942947,0.14730288088321686,
noctx,arbnet_density,2021-10-20,0.003017130773514509,0.04319924861192703,0.004407541826367378,
noctx,arbnet_density,2021-10-21,0.0024076588451862335,0.041974231600761414,0.004850957076996565,
noctx,arbnet_density,2021-10-22,7.591861503897235e-06,0.046482887119054794,0.00356078939512372,
noctx,arbnet_density,2021-10-25,0.0010480857454240322,0.03224244341254234,0.11165720969438553,
noctx,arbnet_density,2021-10-26,0.0013574663316830993,0.026418382301926613,0.14833378791809082,
noctx,arbnet_density,2021-10-27,6.330017640721053e-06,0.04406099021434784,0.0018929243087768555,
noctx,arbnet_density,2021-10-28,0.002972738817334175,0.04180790111422539,0.007291628513485193,
noctx,arbnet_density,2021-10-29,1.8415380509395618e-06,0.04371017590165138,0.03238261863589287,
noctx,arbnet_density,2021-11-01,0.0015791980549693108,0.039505355060100555,0.03255962207913399,
noctx,arbnet_density,2021-11-02,4.559650915325619e-05,0.04084555432200432,0.038517821580171585,
noctx,arbnet_density,2021-11-03,1.9033565195059055e-06,0.04173040762543678,0.019919387996196747,
noctx,arbnet_density,2021-11-04,5.297940333548468e-06,0.03389369323849678,0.0767369419336319,
noctx,arbnet_density,2021-11-08,0.0019941707141697407,0.0296647772192955,0.09241869300603867,
noctx,arbnet_density,2021-11-09,5.338768460205756e-05,0.043932024389505386,0.005063078366219997,
noctx,arbnet_density,2021-11-10,9.459719194637728e-07,0.040714330971241,0.007284523453563452,
noctx,arbnet_density,2021-11-11,3.4050717658828944e-05,0.04108711704611778,0.005218361038714647,
noctx,arbnet_density,2021-11-12,1.5136031834117603e-05,0.04001685231924057,0.030076732859015465,
noctx,arbnet_density,2021-11-15,0.0010602385737001896,0.02975373901426792,0.09816955775022507,
noctx,arbnet_density,2021-11-16,4.065926987095736e-06,0.04001268744468689,0.0065248506143689156,
noctx,arbnet_density,2021-11-17,3.972922058892436e-05,0.02612398751080036,0.1304653137922287,
noctx,arbnet_density,2021-11-18,0.002771298633888364,0.03494065999984741,0.0012967275688424706,
noctx,arbnet_density,2021-11-22,0.00015225374954752624,0.034536175429821014,0.09053689986467361,
noctx,arbnet_density,2021-11-23,7.220167390187271e-06,0.039149679243564606,0.004419288598001003,
noctx,arbnet_density,2021-11-24,6.909075455041602e-05,0.027334056794643402,0.13992324471473694,
noctx,arbnet_density,2021-11-25,7.878809810790699e-06,0.03672149032354355,0.017108503729104996,
noctx,arbnet_density,2021-11-26,0.0002612625830806792,0.035126421600580215,0.06756050139665604,
noctx,arbnet_density,2021-11-29,0.0035409468691796064,0.0335109569132328,0.04781718924641609,
noctx,arbnet_density,2021-11-30,0.0037344859447330236,0.03633522242307663,0.032097652554512024,
noctx,arbnet_density,2021-12-01,5.960865382803604e-05,0.04143999144434929,0.0339139923453331,
noctx,arbnet_density,2021-12-02,1.6390938981203362e-05,0.028474224731326103,0.09822811186313629,
noctx,arbnet_density,2021-12-03,2.295249214512296e-05,0.03544606640934944,0.06336337327957153,
noctx,arbnet_density,2021-12-06,0.002142679411917925,0.04116261005401611,0.014797113835811615,
noctx,arbnet_density,2021-12-07,8.22986476123333e-05,0.037935055792331696,0.049238089472055435,
noctx,arbnet_density,2021-12-08,1.873691076070827e-06,0.037448443472385406,0.04874931648373604,
noctx,arbnet_density,2021-12-09,4.335359699325636e-05,0.02902139723300934,0.11880665272474289,
noctx,arbnet_density,2021-12-10,7.554804324172437e-05,0.025999408215284348,0.14632047712802887,
noctx,arbnet_density,2021-12-13,0.0023187431506812572,0.02671954594552517,0.12172401696443558,
noctx,arbnet_density,2021-12-14,1.4685847418149933e-06,0.03832847625017166,0.0848253071308136,
noctx,arbnet_density,2021-12-15,0.0018756425706669688,0.028569592162966728,0.12010166794061661,
noctx,arbnet_density,2021-12-16,0.003019011812284589,0.03818593546748161,0.017368394881486893,
noctx,arbnet_density,2021-12-17,0.0017337050521746278,0.025612235069274902,0.13282489776611328,
noctx,arbnet_density,2021-12-20,0.0025112079456448555,0.04031817987561226,0.018956471234560013,
noctx,arbnet_density,2021-12-21,0.0018096258863806725,0.029395530000329018,0.1291968822479248,
noctx,arbnet_density,2021-12-22,4.3807631300296634e-06,0.030073808506131172,0.14161068201065063,
noctx,arbnet_density,2021-12-23,1.2754235285683535e-05,0.028076227754354477,0.1626267433166504,
noctx,arbnet_density,2021-12-24,6.724431295879185e-05,0.02711583860218525,0.15408717095851898,
noctx,arbnet_density,2021-12-27,0.0013881562044844031,0.027511566877365112,0.1411142796278,
noctx,arbnet_density,2021-12-28,0.0012771978508681059,0.022423148155212402,0.1758861094713211,
noctx,arbnet_density,2021-12-29,1.5908555724308826e-05,0.03689274191856384,0.07383876293897629,
noctx,arbnet_density,2021-12-30,1.705273348306946e-06,0.0378415547311306,0.06521996110677719,
noctx,arbnet_density,2021-12-31,9.96029848465696e-06,0.03567603603005409,0.06769401580095291,
noctx,arbnet_density,2022-01-03,1.606498335604556e-05,0.04368268698453903,0.0036581719759851694,
noctx,arbnet_density,2022-01-04,9.640411008149385e-06,0.04436223581433296,0.001957469852641225,
noctx,arbnet_density,2022-01-05,3.68866835742665e-07,0.03452451527118683,0.09049123525619507,
noctx,arbnet_density,2022-01-06,0.0033759395591914654,0.039011113345623016,0.0033752312883734703,
noctx,arbnet_density,2022-01-07,7.536093107773922e-06,0.034016720950603485,0.08831977844238281,
noctx,arbnet_density,2022-01-10,3.98916517951875e-06,0.039844810962677,0.06505531817674637,
noctx,arbnet_density,2022-01-11,8.440983037871774e-06,0.03729255124926567,0.07974191009998322,
noctx,arbnet_density,2022-01-12,1.5914076357148588e-05,0.03197026252746582,0.10546434670686722,
noctx,arbnet_density,2022-01-13,3.080761189266923e-06,0.04212319850921631,0.000641920487396419,
noctx,arbnet_density,2022-01-14,3.1088061405171175e-06,0.042067933827638626,0.0014144893502816558,
noctx,arbnet_density,2022-01-17,3.0342529498739168e-05,0.04255188629031181,0.0037175638135522604,
noctx,arbnet_density,2022-01-18,3.2231264412985183e-06,0.043062202632427216,0.0007097626221366227,
noctx,arbnet_density,2022-01-19,0.0007694889209233224,0.03566715121269226,0.07506231218576431,
noctx,arbnet_density,2022-01-20,0.0013358667492866516,0.036444228142499924,0.06233575940132141,
noctx,arbnet_density,2022-01-21,6.95417111273855e-06,0.0395503006875515,0.058784037828445435,
noctx,arbnet_density,2022-01-24,0.000554068828932941,0.046675052493810654,0.0063229831866919994,
noctx,arbnet_density,2022-01-25,0.0007287680055014789,0.04556458815932274,0.016869960352778435,
noctx,arbnet_density,2022-01-27,0.0010944224195554852,0.03678523376584053,0.055196817964315414,
noctx,arbnet_density,2022-01-28,0.0008250455721281469,0.03622264415025711,0.03176296874880791,
noctx,arbnet_density,2022-01-31,0.0009479488944634795,0.033947233110666275,0.05797840654850006,
noctx,arbnet_density,2022-02-01,0.0010050265118479729,0.03998752310872078,0.05104826018214226,
noctx,arbnet_density,2022-02-02,4.496378551266389e-06,0.037668485194444656,0.07299734652042389,
noctx,arbnet_density,2022-02-03,6.101433882577112e-06,0.03768754377961159,0.07024077326059341,
noctx,arbnet_density,2022-02-04,1.537603793622111e-06,0.041957974433898926,0.024580499157309532,
noctx,arbnet_density,2022-02-07,5.0288159400224686e-05,0.041971828788518906,0.04513886943459511,
noctx,arbnet_density,2022-02-08,4.40454350609798e-05,0.041645508259534836,0.04929649829864502,
noctx,arbnet_density,2022-02-09,4.550049197860062e-06,0.03670814260840416,0.07703086733818054,
noctx,arbnet_density,2022-02-10,6.396601747837849e-06,0.033578984439373016,0.0903889611363411,
noctx,arbnet_density,2022-02-11,8.564149425183132e-07,0.034617017954587936,0.09102081507444382,
noctx,arbnet_density,2022-02-14,0.0007746528135612607,0.04355119541287422,0.0008132176008075476,
noctx,arbnet_density,2022-02-15,0.0013297260738909245,0.03855197876691818,0.06262033432722092,
noctx,arbnet_density,2022-02-16,0.0015141824260354042,0.03674320504069328,0.07747981697320938,
noctx,arbnet_density,2022-02-17,0.0019231803016737103,0.03126787766814232,0.10685072839260101,
noctx,arbnet_density,2022-02-18,0.001627886900678277,0.03477104380726814,0.0920577272772789,
noctx,arbnet_density,2022-02-21,0.0017933229682967067,0.04267328977584839,0.04319410026073456,
noctx,arbnet_density,2022-02-22,0.0016575974877923727,0.047385238111019135,0.0013621612451970577,
noctx,arbnet_density,2022-02-23,0.001341294846497476,0.04511982575058937,0.027463389560580254,
noctx,arbnet_density,2022-02-24,0.0019082918297499418,0.036381080746650696,0.05657125264406204,
noctx,arbnet_density,2022-02-25,0.0016245507868006825,0.04160997271537781,0.06370864808559418,
noctx,arbnet_density,2022-02-28,0.0017605111934244633,0.0436483770608902,0.03031780943274498,
noctx,arbnet_density,2022-03-02,0.0009844049345701933,0.05258405581116676,0.005560367833822966,
noctx,arbnet_density,2022-03-03,0.0008556556422263384,0.04816251993179321,0.019688094034790993,
noctx,arbnet_density,2022-03-04,0.0007286751642823219,0.04803336039185524,0.0299646258354187,
noctx,arbnet_density,2022-03-07,0.001131780561991036,0.046170659363269806,0.029953360557556152,
noctx,arbnet_density,2022-03-08,0.0011408075224608183,0.049809616059064865,0.02506491169333458,
noctx,arbnet_density,2022-03-09,0.0011769651900976896,0.050706177949905396,0.027362436056137085,
noctx,arbnet_density,2022-03-10,0.0017814006423577666,0.04399557784199715,0.056501951068639755,
noctx,arbnet_density,2022-03-11,0.0018976782448589802,0.04355592280626297,0.06301765888929367,
noctx,arbnet_density,2022-03-14,0.001780624850653112,0.04247618466615677,0.06398089230060577,
noctx,arbnet_density,2022-03-15,0.0010292526567354798,0.052113041281700134,0.010658469051122665,
noctx,arbnet_density,2022-03-16,0.0015533966943621635,0.04227989912033081,0.0734114944934845,
noctx,arbnet_density,2022-03-17,0.002938508288934827,0.048846062272787094,0.005910500884056091,
noctx,arbnet_density,2022-03-21,0.0015193911967799067,0.04492407664656639,0.057518571615219116,
noctx,arbnet_density,2022-03-22,0.0012490517692640424,0.05184362083673477,0.014755128882825375,
noctx,arbnet_density,2022-03-23,0.001453741337172687,0.0519111193716526,0.028735341504216194,
noctx,arbnet_density,2022-03-24,0.0013788144569844007,0.048642344772815704,0.04716477543115616,
noctx,arbnet_density,2022-03-25,0.0015305784763768315,0.04741235449910164,0.04850948229432106,
noctx,arbnet_density,2022-03-28,0.0012468143831938505,0.044025447219610214,0.056352727115154266,
noctx,arbnet_density,2022-03-29,0.0011786799877882004,0.040476638823747635,0.07427525520324707,
noctx,arbnet_density,2022-03-30,0.0014068386517465115,0.0366821326315403,0.11989377439022064,
noctx,arbnet_density,2022-03-31,0.0015791018959134817,0.039158403873443604,0.09972825646400452,
noctx,arbnet_density,2022-04-01,2.5278883185819723e-05,0.03542491793632507,0.09959651529788971,
noctx,arbnet_density,2022-04-04,1.2616018238986726e-06,0.04654373228549957,0.0016716583631932735,
noctx,arbnet_density,2022-04-05,0.0027428879402577877,0.04310980811715126,0.00602657301351428,
noctx,arbnet_density,2022-04-06,0.00240821554325521,0.04440918564796448,0.002213867846876383,
noctx,arbnet_density,2022-04-07,0.0022241920232772827,0.04329987242817879,0.0008699685567989945,
noctx,arbnet_density,2022-04-08,0.0016559755895286798,0.03446408733725548,0.09539012610912323,
noctx,arbnet_density,2022-04-11,0.002190539613366127,0.04441867396235466,0.0007207642775028944,
noctx,arbnet_density,2022-04-12,1.7562371112944675e-06,0.034955982118844986,0.11384657025337219,
noctx,arbnet_density,2022-04-13,2.571209734014701e-06,0.03104395791888237,0.13189969956874847,
noctx,arbnet_density,2022-04-18,0.0015959052834659815,0.04555321857333183,0.00154217891395092,
noctx,arbnet_density,2022-04-19,1.0885743904509582e-05,0.040930863469839096,0.08773898333311081,
noctx,arbnet_density,2022-04-20,0.002041136845946312,0.04507819563150406,0.0017337886383756995,
noctx,arbnet_density,2022-04-21,1.610952722330694e-06,0.032031361013650894,0.14990189671516418,
noctx,arbnet_density,2022-04-22,9.237531344297167e-07,0.04645087569952011,0.012892309576272964,
noctx,arbnet_density,2022-04-25,7.044777885312214e-05,0.046030011028051376,0.046918079257011414,
noctx,arbnet_density,2022-04-26,3.6192632251186296e-05,0.046767447143793106,0.0025932660792022943,
noctx,arbnet_density,2022-04-27,0.0008276821463368833,0.03472958505153656,0.11687067151069641,
noctx,arbnet_density,2022-04-28,1.0181663128605578e-05,0.02997368574142456,0.16227570176124573,
noctx,arbnet_density,2022-04-29,0.0018849048065021634,0.0401998907327652,0.01682259701192379,
noctx,arbnet_density,2022-05-02,5.2742570915143006e-06,0.051077790558338165,0.0014583952724933624,
noctx,arbnet_density,2022-05-04,0.0011673779226839542,0.04289478436112404,0.0005620142910629511,
noctx,arbnet_density,2022-05-05,0.003555076429620385,0.04199866205453873,0.0018095456762239337,
noctx,arbnet_density,2022-05-06,0.002948744921013713,0.04385949298739433,0.003319565439596772,
noctx,arbnet_density,2022-05-09,0.0012297825887799263,0.04401859641075134,0.06039554253220558,
noctx,arbnet_density,2022-05-10,0.00246466975659132,0.04500076547265053,0.001428858726285398,
noctx,arbnet_density,2022-05-11,0.0013855022843927145,0.044231291860342026,0.0005600352305918932,
noctx,arbnet_density,2022-05-12,0.0014464538544416428,0.04407522827386856,0.04513037949800491,
noctx,arbnet_density,2022-05-13,0.0014214623952284455,0.038124918937683105,0.0803089290857315,
noctx,arbnet_density,2022-05-16,0.002167105907574296,0.0460311695933342,0.0004765467601828277,
noctx,arbnet_density,2022-05-17,0.0015857854159548879,0.03416828438639641,0.11176957935094833,
noctx,arbnet_density,2022-05-18,0.0021993296686559916,0.04268784448504448,0.0007932347944006324,
noctx,arbnet_density,2022-05-19,0.00011119718692498282,0.042583104223012924,0.0779261589050293,
noctx,arbnet_density,2022-05-20,3.68844280274061e-06,0.04815450683236122,0.004117708653211594,
noctx,arbnet_density,2022-05-23,6.519838643725961e-05,0.049133509397506714,0.002457353286445141,
noctx,arbnet_density,2022-05-24,2.8385962650645524e-05,0.05068953335285187,0.0059316447004675865,
noctx,arbnet_density,2022-05-25,0.0019409841625019908,0.04778255894780159,0.006223306525498629,
noctx,arbnet_density,2022-05-26,0.0013571642339229584,0.030190305784344673,0.15354274213314056,
noctx,arbnet_density,2022-05-27,2.770345872704638e-06,0.04582500830292702,0.0231355931609869,
noctx,arbnet_density,2022-05-30,3.333123822812922e-05,0.03560710325837135,0.08596310019493103,
noctx,arbnet_density,2022-05-31,0.0017355612944811583,0.027102038264274597,0.12021567672491074,
noctx,arbnet_density,2022-06-01,0.0009449439239688218,0.03143730387091637,0.09842231869697571,
noctx,arbnet_density,2022-06-02,8.665020868647844e-05,0.02990836650133133,0.11688242852687836,
noctx,arbnet_density,2022-06-03,1.7985437807510607e-05,0.033322982490062714,0.117146335542202,
noctx,arbnet_density,2022-06-06,0.0010001121554523706,0.03187519684433937,0.10476584732532501,
noctx,arbnet_density,2022-06-07,8.216428977902979e-05,0.04608193039894104,0.0010556560009717941,
noctx,arbnet_density,2022-06-08,0.002357863588258624,0.0444381907582283,0.0011179292341694236,
noctx,arbnet_density,2022-06-09,1.8033459809885244e-06,0.03148500621318817,0.13969214260578156,
noctx,arbnet_density,2022-06-10,2.3884982510935515e-05,0.03565085679292679,0.11319893598556519,
noctx,arbnet_density,2022-06-13,0.001383034628815949,0.046697359532117844,0.0010677897371351719,
noctx,arbnet_density,2022-06-14,0.0022312100045382977,0.04634721577167511,0.001219310681335628,
noctx,arbnet_density,2022-06-15,0.0015864437445998192,0.04072360321879387,0.07688716053962708,
noctx,arbnet_density,2022-06-16,0.002619382692500949,0.04814266040921211,0.0009477096027694643,
noctx,arbnet_density,2022-06-17,0.0017780519556254148,0.036026038229465485,0.10596168041229248,
noctx,arbnet_density,2022-06-20,0.002338003134354949,0.034670546650886536,0.11165355890989304,
noctx,arbnet_density,2022-06-21,6.7512141868064646e-06,0.04661671072244644,0.022264530882239342,
noctx,arbnet_density,2022-06-22,0.0008386144763790071,0.031318340450525284,0.14256112277507782,
noctx,arbnet_density,2022-06-23,0.001305326703004539,0.0347278006374836,0.12770779430866241,
noctx,arbnet_density,2022-06-24,2.8234882847755216e-05,0.04044770821928978,0.09819319099187851,
noctx,arbnet_density,2022-06-27,0.001905036740936339,0.029858402907848358,0.15716299414634705,
noctx,arbnet_density,2022-06-28,2.9648868803633377e-05,0.03584612160921097,0.14295148849487305,
noctx,arbnet_density,2022-06-29,0.00010491588909644634,0.041704047471284866,0.09588480740785599,
noctx,arbnet_density,2022-06-30,4.924370387016097e-06,0.0311476718634367,0.1735994517803192,
noctx,arbnet_density,2022-07-01,1.9967321804870153e-06,0.04823403060436249,0.01403945405036211,
noctx,arbnet_density,2022-07-04,7.043770438031061e-07,0.04209539294242859,0.06476696580648422,
noctx,arbnet_density,2022-07-05,2.6778852770803496e-06,0.04120822623372078,0.07749928534030914,
noctx,arbnet_density,2022-07-06,6.2208864619606175e-06,0.03965937718749046,0.08241298049688339,
noctx,arbnet_density,2022-07-07,0.0026706086937338114,0.03999602794647217,0.0007978875655680895,
noctx,arbnet_density,2022-07-08,1.9398212316446006e-05,0.028953904286026955,0.14135998487472534,
noctx,arbnet_density,2022-07-11,1.904828877741238e-06,0.031424783170223236,0.13739313185214996,
noctx,arbnet_density,2022-07-12,1.9715507733053528e-05,0.030802031978964806,0.13677699863910675,
noctx,arbnet_density,2022-07-13,0.0009794567013159394,0.04079178348183632,0.0007036867900751531,
noctx,arbnet_density,2022-07-14,2.1257494154269807e-05,0.028656695038080215,0.13929526507854462,
noctx,arbnet_density,2022-07-15,6.644726454396732e-06,0.04398315027356148,0.002044242573902011,
noctx,arbnet_density,2022-07-18,1.277488081541378e-05,0.042313333600759506,0.002708036219701171,
noctx,arbnet_density,2022-07-19,3.62669161404483e-05,0.02659243904054165,0.15794488787651062,
noctx,arbnet_density,2022-07-20,9.945312740455847e-06,0.01962020806968212,0.2108176052570343,
noctx,arbnet_density,2022-07-21,7.554106105089886e-07,0.020197413861751556,0.20679545402526855,
noctx,arbnet_density,2022-07-22,2.845580456778407e-05,0.02040804550051689,0.21110454201698303,
noctx,arbnet_density,2022-07-25,3.6633491617976688e-06,0.03049088455736637,0.14972612261772156,
noctx,arbnet_density,2022-07-26,6.207913429534528e-06,0.043861281126737595,0.00397759722545743,
noctx,arbnet_density,2022-07-27,0.0009662893717177212,0.02351999096572399,0.17512308061122894,
noctx,arbnet_density,2022-07-28,1.052680659086036e-06,0.03737257048487663,0.027443381026387215,
noctx,arbnet_density,2022-07-29,9.05280921870144e-06,0.031100662425160408,0.10178449004888535,
noctx,arbnet_density,2022-08-01,3.1123094231588766e-05,0.029282327741384506,0.10993655771017075,
noctx,arbnet_density,2022-08-02,2.6115098989976104e-06,0.035888928920030594,0.08164846152067184,
noctx,arbnet_density,2022-08-03,1.1177139640494715e-05,0.03909657895565033,0.00048390019219368696,
noctx,arbnet_density,2022-08-04,2.0571646018652245e-05,0.04053396359086037,0.0006847670301795006,
noctx,arbnet_density,2022-08-05,2.0757081529154675e-06,0.04114082083106041,0.010610872879624367,
noctx,arbnet_density,2022-08-08,8.134846211760305e-06,0.03981557860970497,0.07087542116641998,
noctx,arbnet_density,2022-08-10,1.9530864392436342e-06,0.03807654231786728,0.08599723875522614,
noctx,arbnet_density,2022-08-11,0.0017451035091653466,0.023732472211122513,0.1404409259557724,
noctx,arbnet_density,2022-08-12,1.5410452760988846e-05,0.0412006638944149,0.005359006579965353,
noctx,arbnet_density,2022-08-16,0.0020415771286934614,0.015603904612362385,0.19163766503334045,
noctx,arbnet_density,2022-08-17,0.0020190896466374397,0.03536726534366608,0.001673627644777298,
noctx,arbnet_density,2022-08-18,0.0023308699019253254,0.019827334210276604,0.1729670763015747,
noctx,arbnet_density,2022-08-19,0.0020941845141351223,0.01961960457265377,0.17276059091091156,
noctx,arbnet_density,2022-08-22,1.4417257716559106e-06,0.04274291545152664,0.018684322014451027,
noctx,arbnet_density,2022-08-23,1.7628664181756903e-06,0.041237883269786835,0.020513474941253662,
noctx,arbnet_density,2022-08-24,9.396006134920754e-06,0.04116739705204964,0.03090836852788925,
noctx,arbnet_density,2022-08-25,0.0025459250900894403,0.03419198840856552,0.0472106859087944,
noctx,arbnet_density,2022-08-26,0.00321176927536726,0.029047507792711258,0.06801796704530716,
noctx,arbnet_density,2022-08-29,2.671878792170901e-05,0.04032270237803459,0.060062408447265625,
noctx,arbnet_density,2022-08-30,3.618354821810499e-05,0.03994395583868027,0.024149946868419647,
noctx,arbnet_density,2022-09-01,6.342776759993285e-05,0.041959699243307114,0.016095878556370735,
noctx,arbnet_density,2022-09-02,4.530852675088681e-05,0.030702022835612297,0.10243334621191025,
noctx,arbnet_density,2022-09-05,0.000489367637783289,0.036711856722831726,0.06264004856348038,
noctx,arbnet_density,2022-09-06,1.5535638340224978e-06,0.03953293338418007,0.04397912696003914,
noctx,arbnet_density,2022-09-07,9.183609654428437e-05,0.03606601431965828,0.08472374081611633,
noctx,arbnet_density,2022-09-08,1.1477674888737965e-05,0.043011374771595,0.003093162551522255,
noctx,arbnet_density,2022-09-09,9.956503163266461e-06,0.04251227527856827,0.015859754756093025,
noctx,arbnet_density,2022-09-12,0.0020444963593035936,0.023213401436805725,0.147634357213974,
noctx,arbnet_density,2022-09-13,0.0023379302583634853,0.02119375951588154,0.15418262779712677,
noctx,arbnet_density,2022-09-14,0.001464113243855536,0.032667942345142365,0.09427995979785919,
noctx,arbnet_density,2022-09-15,2.6876355150307063e-06,0.03950142115354538,0.025509687140583992,
noctx,arbnet_density,2022-09-16,0.002003188943490386,0.03379907086491585,0.08820293843746185,
noctx,arbnet_density,2022-09-19,4.199780505587114e-06,0.0438290536403656,0.023242473602294922,
noctx,arbnet_density,2022-09-20,2.235488864243962e-06,0.037477049976587296,0.05113466829061508,
noctx,arbnet_density,2022-09-21,0.0017389478161931038,0.035705406218767166,0.05001360923051834,
noctx,arbnet_density,2022-09-22,0.0016114863101392984,0.03553256392478943,0.035860344767570496,
noctx,arbnet_density,2022-09-23,6.347610906232148e-06,0.04519251361489296,0.022713003680109978,
noctx,arbnet_density,2022-09-26,0.0017792736180126667,0.04122297838330269,0.04983582720160484,
noctx,arbnet_density,2022-09-27,0.0023862861562520266,0.042145803570747375,0.02752082049846649,
noctx,arbnet_density,2022-09-28,0.0008561432478018105,0.036928508430719376,0.07690902799367905,
noctx,arbnet_density,2022-09-29,4.341535259300144e-06,0.037888042628765106,0.08450320363044739,
noctx,arbnet_density,2022-09-30,0.0001673363585723564,0.03777334466576576,0.06503934413194656,
noctx,arbnet_density,2022-10-03,3.162639586662408e-06,0.04565739259123802,0.003919119946658611,
noctx,arbnet_density,2022-10-04,1.5784949937369674e-05,0.04056057333946228,0.062202129513025284,
noctx,arbnet_density,2022-10-06,1.1056198673031759e-05,0.036469731479883194,0.03445492312312126,
noctx,arbnet_density,2022-10-07,1.0818994269357063e-06,0.04325282946228981,0.008559972047805786,
noctx,arbnet_density,2022-10-10,6.481356831500307e-05,0.04478885978460312,0.003937999252229929,
noctx,arbnet_density,2022-10-11,2.7096069970866665e-05,0.045326292514801025,0.033553916960954666,
noctx,arbnet_density,2022-10-12,5.630759005725849e-06,0.04274464026093483,0.0014654041733592749,
noctx,arbnet_density,2022-10-13,0.002495580818504095,0.039477527141571045,0.0008105180459097028,
noctx,arbnet_density,2022-10-14,1.5423615877807606e-06,0.027447806671261787,0.13548003137111664,
noctx,arbnet_density,2022-10-17,1.334098129746053e-07,0.042268056422472,0.0005610290099866688,
noctx,arbnet_density,2022-10-18,2.0345318262116052e-05,0.03999417647719383,0.00814950279891491,
noctx,arbnet_density,2022-10-19,6.662591204076307e-06,0.040571823716163635,0.0008110722410492599,
noctx,arbnet_density,2022-10-20,3.198407739546383e-06,0.017388373613357544,0.19659432768821716,
noctx,arbnet_density,2022-10-21,2.4199291146942414e-05,0.030932091176509857,0.06858677417039871,
noctx,arbnet_density,2022-10-24,4.975345859747904e-07,0.04033781588077545,0.0029185842722654343,
noctx,arbnet_density,2022-10-25,1.2882092960353475e-05,0.02897440642118454,0.13276982307434082,
noctx,arbnet_density,2022-10-27,1.060909994521353e-06,0.03737172856926918,0.021620437502861023,
noctx,arbnet_density,2022-10-28,1.0436454431328457e-05,0.03491614758968353,0.04671958461403847,
noctx,arbnet_density,2022-10-31,1.6855401554494165e-05,0.03265076130628586,0.08242043107748032,
noctx,arbnet_density,2022-11-01,2.8901400582981296e-05,0.03931436315178871,0.02368054911494255,
noctx,arbnet_density,2022-11-02,1.78546724782791e-05,0.03435749560594559,0.07265295088291168,
noctx,arbnet_density,2022-11-03,1.792784678400494e-05,0.03673774376511574,0.016348766162991524,
noctx,arbnet_density,2022-11-04,4.4720887672156096e-05,0.030683012679219246,0.0809333547949791,
noctx,arbnet_density,2022-11-07,5.069030521553941e-06,0.029923923313617706,0.08667345345020294,
noctx,arbnet_density,2022-11-09,2.8252137781237252e-05,0.03370489552617073,0.0774441510438919,
noctx,arbnet_density,2022-11-10,4.4813486965722404e-06,0.04089410603046417,0.0032036788761615753,
noctx,arbnet_density,2022-11-11,9.941334428731352e-05,0.02557336539030075,0.11686696112155914,
noctx,arbnet_density,2022-11-14,0.001208332716487348,0.02533739060163498,0.11518746614456177,
noctx,arbnet_density,2022-11-15,1.5796423440406215e-06,0.03512408956885338,0.031509414315223694,
noctx,arbnet_density,2022-11-16,4.719693606602959e-06,0.025541383773088455,0.1302734613418579,
noctx,arbnet_density,2022-11-17,9.539869097352494e-06,0.03190886974334717,0.0440792441368103,
noctx,arbnet_density,2022-11-18,0.0014837331837043166,0.014741230756044388,0.1717437207698822,
noctx,arbnet_density,2022-11-21,0.0012175313895568252,0.01677193120121956,0.16988584399223328,
noctx,arbnet_density,2022-11-22,0.0012360746040940285,0.012537111528217793,0.19607140123844147,
noctx,arbnet_density,2022-11-23,0.0012171575799584389,0.013239366933703423,0.19502562284469604,
noctx,arbnet_density,2022-11-24,8.0131932918448e-05,0.020968476310372353,0.13344113528728485,
noctx,arbnet_density,2022-11-25,2.5843667117442237e-06,0.026927119120955467,0.09782252460718155,
noctx,arbnet_density,2022-11-28,8.628659998066723e-06,0.028620649129152298,0.09632737934589386,
noctx,arbnet_density,2022-11-29,2.2372555577021558e-06,0.031118158251047134,0.03585455194115639,
noctx,arbnet_density,2022-11-30,5.594529284280725e-06,0.021243419498205185,0.13187478482723236,
noctx,arbnet_density,2022-12-01,2.244099505332997e-06,0.02897384949028492,0.09220635145902634,
noctx,arbnet_density,2022-12-02,1.291417811444262e-05,0.03157837688922882,0.05505629628896713,
noctx,arbnet_density,2022-12-05,7.124086209842062e-07,0.026087826117873192,0.09411722421646118,
noctx,arbnet_density,2022-12-06,0.0012276583584025502,0.022914698347449303,0.10195852816104889,
noctx,arbnet_density,2022-12-07,2.153284867745242e-06,0.03029470518231392,0.09106480330228806,
noctx,arbnet_density,2022-12-08,9.546969522489235e-06,0.03512883558869362,0.015634847804903984,
noctx,arbnet_density,2022-12-09,2.6411618819111027e-05,0.030295345932245255,0.0595368891954422,
noctx,arbnet_density,2022-12-12,1.232242357218638e-05,0.035494569689035416,0.01196570135653019,
noctx,arbnet_density,2022-12-13,9.809778021008242e-07,0.035208333283662796,0.008442194201052189,
noctx,arbnet_density,2022-12-14,2.2484586224891245e-05,0.02663162164390087,0.10889687389135361,
noctx,arbnet_density,2022-12-15,6.892343662912026e-06,0.025671422481536865,0.12153144180774689,
noctx,arbnet_density,2022-12-16,0.0013353741960600019,0.012582562863826752,0.1734212338924408,
noctx,arbnet_density,2022-12-19,1.9013665223610587e-05,0.032875608652830124,0.0330333448946476,
noctx,arbnet_density,2022-12-20,3.588088475225959e-07,0.028874743729829788,0.05189602077007294,
noctx,arbnet_density,2022-12-21,0.001397008658386767,0.02916303090751171,0.038898762315511703,
noctx,arbnet_density,2022-12-22,5.696822699974291e-05,0.036000125110149384,0.005381961818784475,
noctx,arbnet_density,2022-12-23,0.0010768907377496362,0.016708027571439743,0.14939558506011963,
noctx,arbnet_density,2022-12-26,0.0010272928047925234,0.014646886847913265,0.18118363618850708,
noctx,arbnet_density,2022-12-27,1.3980226185594802e-06,0.035293176770210266,0.0031998802442103624,
noctx,arbnet_density,2022-12-28,5.345975296222605e-06,0.03359639272093773,0.014172714203596115,
noctx,arbnet_density,2022-12-29,1.4727851294082939e-06,0.03296361118555069,0.00452349241822958,
noctx,arbnet_density,2022-12-30,1.3711692190554459e-06,0.025054985657334328,0.08849672228097916,
noctx,arbnet_density,2023-01-02,1.2689304185187211e-06,0.0312960222363472,0.024824799969792366,
noctx,arbnet_density,2023-01-03,2.2793614107285975e-07,0.026976430788636208,0.08848720788955688,
noctx,arbnet_density,2023-01-04,1.0538306014495902e-05,0.03154879808425903,0.005621617194265127,
noctx,arbnet_density,2023-01-05,4.721697223430965e-06,0.03154483810067177,0.003703536232933402,
noctx,arbnet_density,2023-01-06,1.070680468728824e-06,0.03224928304553032,0.0026975777000188828,
noctx,arbnet_density,2023-01-09,1.6064027477113996e-06,0.024045441299676895,0.09709504246711731,
noctx,arbnet_density,2023-01-10,0.001795391202904284,0.02703922428190708,0.0021679175551980734,
noctx,arbnet_density,2023-01-11,0.0020962466951459646,0.026273632422089577,0.005191830452531576,
noctx,arbnet_density,2023-01-12,0.0015741030219942331,0.025647921487689018,0.005845862440764904,
noctx,arbnet_density,2023-01-13,0.001519612967967987,0.025423647835850716,0.0006077580037526786,
noctx,arbnet_density,2023-01-16,0.0006429178756661713,0.02146037109196186,0.10018011927604675,
noctx,arbnet_density,2023-01-17,0.0012467061169445515,0.02217976376414299,0.0007052808650769293,
noctx,arbnet_density,2023-01-18,0.0011909805471077561,0.023770110681653023,0.0006582388887181878,
noctx,arbnet_density,2023-01-19,3.821533027803525e-06,0.021672625094652176,0.1147908866405487,
noctx,arbnet_density,2023-01-20,1.0464411559496511e-07,0.028702512383461,0.0010112625313922763,
noctx,arbnet_density,2023-01-23,0.0009077528375200927,0.014866064302623272,0.14315107464790344,
noctx,arbnet_density,2023-01-24,0.0011003018589690328,0.026652595028281212,0.0008077447419054806,
noctx,arbnet_density,2023-01-25,0.002250541700050235,0.025131303817033768,0.0008636643178761005,
noctx,arbnet_density,2023-01-27,0.0015409656334668398,0.01807309128344059,0.07738317549228668,
noctx,arbnet_density,2023-01-30,0.0022440957836806774,0.028178352862596512,0.01275645475834608,
noctx,arbnet_density,2023-01-31,0.0018164037028327584,0.017169972881674767,0.07980629056692123,
noctx,arbnet_density,2023-02-01,0.0030649257823824883,0.02484908327460289,0.006193740293383598,
noctx,arbnet_density,2023-02-02,0.0021524603944271803,0.016729025170207024,0.0789872407913208,
noctx,arbnet_density,2023-02-03,3.229299636586802e-06,0.028867634013295174,0.0016985628753900528,
noctx,arbnet_density,2023-02-06,1.3494786799128633e-06,0.02874874323606491,0.009444478899240494,
noctx,arbnet_density,2023-02-07,1.1183609785803128e-05,0.029294397681951523,0.0017669269582256675,
noctx,arbnet_density,2023-02-08,8.978721598396078e-05,0.013256097212433815,0.11120621860027313,
noctx,arbnet_density,2023-02-09,0.001494138385169208,0.009296510368585587,0.13344353437423706,
noctx,arbnet_density,2023-02-10,4.253347924532136e-06,0.01707451604306698,0.10076446831226349,
noctx,arbnet_density,2023-02-13,0.002067333087325096,0.023192184045910835,0.0012057273415848613,
noctx,arbnet_density,2023-02-14,2.718723237649101e-07,0.024180658161640167,0.001254533533938229,
noctx,arbnet_density,2023-02-15,2.8223372282809578e-05,0.021341057494282722,0.007983965799212456,
noctx,arbnet_density,2023-02-16,0.001841426594182849,0.019330009818077087,0.0021073922980576754,
noctx,arbnet_density,2023-02-17,6.859179961793416e-07,0.023891305550932884,0.0016473132418468595,
noctx,arbnet_density,2023-02-20,3.2049461879068986e-05,0.020767074078321457,0.08486628532409668,
noctx,arbnet_density,2023-02-21,0.0018991644028574228,0.019394872710108757,0.0012463531456887722,
noctx,arbnet_density,2023-02-22,0.001707286573946476,0.019910061731934547,0.002131442539393902,
noctx,arbnet_density,2023-02-23,0.0010124968830496073,0.014712336473166943,0.07894819229841232,
noctx,arbnet_density,2023-02-24,0.0011965397279709578,0.010229659266769886,0.11090809106826782,
noctx,arbnet_density,2023-02-27,4.84355550725013e-05,0.019927505403757095,0.05688783898949623,
noctx,arbnet_density,2023-02-28,0.0014198343269526958,0.007015564478933811,0.12917956709861755,
noctx,arbnet_density,2023-03-01,0.0004392660630401224,0.0070557682774960995,0.13955458998680115,
noctx,arbnet_density,2023-03-02,0.0014106807066127658,0.010038173757493496,0.07060176879167557,
noctx,arbnet_density,2023-03-03,2.5423639726795955e-06,0.0072159674018621445,0.1527155488729477,
noctx,arbnet_density,2023-03-06,1.0972806876452523e-06,0.013791630044579506,0.05672044679522514,
noctx,arbnet_density,2023-03-08,1.4923420167178847e-05,0.014925449155271053,0.05299956351518631,
noctx,arbnet_density,2023-03-09,7.887616447987966e-06,0.014492752030491829,0.11985272169113159,
noctx,arbnet_density,2023-03-10,0.00015615280426573008,0.012265940196812153,0.1344764530658722,
noctx,arbnet_density,2023-03-13,0.0017085872823372483,0.025537127628922462,0.002648018067702651,
noctx,arbnet_density,2023-03-14,0.002497612265869975,0.026400839909911156,0.001708418014459312,
noctx,arbnet_density,2023-03-15,0.0010769657092168927,0.025603700429201126,0.02939019165933132,
noctx,arbnet_density,2023-03-16,0.0025221153628081083,0.024669524282217026,0.002432851353660226,
noctx,arbnet_density,2023-03-17,0.0023412343580275774,0.021848872303962708,0.043076291680336,
noctx,arbnet_density,2023-03-20,0.002237764187157154,0.025534680113196373,0.001493551186285913,
noctx,arbnet_density,2023-03-21,0.0028632101602852345,0.023172611370682716,0.003113875165581703,
noctx,arbnet_density,2023-03-22,0.000965189014095813,0.017943428829312325,0.09145399183034897,
noctx,arbnet_density,2023-03-23,0.0026599799748510122,0.018376018851995468,0.007561473175883293,
noctx,arbnet_density,2023-03-24,0.0023598948027938604,0.023445090278983116,0.003684854367747903,
noctx,arbnet_density,2023-03-27,0.002115072915330529,0.025081979110836983,0.0034298088867217302,
noctx,arbnet_density,2023-03-28,0.002146831713616848,0.02449311688542366,0.0016791041707620025,
noctx,arbnet_density,2023-03-29,0.002236651722341776,0.020351406186819077,0.007891975343227386,
noctx,arbnet_density,2023-03-31,1.7106160612456733e-06,0.015012945048511028,0.04955015331506729,
noctx,arbnet_density,2023-04-03,8.08720233180793e-06,0.018226774409413338,0.058048322796821594,
noctx,arbnet_density,2023-04-05,2.433182544336887e-06,0.009028458036482334,0.13282175362110138,
noctx,arbnet_density,2023-04-06,5.805836735817138e-06,0.006682909559458494,0.14126713573932648,
noctx,arbnet_density,2023-04-10,4.292427092877915e-06,0.026256805285811424,0.007447169162333012,
noctx,arbnet_density,2023-04-11,1.2657335901167244e-05,0.019722938537597656,0.0933697447180748,
noctx,arbnet_density,2023-04-12,1.926106051541865e-05,0.012044494971632957,0.10703707486391068,
noctx,arbnet_density,2023-04-13,2.2439797248807736e-05,0.009007242508232594,0.13357216119766235,
noctx,arbnet_density,2023-04-17,3.73074635717785e-06,0.02634565345942974,0.001217629062011838,
noctx,arbnet_density,2023-04-18,1.8287665852767532e-06,0.024220602586865425,0.00536448135972023,
noctx,arbnet_density,2023-04-19,1.467009678890463e-05,0.017390897497534752,0.09602710604667664,
noctx,arbnet_density,2023-04-20,0.00199064495973289,0.016313152387738228,0.0022757810074836016,
noctx,arbnet_density,2023-04-21,1.1163946510350797e-05,0.01879342831671238,0.10005365312099457,
noctx,arbnet_density,2023-04-24,0.0009831700008362532,0.019423896446824074,0.0009120752802118659,
noctx,arbnet_density,2023-04-25,7.921376891317777e-06,0.00952337495982647,0.1557813286781311,
noctx,arbnet_density,2023-04-26,3.958253364544362e-05,0.01916368491947651,0.00710535841062665,
noctx,arbnet_density,2023-04-27,1.0090199793921784e-05,0.011298011057078838,0.1435253769159317,
noctx,arbnet_density,2023-04-28,1.2314339073782321e-05,0.006199811585247517,0.10960351675748825,
noctx,arbnet_density,2023-05-02,1.4931473742763046e-05,0.01776273362338543,0.08892885595560074,
noctx,arbnet_density,2023-05-03,1.5928360426187282e-06,0.008887206204235554,0.12292154878377914,
noctx,arbnet_density,2023-05-04,1.0632111298036762e-06,0.0068350364454090595,0.07702907919883728,
noctx,arbnet_density,2023-05-05,4.7822108172113076e-05,0.01656469516456127,0.08911466598510742,
noctx,arbnet_density,2023-05-08,1.550923661852721e-05,0.01971573196351528,0.05990271270275116,
noctx,arbnet_density,2023-05-09,0.00019320422143209726,0.016046714037656784,0.03979494422674179,
noctx,arbnet_density,2023-05-10,2.8156580356153427e-06,0.018426192924380302,0.036287423223257065,
noctx,arbnet_density,2023-05-11,6.955126082175411e-06,0.024641230702400208,0.003930111415684223,
noctx,arbnet_density,2023-05-12,2.3724714992567897e-05,0.014233147725462914,0.08904005587100983,
noctx,arbnet_density,2023-05-15,9.291957212553825e-06,0.019315961748361588,0.03359505161643028,
noctx,arbnet_density,2023-05-16,0.0006342239212244749,0.00904613733291626,0.117841936647892,
noctx,arbnet_density,2023-05-17,1.9567394701880403e-05,0.02394581399857998,0.006627322174608707,
noctx,arbnet_density,2023-05-18,0.0010587043361738324,0.008219760842621326,0.1128896027803421,
noctx,arbnet_density,2023-05-19,2.6362684366176836e-05,0.02244829386472702,0.0015803248388692737,
noctx,arbnet_density,2023-05-22,1.5545224414381664e-06,0.021348612383008003,0.002704216632992029,
noctx,arbnet_density,2023-05-23,8.385985711356625e-05,0.008723299019038677,0.1291121542453766,
noctx,arbnet_density,2023-05-24,0.0010379449231550097,0.01737475022673607,0.0009514606208540499,
noctx,arbnet_density,2023-05-25,0.001161597203463316,0.015471655875444412,0.0013881037011742592,
noctx,arbnet_density,2023-05-26,1.9922252249671146e-05,0.011409390717744827,0.029861636459827423,
noctx,arbnet_density,2023-05-29,2.0433697045518784e-06,0.013628162443637848,0.0199121106415987,
noctx,arbnet_density,2023-05-30,1.344019256066531e-05,0.005593428388237953,0.14461195468902588,
noctx,arbnet_density,2023-05-31,0.0012909529032185674,0.013813160359859467,0.005810944363474846,
noctx,arbnet_density,2023-06-01,0.0008581224246881902,0.011209490709006786,0.014688162133097649,
noctx,arbnet_density,2023-06-02,4.471302599995397e-05,0.013027520850300789,0.08894693106412888,
noctx,arbnet_density,2023-06-05,2.7274036256130785e-05,0.013980433344841003,0.04756324738264084,
noctx,arbnet_density,2023-06-06,3.001822733494919e-06,0.013712294399738312,0.04724707826972008,
noctx,arbnet_density,2023-06-07,4.8488262109458447e-05,0.01329855527728796,0.049747444689273834,
noctx,arbnet_density,2023-06-08,3.0491710276692174e-06,0.01710107922554016,0.07316004484891891,
noctx,arbnet_density,2023-06-09,1.1659945812425576e-05,0.01598605141043663,0.08131669461727142,
noctx,arbnet_density,2023-06-12,1.716713313726359e-06,0.02139635942876339,0.01744554378092289,
noctx,arbnet_density,2023-06-13,7.064934470690787e-05,0.016313623636960983,0.08246159553527832,
noctx,arbnet_density,2023-06-14,1.813042035792023e-05,0.014177519828081131,0.0902971476316452,
noctx,arbnet_density,2023-06-15,3.789359107031487e-05,0.014907445758581161,0.08465880155563354,
noctx,arbnet_density,2023-06-16,6.770023333046993e-07,0.022228684276342392,0.007008028216660023,
noctx,arbnet_density,2023-06-19,0.0009844473097473383,0.017041916027665138,0.053997620940208435,
noctx,arbnet_density,2023-06-20,5.3859119361732155e-05,0.017868058755993843,0.06619662046432495,
noctx,arbnet_density,2023-06-21,1.830782025535882e-06,0.01912357099354267,0.06460306793451309,
noctx,arbnet_density,2023-06-22,0.001575350877828896,0.01472440268844366,0.02885994128882885,
noctx,arbnet_density,2023-06-23,1.5289564544218592e-05,0.015942567959427834,0.0667644664645195,
noctx,arbnet_density,2023-06-26,4.218849426251836e-06,0.01602163165807724,0.07133688032627106,
noctx,arbnet_density,2023-06-27,1.1939832802454475e-06,0.011403955519199371,0.10094637423753738,
noctx,arbnet_density,2023-06-28,8.045172990023275e-07,0.01932896487414837,0.0018126111244782805,
noctx,arbnet_density,2023-06-30,4.783215103998373e-07,0.011725690215826035,0.081717848777771,
noctx,arbnet_density,2023-07-03,3.837933036265895e-05,0.010735809803009033,0.07920210808515549,
noctx,arbnet_density,2023-07-04,5.0356084102531895e-06,0.010276518762111664,0.07086791843175888,
noctx,arbnet_density,2023-07-05,8.068128067861835e-07,0.016621749848127365,0.014199810102581978,
noctx,arbnet_density,2023-07-06,7.691181963309646e-06,0.014374819584190845,0.028780916705727577,
noctx,arbnet_density,2023-07-07,2.4048067643889226e-06,0.02040182799100876,0.007246776018291712,
noctx,arbnet_density,2023-07-10,7.627216746186605e-06,0.016782864928245544,0.012297523207962513,
noctx,arbnet_density,2023-07-11,1.7649865640123608e-06,0.02020505629479885,0.0033590199891477823,
noctx,arbnet_density,2023-07-12,0.0009867330081760883,0.012074972502887249,0.07155006378889084,
noctx,arbnet_density,2023-07-13,8.885498345989618e-07,0.01894097961485386,0.0056456271559000015,
noctx,arbnet_density,2023-07-14,9.526621397526469e-06,0.015173086896538734,0.057581812143325806,
noctx,arbnet_density,2023-07-17,3.877259587170556e-06,0.013669856823980808,0.058150652796030045,
noctx,arbnet_density,2023-07-18,4.040925432491349e-06,0.018121372908353806,0.002668859204277396,
noctx,arbnet_density,2023-07-19,2.586541995697189e-06,0.013139885850250721,0.06719460338354111,
noctx,arbnet_density,2023-07-20,1.7467891666456126e-06,0.005724912043660879,0.09142301231622696,
noctx,arbnet_density,2023-07-21,3.7230431189527735e-05,0.014268233440816402,0.07311595231294632,
noctx,arbnet_density,2023-07-24,0.0013725828612223268,0.01721387729048729,0.002074204618111253,
noctx,arbnet_density,2023-07-25,0.0007980390801094472,0.013443761505186558,0.07019957154989243,
noctx,arbnet_density,2023-07-26,3.574263246264309e-05,0.012296030297875404,0.07885246723890305,
noctx,arbnet_density,2023-07-27,0.0019014788558706641,0.01318336185067892,0.013576253317296505,
noctx,arbnet_density,2023-07-28,3.5538425890990766e-06,0.009338886477053165,0.06654737144708633,
noctx,arbnet_density,2023-07-31,2.4637633941893e-06,0.015598316676914692,0.030513368546962738,
noctx,arbnet_density,2023-08-01,1.9227441953262314e-05,0.013630171306431293,0.04366611689329147,
noctx,arbnet_density,2023-08-02,7.099148206179962e-05,0.01140088401734829,0.04130948707461357,
noctx,arbnet_density,2023-08-03,0.0015268698334693909,0.010340938344597816,0.033956728875637054,
noctx,arbnet_density,2023-08-04,7.999372428457718e-06,0.012558653019368649,0.032950956374406815,
noctx,arbnet_density,2023-08-07,2.6225634428556077e-05,0.012121102772653103,0.04369083791971207,
noctx,arbnet_density,2023-08-08,2.608812792459503e-06,0.01000921055674553,0.04819058999419212,
noctx,arbnet_density,2023-08-09,4.433182311913697e-06,0.006594715174287558,0.10293285548686981,
noctx,arbnet_density,2023-08-10,2.0730246887978865e-06,0.009563138708472252,0.05426173284649849,
noctx,arbnet_density,2023-08-11,0.00016312669322360307,0.012547619640827179,0.07769650220870972,
noctx,arbnet_density,2023-08-14,1.5972577784850728e-06,0.013793700374662876,0.07257959991693497,
noctx,arbnet_density,2023-08-16,2.3528953079221537e-06,0.01612935960292816,0.009179500862956047,
noctx,arbnet_density,2023-08-17,5.336475805961527e-05,0.009148139506578445,0.09611097723245621,
noctx,arbnet_density,2023-08-18,0.00016152251919265836,0.01055025216192007,0.07859092205762863,
noctx,arbnet_density,2023-08-21,1.495675633123028e-06,0.015844320878386497,0.0643611028790474,
noctx,arbnet_density,2023-08-22,0.0008192973909899592,0.013386269100010395,0.0009034167160280049,
noctx,arbnet_density,2023-08-23,8.445619641861413e-06,0.009316741488873959,0.09236294031143188,
noctx,arbnet_density,2023-08-24,3.1800282158656046e-05,0.012712650001049042,0.06740587949752808,
noctx,arbnet_density,2023-08-25,2.642316758283414e-05,0.016553377732634544,0.03359328582882881,
noctx,arbnet_density,2023-08-28,0.001009030849672854,0.016506148502230644,0.0013128283899277449,
noctx,arbnet_density,2023-08-29,5.681403649759886e-07,0.013437771238386631,0.07433614134788513,
noctx,arbnet_density,2023-08-30,1.91163337603939e-07,0.013634489849209785,0.06215060502290726,
noctx,arbnet_density,2023-08-31,0.0017477346118539572,0.014500164426863194,0.0078072017058730125,
noctx,arbnet_density,2023-09-01,4.3092641135444865e-06,0.005716143175959587,0.08861210942268372,
noctx,arbnet_density,2023-09-04,2.2476506273960695e-06,0.014070379547774792,0.035512715578079224,
noctx,arbnet_density,2023-09-05,8.471331511827884e-07,0.013166910037398338,0.03785809502005577,
noctx,arbnet_density,2023-09-06,1.2675106518145185e-05,0.0064010173082351685,0.09173402935266495,
noctx,arbnet_density,2023-09-07,1.7772565570339793e-06,0.011126666329801083,0.04148997738957405,
noctx,arbnet_density,2023-09-08,0.00010786036727949977,0.00711071165278554,0.09214849025011063,
noctx,arbnet_density,2023-09-11,5.462310923576297e-07,0.015160073526203632,0.06038106977939606,
noctx,arbnet_density,2023-09-12,4.512677605816862e-06,0.01606239750981331,0.05589505657553673,
noctx,arbnet_density,2023-09-13,5.516773853742052e-06,0.014405783265829086,0.06569791585206985,
noctx,arbnet_density,2023-09-14,0.0017693740082904696,0.005779570899903774,0.09037204086780548,
noctx,arbnet_density,2023-09-15,2.9499607990146615e-05,0.012285313569009304,0.07616346329450607,
noctx,arbnet_density,2023-09-18,0.0010263322619721293,0.009112074039876461,0.08300788700580597,
noctx,arbnet_density,2023-09-20,0.0010046056704595685,0.012548106722533703,0.06261222809553146,
noctx,arbnet_density,2023-09-21,0.0008835365297272801,0.0100405840203166,0.07090692222118378,
noctx,arbnet_density,2023-09-22,0.001839549746364355,0.01570991426706314,0.0007335653644986451,
noctx,arbnet_density,2023-09-25,0.0016602965770289302,0.015796951949596405,0.0014309362741187215,
noctx,arbnet_density,2023-09-26,0.0008489952888339758,0.007724890485405922,0.08921424299478531,
noctx,arbnet_density,2023-09-27,0.000924635911360383,0.015213320963084698,0.0009012439986690879,
noctx,arbnet_density,2023-09-28,0.0011804589303210378,0.01225939579308033,0.05264207720756531,
noctx,arbnet_density,2023-09-29,5.989858209431986e-07,0.008755376562476158,0.07466620951890945,
noctx,arbnet_density,2023-10-03,0.0003554299473762512,0.008812431246042252,0.03889702633023262,
noctx,arbnet_density,2023-10-04,8.153450835379772e-06,0.008817504160106182,0.03548846393823624,
noctx,arbnet_density,2023-10-05,0.0009470866061747074,0.00561766792088747,0.02818482369184494,
noctx,arbnet_density,2023-10-06,9.729531302582473e-05,0.0074124266393482685,0.04080899432301521,
noctx,arbnet_density,2023-10-09,3.901252421201207e-05,0.011766014620661736,0.018540844321250916,
noctx,arbnet_density,2023-10-10,0.0011352587025612593,0.009949239902198315,0.023913173004984856,
noctx,arbnet_density,2023-10-11,0.00139256299007684,0.009931265376508236,0.009908334352076054,
noctx,arbnet_density,2023-10-12,0.0010283755837008357,0.008436648175120354,0.03841449320316315,
noctx,arbnet_density,2023-10-13,5.902805696678115e-06,0.01230104360729456,0.0009437749977223575,
noctx,arbnet_density,2023-10-16,0.0015868640039116144,0.010658352635800838,0.007466819602996111,
noctx,arbnet_density,2023-10-17,0.0009660304640419781,0.009342099539935589,0.008008788339793682,
noctx,arbnet_density,2023-10-18,9.083838085643947e-05,0.012471050955355167,0.012470860965549946,
noctx,arbnet_density,2023-10-19,0.0012768999440595508,0.009895996190607548,0.009319283999502659,
noctx,arbnet_density,2023-10-20,4.695126335718669e-06,0.012835190631449223,0.0051733264699578285,
noctx,arbnet_density,2023-10-23,5.640890231006779e-05,0.014135212637484074,0.0026115518994629383,
noctx,arbnet_density,2023-10-25,0.0008959395927377045,0.012265079654753208,0.006139127071946859,
noctx,arbnet_density,2023-10-26,0.0011985169257968664,0.011491997167468071,0.016760459169745445,
noctx,arbnet_density,2023-10-27,0.0011593530653044581,0.00572007754817605,0.044717926532030106,
noctx,arbnet_density,2023-10-30,0.0012958334991708398,0.0071312254294753075,0.033960796892642975,
noctx,arbnet_density,2023-10-31,0.001008081715553999,0.00703224865719676,0.043040379881858826,
noctx,arbnet_density,2023-11-01,0.0008692253031767905,0.007950356230139732,0.03988521173596382,
noctx,arbnet_density,2023-11-02,0.001620832015760243,0.00674382783472538,0.03598446398973465,
noctx,arbnet_density,2023-11-03,0.000608419650234282,0.007428660523146391,0.04175723344087601,
noctx,arbnet_density,2023-11-06,6.60403529764153e-05,0.00976596586406231,0.027487503364682198,
noctx,arbnet_density,2023-11-07,6.825986474723322e-06,0.009533626027405262,0.02906818501651287,
noctx,arbnet_density,2023-11-08,2.1635494249494513e-06,0.00946701131761074,0.022924751043319702,
noctx,arbnet_density,2023-11-09,0.0014686199137941003,0.005845946259796619,0.04862164705991745,
noctx,arbnet_density,2023-11-10,9.331386536359787e-06,0.009708749130368233,0.022087614983320236,
noctx,arbnet_density,2023-11-13,2.7887532269232906e-05,0.010103014297783375,0.02645833231508732,
noctx,arbnet_density,2023-11-15,5.71260679862462e-05,0.00813301745802164,0.04493194445967674,
noctx,arbnet_density,2023-11-16,0.0013383892364799976,0.007755873259156942,0.025532782077789307,
noctx,arbnet_density,2023-11-17,0.000787768280133605,0.00853721797466278,0.03681967779994011,
noctx,arbnet_density,2023-11-20,0.0009583831997588277,0.010943598113954067,0.02790982648730278,
noctx,arbnet_density,2023-11-21,0.001281635370105505,0.012121102772653103,0.012029558420181274,
noctx,arbnet_density,2023-11-22,0.0019396421266719699,0.0115428501740098,0.013186616823077202,
noctx,arbnet_density,2023-11-23,0.0018827569438144565,0.00929969735443592,0.020147841423749924,
noctx,arbnet_density,2023-11-24,0.001020881813019514,0.007141099311411381,0.050710394978523254,
noctx,arbnet_density,2023-11-28,0.0013690829509869218,0.011446494609117508,0.014008993282914162,
noctx,arbnet_density,2023-11-29,0.0016427121590822935,0.01244199089705944,0.009272164665162563,
noctx,arbnet_density,2023-11-30,0.0008563770679756999,0.011586629785597324,0.009772979654371738,
noctx,arbnet_density,2023-12-01,0.0011045540450140834,0.008974161930382252,0.02887161448597908,
noctx,arbnet_density,2023-12-04,0.0008390959119424224,0.010014943778514862,0.023176424205303192,
noctx,arbnet_density,2023-12-05,0.0009490805095992982,0.010606454685330391,0.024068370461463928,
noctx,arbnet_density,2023-12-06,0.0008413605974055827,0.01395548414438963,0.004587238654494286,
noctx,arbnet_density,2023-12-07,0.0014612978557124734,0.012936699204146862,0.014016975648701191,
noctx,arbnet_density,2023-12-08,0.0018404977163299918,0.01229410246014595,0.013611630536615849,
noctx,arbnet_density,2023-12-11,0.001239690580405295,0.01208297535777092,0.01940351538360119,
noctx,arbnet_density,2023-12-12,0.0011575513053685427,0.012871887534856796,0.012910922057926655,
noctx,arbnet_density,2023-12-13,0.0012068896321579814,0.012540497817099094,0.017374256625771523,
noctx,arbnet_density,2023-12-14,0.0009763666894286871,0.013450926169753075,0.014152798801660538,
noctx,arbnet_density,2023-12-15,0.004626368638128042,0.013229180127382278,0.019477881491184235,
noctx,arbnet_density,2023-12-18,0.0007056599715724587,0.016329996287822723,0.011819832026958466,
noctx,arbnet_density,2023-12-19,0.0019691595807671547,0.01731853000819683,0.0005308770341798663,
noctx,arbnet_density,2023-12-20,0.0006319065578281879,0.020381774753332138,0.006658812053501606,
noctx,arbnet_density,2023-12-21,0.0016110190190374851,0.017746422439813614,0.0113196587190032,
noctx,arbnet_density,2023-12-22,0.0009173634462058544,0.016642199829220772,0.0009592663845978677,
noctx,arbnet_density,2023-12-26,0.0009897759882733226,0.018356408923864365,0.01126086339354515,
noctx,arbnet_density,2023-12-27,0.0012782064732164145,0.017724670469760895,0.026790130883455276,
noctx,arbnet_density,2023-12-28,0.0004992905305698514,0.017672622576355934,0.000728303799405694,
noctx,arbnet_density,2023-12-29,0.0008598413551226258,0.016036100685596466,0.015063932165503502,
noctx,arbnet_density,2024-01-01,0.0005603223107755184,0.019763965159654617,0.0017636445118114352,
noctx,arbnet_density,2024-01-02,5.89167648286093e-05,0.01910102739930153,0.0013090090360492468,
noctx,arbnet_density,2024-01-03,1.9802146198344417e-05,0.017529288306832314,0.014819024130702019,
noctx,arbnet_density,2024-01-04,0.0009171690908260643,0.014143848791718483,0.02396577037870884,
noctx,arbnet_density,2024-01-05,2.9960319807287306e-06,0.013597364537417889,0.024821812286973,
noctx,arbnet_density,2024-01-08,0.0006470995140261948,0.013543440960347652,0.026504864916205406,
noctx,arbnet_density,2024-01-09,0.00044860452180728316,0.01569201424717903,0.005434282589703798,
noctx,arbnet_density,2024-01-10,0.0009462243760935962,0.014747880399227142,0.018274853006005287,
noctx,arbnet_density,2024-01-11,2.3828368284739554e-05,0.0142830153927207,0.019516102969646454,
noctx,arbnet_density,2024-01-12,0.0010985382832586765,0.013548162765800953,0.025255272164940834,
noctx,arbnet_density,2024-01-15,0.0009724873234517872,0.014150305651128292,0.026337167248129845,
noctx,arbnet_density,2024-01-16,1.0627483788994141e-05,0.016020040959119797,0.0125578623265028,
noctx,arbnet_density,2024-01-17,0.00017772737191990018,0.019019197672605515,0.015225443057715893,
noctx,arbnet_density,2024-01-18,0.0007735543767921627,0.01824774593114853,0.00585996825248003,
noctx,arbnet_density,2024-01-19,0.0009944266639649868,0.016405068337917328,0.009722285903990269,
noctx,arbnet_density,2024-01-23,0.0003449566720519215,0.01895141415297985,0.008067497052252293,
noctx,arbnet_density,2024-01-24,0.0003420564462430775,0.019656497985124588,0.0027569748926907778,
noctx,arbnet_density,2024-01-25,0.0002774230670183897,0.014431900344789028,0.01828424632549286,
noctx,arbnet_density,2024-01-29,0.000619764847215265,0.0178963765501976,0.0010665914742276073,
noctx,arbnet_density,2024-01-30,0.0003231002774555236,0.01907186396420002,0.0009322554687969387,
noctx,arbnet_density,2024-01-31,0.00021311038290150464,0.0173854548484087,0.0008535606320947409,
noctx,arbnet_density,2024-02-01,1.3112119631841779e-05,0.01645631156861782,0.007203820627182722,
noctx,arbnet_density,2024-02-02,0.0004963501705788076,0.016147542744874954,0.01710813120007515,
noctx,arbnet_density,2024-02-05,5.141476867720485e-05,0.017769696190953255,0.0011436290806159377,
noctx,arbnet_density,2024-02-06,0.00037527698441408575,0.017565002664923668,0.000822315807454288,
noctx,arbnet_density,2024-02-07,0.0005115055828355253,0.017573049291968346,0.0006753501365892589,
noctx,arbnet_density,2024-02-08,0.00037961415364407003,0.018553396686911583,0.01673501543700695,
noctx,arbnet_density,2024-02-09,4.034647281514481e-05,0.017980286851525307,0.0008774263551458716,
noctx,arbnet_density,2024-02-12,0.0002588076167739928,0.01716192252933979,0.000814608356449753,
noctx,arbnet_density,2024-02-13,0.0005847702850587666,0.017169209197163582,0.01694009266793728,
noctx,arbnet_density,2024-02-14,0.00022051965061109513,0.017522312700748444,0.0025245794095098972,
noctx,arbnet_density,2024-02-15,0.00035847825347445905,0.017751093953847885,0.0007166796131059527,
noctx,arbnet_density,2024-02-16,0.00044703364255838096,0.017756205052137375,0.0009052861132659018,
noctx,arbnet_density,2024-02-19,0.00022653084306512028,0.01742013730108738,0.0005956746754236519,
noctx,arbnet_density,2024-02-20,0.00028510639094747603,0.01794321835041046,0.0011203180765733123,
noctx,arbnet_density,2024-02-21,0.0002339842903893441,0.017545493319630623,0.0006276905769482255,
noctx,arbnet_density,2024-02-22,0.0004699368728324771,0.016698651015758514,0.0017066453583538532,
noctx,arbnet_density,2024-02-23,0.0005331086576916277,0.017001967877149582,0.0014259028248488903,
noctx,arbnet_density,2024-02-26,0.0005820128717459738,0.015175814740359783,0.0008822543895803392,
noctx,arbnet_density,2024-02-27,0.00037256244104355574,0.016485270112752914,0.01934199407696724,
noctx,arbnet_density,2024-02-28,0.00035804134677164257,0.01824580505490303,0.001571551663801074,
noctx,arbnet_density,2024-02-29,0.0009698157664388418,0.015083671547472477,0.03894610330462456,
noctx,arbnet_density,2024-03-01,0.0003118267632089555,0.014674666337668896,0.025575309991836548,
noctx,arbnet_density,2024-03-04,0.00033358216751366854,0.014801260083913803,0.022434089332818985,
noctx,arbnet_density,2024-03-05,1.3548232345783617e-05,0.018042054027318954,0.0006362696294672787,
noctx,arbnet_density,2024-03-06,0.00086086371447891,0.017653578892350197,0.0003981714544352144,
noctx,arbnet_density,2024-03-07,3.886088393301179e-07,0.01345469243824482,0.01998351514339447,
noctx,arbnet_density,2024-03-11,0.000854568206705153,0.017727114260196686,0.000784930947702378,
noctx,arbnet_density,2024-03-12,0.0005022026016376913,0.017650524154305458,0.001624932512640953,
noctx,arbnet_density,2024-03-13,0.00026269792579114437,0.01577720418572426,0.03231941908597946,
noctx,arbnet_density,2024-03-14,0.0013675816589966416,0.016105366870760918,0.0005061100237071514,
noctx,arbnet_density,2024-03-15,0.00032914779148995876,0.0155900614336133,0.03686287999153137,
noctx,arbnet_density,2024-03-18,0.0002286616072524339,0.01648632436990738,0.01941842958331108,
noctx,arbnet_density,2024-03-19,0.0006966807995922863,0.017438527196645737,0.0004938172642141581,
noctx,arbnet_density,2024-03-20,0.0005148445488885045,0.017068881541490555,0.0004769679217133671,
noctx,arbnet_density,2024-03-21,0.000528937962371856,0.015683092176914215,0.0010748493950814009,
noctx,arbnet_density,2024-03-22,0.001129437005147338,0.01454008650034666,0.01522151567041874,
noctx,arbnet_density,2024-03-26,0.0007674641092307866,0.015827884897589684,0.009844489395618439,
noctx,arbnet_density,2024-03-27,0.000399675132939592,0.01574370265007019,0.007186703849583864,
noctx,arbnet_density,2024-03-28,0.0005906361620873213,0.01272343099117279,0.018984366208314896,
noctx,arbnet_density,2024-04-01,0.001860513468272984,0.013769219629466534,0.04189322888851166,
noctx,arbnet_density,2024-04-02,0.0014532067580148578,0.00855233520269394,0.054147183895111084,
noctx,arbnet_density,2024-04-03,2.3368103938992135e-05,0.01498379185795784,0.03786193206906319,
noctx,arbnet_density,2024-04-04,0.0015911923255771399,0.011511502787470818,0.033721741288900375,
noctx,arbnet_density,2024-04-05,1.6164933185791597e-05,0.015010067261755466,0.03906780108809471,
noctx,arbnet_density,2024-04-08,0.0012325354618951678,0.013327766209840775,0.040687572211027145,
noctx,arbnet_density,2024-04-09,0.0013578733196482062,0.013780335895717144,0.03072788380086422,
noctx,arbnet_density,2024-04-10,1.0837881745828781e-05,0.012905393727123737,0.0463971346616745,
noctx,arbnet_density,2024-04-12,0.0018081197049468756,0.01247386448085308,0.0411391481757164,
noctx,arbnet_density,2024-04-15,0.0012881532311439514,0.014020919799804688,0.038410432636737823,
noctx,arbnet_density,2024-04-16,0.001084569375962019,0.014685194008052349,0.0377582348883152,
noctx,arbnet_density,2024-04-18,0.0010870975675061345,0.013631894253194332,0.0401090569794178,
noctx,arbnet_density,2024-04-19,0.0015203079674392939,0.011656512506306171,0.046673450618982315,
noctx,arbnet_density,2024-04-22,0.0010627276496961713,0.010774833150207996,0.055900655686855316,
noctx,arbnet_density,2024-04-23,0.0009220131323672831,0.008298802189528942,0.06915813684463501,
noctx,arbnet_density,2024-04-24,0.0007911622524261475,0.012098310515284538,0.037443820387125015,
noctx,arbnet_density,2024-04-25,0.00038620372652076185,0.008258499205112457,0.06723939627408981,
noctx,arbnet_density,2024-04-26,0.0012118738377466798,0.00897928886115551,0.054650481790304184,
noctx,arbnet_density,2024-04-29,0.0011995271779596806,0.011193466372787952,0.0530475452542305,
noctx,arbnet_density,2024-04-30,0.0010323879541829228,0.012175963260233402,0.047713570296764374,
noctx,arbnet_density,2024-05-02,4.714254828286357e-06,0.01777421310544014,0.03621385991573334,
noctx,arbnet_density,2024-05-03,2.2038875613361597e-06,0.01774662360548973,0.043907102197408676,
noctx,arbnet_density,2024-05-06,5.040441237724735e-07,0.026593690738081932,0.0010780367301777005,
noctx,arbnet_density,2024-05-07,4.4667998736258596e-05,0.020664190873503685,0.03680421784520149,
noctx,arbnet_density,2024-05-08,1.8107742789652548e-06,0.020704586058855057,0.04647459089756012,
noctx,arbnet_density,2024-05-09,2.6588244509184733e-05,0.031700681895017624,0.005894589237868786,
noctx,arbnet_density,2024-05-10,2.6806867481354857e-06,0.02490740269422531,0.04045269265770912,
noctx,arbnet_density,2024-05-13,4.32491196988849e-06,0.032587748020887375,0.0006419302662834525,
noctx,arbnet_density,2024-05-14,6.218839189386927e-06,0.032172780483961105,0.0005981519352644682,
noctx,arbnet_density,2024-05-15,2.8062731871614233e-07,0.03356422483921051,0.005269220564514399,
noctx,arbnet_density,2024-05-16,9.888353815767914e-06,0.030660349875688553,0.0020843963138759136,
noctx,arbnet_density,2024-05-17,8.749394510232378e-06,0.02630532532930374,0.00039684015791863203,
noctx,arbnet_density,2024-05-21,0.0006472048116847873,0.0312962606549263,0.0006815474480390549,
noctx,arbnet_density,2024-05-22,0.002120035234838724,0.030608629807829857,0.003921926021575928,
noctx,arbnet_density,2024-05-23,0.0008069411851465702,0.02578563056886196,0.0011315076844766736,
noctx,arbnet_density,2024-05-24,0.0005915387300774455,0.026878513395786285,0.0026553974021226168,
noctx,arbnet_density,2024-05-27,0.0013290387578308582,0.022760985419154167,0.0008933470817282796,
noctx,arbnet_density,2024-05-28,0.0007800216553732753,0.02572963573038578,0.0011884659761562943,
noctx,arbnet_density,2024-05-29,0.001286514918319881,0.027845924720168114,0.0007446405361406505,
noctx,arbnet_density,2024-05-30,0.001929174643009901,0.014500239863991737,0.054237157106399536,
noctx,arbnet_density,2024-05-31,0.002322025364264846,0.014581325463950634,0.00436818040907383,
noctx,arbnet_density,2024-06-03,0.0029093942139297724,0.018878543749451637,0.005139595828950405,
noctx,arbnet_density,2024-06-04,0.001452226541005075,0.028825893998146057,0.0008310648263432086,
noctx,arbnet_density,2024-06-05,0.0016151039162650704,0.016996927559375763,0.05150604993104935,
noctx,arbnet_density,2024-06-06,0.0018784415442496538,0.017523737624287605,0.048144709318876266,
noctx,arbnet_density,2024-06-07,0.0016686409944668412,0.019132403656840324,0.06127490848302841,
noctx,arbnet_density,2024-06-10,5.8395839914737735e-06,0.02351844497025013,0.022516362369060516,
noctx,arbnet_density,2024-06-11,0.0012749945744872093,0.020362840965390205,0.022117197513580322,
noctx,arbnet_density,2024-06-12,2.0143528672633693e-05,0.022100653499364853,0.009708326309919357,
noctx,arbnet_density,2024-06-13,3.5727887279790593e-06,0.012175380252301693,0.07282296568155289,
noctx,arbnet_density,2024-06-14,4.4565504140337e-06,0.01716037094593048,0.040913667529821396,
noctx,arbnet_density,2024-06-18,7.1799559009377845e-06,0.022779185324907303,0.0035189425107091665,
noctx,arbnet_density,2024-06-19,8.579079803894274e-06,0.018455058336257935,0.07162666320800781,
noctx,arbnet_density,2024-06-20,0.0008866451098583639,0.010560572147369385,0.10829297453165054,
noctx,arbnet_density,2024-06-21,1.0580909474811051e-05,0.014012669213116169,0.09178292751312256,
noctx,arbnet_density,2024-06-24,5.232023795542773e-06,0.02423943765461445,0.0023170430213212967,
noctx,arbnet_density,2024-06-25,4.1796160985541064e-06,0.022381585091352463,0.049644824117422104,
noctx,arbnet_density,2024-06-26,3.604124503908679e-05,0.01567942649126053,0.0970325618982315,
noctx,arbnet_density,2024-06-27,3.3057665405067382e-06,0.01734570600092411,0.020094282925128937,
noctx,arbnet_density,2024-06-28,0.0019087973050773144,0.013178765773773193,0.07683759182691574,
noctx,arbnet_density,2024-07-01,3.5780890357273165e-06,0.017676398158073425,0.05608472600579262,
noctx,arbnet_density,2024-07-02,1.5374886061181314e-05,0.01824474148452282,0.06417763978242874,
noctx,arbnet_density,2024-07-03,1.537358548375778e-05,0.01687985472381115,0.07191604375839233,
noctx,arbnet_density,2024-07-04,7.186958100646734e-06,0.012393789365887642,0.05954573675990105,
noctx,arbnet_density,2024-07-05,2.314844459760934e-05,0.014551626518368721,0.06416818499565125,
noctx,arbnet_density_skew,2019-01-01,0.004994284361600876,0.01374965813010931,0.0019683167338371277,17.31727409362793
noctx,arbnet_density_skew,2019-01-02,0.00658471928909421,0.01349690742790699,0.07364898920059204,16.41208267211914
noctx,arbnet_density_skew,2019-01-03,0.004545604810118675,0.015243581496179104,0.002120056189596653,17.580087661743164
noctx,arbnet_density_skew,2019-01-04,0.005207821726799011,0.012626114301383495,0.001684528891928494,17.28759002685547
noctx,arbnet_density_skew,2019-01-07,0.005277635063976049,0.013002395629882812,0.0018252748996019363,17.395692825317383
noctx,arbnet_density_skew,2019-01-08,0.006281951908022165,0.01292823813855648,0.06334120035171509,16.492517471313477
noctx,arbnet_density_skew,2019-01-09,0.005893619731068611,0.011436979286372662,0.0036510054487735033,16.556415557861328
noctx,arbnet_density_skew,2019-01-10,0.006533547770231962,0.01343222800642252,0.05368382856249809,16.177413940429688
noctx,arbnet_density_skew,2019-01-11,0.00597172137349844,0.01136733777821064,0.003329508937895298,16.779132843017578
noctx,arbnet_density_skew,2019-01-14,0.00553154805675149,0.011183042079210281,0.0015862435102462769,17.6354923248291
noctx,arbnet_density_skew,2019-01-15,0.005487330257892609,0.010695167817175388,0.0015363350976258516,18.007429122924805
noctx,arbnet_density_skew,2019-01-16,0.006268486846238375,0.015440545044839382,0.04249930381774902,16.53682518005371
noctx,arbnet_density_skew,2019-01-17,0.00635014520958066,0.012184478342533112,0.0047598350793123245,17.03254508972168
noctx,arbnet_density_skew,2019-01-18,0.008098872378468513,0.01280190795660019,0.04162728786468506,16.458799362182617
noctx,arbnet_density_skew,2019-01-21,0.005314273294061422,0.013568481430411339,0.0023909341543912888,17.711790084838867
noctx,arbnet_density_skew,2019-01-22,0.0055414242669939995,0.012134035117924213,0.0016579176299273968,18.598466873168945
noctx,arbnet_density_skew,2019-01-23,0.006678411737084389,0.011942073702812195,0.00138907041400671,22.286890029907227
noctx,arbnet_density_skew,2019-01-24,0.0054148281924426556,0.014909245073795319,0.0018995763966813684,19.698720932006836
noctx,arbnet_density_skew,2019-01-25,0.0065954760648310184,0.01286782044917345,0.001700909691862762,20.5574893951416
noctx,arbnet_density_skew,2019-01-28,0.004421263933181763,0.012742270715534687,0.0014032694743946195,21.463489532470703
noctx,arbnet_density_skew,2019-01-29,0.0035181737039238214,0.012119671329855919,0.0014514557551592588,20.751171112060547
noctx,arbnet_density_skew,2019-01-30,0.005202626343816519,0.012529373168945312,0.0016070455312728882,18.431711196899414
noctx,arbnet_density_skew,2019-01-31,0.007261150050908327,0.012838694266974926,0.061417002230882645,16.945070266723633
noctx,arbnet_density_skew,2019-02-01,8.411591978507715e-10,0.011988609097898006,0.06109638139605522,19.594024658203125
noctx,arbnet_density_skew,2019-02-04,2.144825702998787e-05,0.012368014082312584,0.05715438723564148,19.58246612548828
noctx,arbnet_density_skew,2019-02-05,0.006040805019438267,0.01061798632144928,0.044002410024404526,16.3662166595459
noctx,arbnet_density_skew,2019-02-06,0.005191309377551079,0.011676721274852753,0.01348912250250578,16.61052703857422
noctx,arbnet_density_skew,2019-02-07,0.006804025266319513,0.009858909994363785,0.05143352970480919,16.249292373657227
noctx,arbnet_density_skew,2019-02-08,9.874440365820192e-06,0.016103234142065048,0.05113708972930908,19.462427139282227
noctx,arbnet_density_skew,2019-02-11,0.005807690788060427,0.014958799816668034,0.031741198152303696,13.881999015808105
noctx,arbnet_density_skew,2019-02-12,0.004796633031219244,0.01707904413342476,0.0020502153784036636,14.189167022705078
noctx,arbnet_density_skew,2019-02-13,0.00011182086018379778,0.011537439189851284,0.041325442492961884,19.07807159423828
noctx,arbnet_density_skew,2019-02-14,0.006197120063006878,0.015419182367622852,0.018567917868494987,13.342789649963379
noctx,arbnet_density_skew,2019-02-15,0.006151305977255106,0.015284724533557892,0.015190314501523972,12.693584442138672
noctx,arbnet_density_skew,2019-02-18,0.0057680364698171616,0.017884962260723114,0.0017661333549767733,15.952836990356445
noctx,arbnet_density_skew,2019-02-19,0.00438070809468627,0.016105519607663155,0.012846452184021473,14.420516014099121
noctx,arbnet_density_skew,2019-02-20,0.006718338001519442,0.01635245606303215,0.018611328676342964,12.069584846496582
noctx,arbnet_density_skew,2019-02-21,0.006715395487844944,0.014848070219159126,0.025462698191404343,13.267189025878906
noctx,arbnet_density_skew,2019-02-22,0.006645804736763239,0.014505813829600811,0.016038214787840843,12.491846084594727
noctx,arbnet_density_skew,2019-02-25,0.008517693728208542,0.013660848140716553,0.02647469937801361,12.009013175964355
noctx,arbnet_density_skew,2019-02-26,0.005355649162083864,0.015326667577028275,0.01065133884549141,12.907435417175293
noctx,arbnet_density_skew,2019-02-27,0.004926323890686035,0.016636352986097336,0.0004218926187604666,16.52602767944336
noctx,arbnet_density_skew,2019-02-28,0.005081724841147661,0.015539114363491535,0.0009143599309027195,15.357010841369629
noctx,arbnet_density_skew,2019-03-01,0.005129442550241947,0.00800453219562769,0.06538670510053635,16.76932144165039
noctx,arbnet_density_skew,2019-03-05,0.006317234132438898,0.013056664727628231,0.019621824845671654,12.57536506652832
noctx,arbnet_density_skew,2019-03-06,0.005858974065631628,0.012165534310042858,0.023668868467211723,13.638982772827148
noctx,arbnet_density_skew,2019-03-07,0.006056687328964472,0.006593800149857998,0.08161531388759613,15.307647705078125
noctx,arbnet_density_skew,2019-03-08,0.006729851942509413,0.010270270518958569,0.02165987528860569,12.997735977172852
noctx,arbnet_density_skew,2019-03-11,0.006543199066072702,0.012485076673328876,0.02515222877264023,12.73970890045166
noctx,arbnet_density_skew,2019-03-12,0.005288281943649054,0.009593420661985874,0.07599577307701111,15.007254600524902
noctx,arbnet_density_skew,2019-03-13,0.0069157881662249565,0.00815464835613966,0.0857216864824295,14.353205680847168
noctx,arbnet_density_skew,2019-03-14,0.00666100112721324,0.007542807143181562,0.08807390928268433,15.376354217529297
noctx,arbnet_density_skew,2019-03-15,0.007168092764914036,0.015441560186445713,0.012994710355997086,14.056540489196777
noctx,arbnet_density_skew,2019-03-18,0.010261564515531063,0.015314915217459202,0.008626692928373814,12.067474365234375
noctx,arbnet_density_skew,2019-03-19,0.009624110534787178,0.01554902084171772,0.0073868874460458755,12.401544570922852
noctx,arbnet_density_skew,2019-03-20,0.004231093917042017,0.007088043261319399,0.09608592838048935,18.815763473510742
noctx,arbnet_density_skew,2019-03-22,0.007377698551863432,0.013638803735375404,0.011202885769307613,13.578344345092773
noctx,arbnet_density_skew,2019-03-25,0.0053020198829472065,0.009324979037046432,0.0829341933131218,16.549707412719727
noctx,arbnet_density_skew,2019-03-26,0.00421971594914794,0.01011666003614664,0.09106610715389252,18.535552978515625
noctx,arbnet_density_skew,2019-03-27,0.003296210430562496,0.009562671184539795,0.09670976549386978,18.95894432067871
noctx,arbnet_density_skew,2019-03-28,0.005683504976332188,0.016973605379462242,0.001200679806061089,17.06360626220703
noctx,arbnet_density_skew,2019-03-29,0.07560037821531296,0.014186874032020569,0.03625354915857315,23.65558433532715
noctx,arbnet_density_skew,2019-04-01,0.018814969807863235,0.012850536033511162,0.03381037712097168,12.460329055786133
noctx,arbnet_density_skew,2019-04-02,0.018028773367404938,0.015201029367744923,0.006877927575260401,11.513955116271973
noctx,arbnet_density_skew,2019-04-03,0.011240251362323761,0.01856968179345131,0.0060958596877753735,16.208017349243164
noctx,arbnet_density_skew,2019-04-04,0.007593334652483463,0.009779228828847408,0.05485298112034798,15.235549926757812
noctx,arbnet_density_skew,2019-04-05,0.007680152542889118,0.013202610425651073,0.03711135685443878,17.25368309020996
noctx,arbnet_density_skew,2019-04-08,0.006329513154923916,0.009512674994766712,0.055423229932785034,19.955862045288086
noctx,arbnet_density_skew,2019-04-09,0.0030246588867157698,0.010331637226045132,0.04839475452899933,18.70517921447754
noctx,arbnet_density_skew,2019-04-10,0.008612032979726791,0.017493942752480507,0.0013839666498824954,17.97714614868164
noctx,arbnet_density_skew,2019-04-11,0.00730533292517066,0.016773683950304985,0.001366009353660047,17.24301528930664
noctx,arbnet_density_skew,2019-04-12,0.013674248941242695,0.012789765372872353,0.007331214379519224,12.793517112731934
noctx,arbnet_density_skew,2019-04-15,7.771906530251727e-05,0.008151566609740257,0.07113910466432571,18.814828872680664
noctx,arbnet_density_skew,2019-04-16,0.012464821338653564,0.012099859304726124,0.01177048310637474,11.93121337890625
noctx,arbnet_density_skew,2019-04-18,0.008190623484551907,0.011539763770997524,0.010537594556808472,13.855951309204102
noctx,arbnet_density_skew,2019-04-22,0.004757292568683624,0.010200736112892628,0.0009863132145255804,19.368927001953125
noctx,arbnet_density_skew,2019-04-23,0.006751067470759153,0.015769390389323235,0.002542062196880579,14.568334579467773
noctx,arbnet_density_skew,2019-04-24,0.006283994298428297,0.009830391965806484,0.07848592847585678,15.471269607543945
noctx,arbnet_density_skew,2019-04-25,0.004810005892068148,0.013738013803958893,0.06302940100431442,16.0919132232666
noctx,arbnet_density_skew,2019-04-26,0.005111575126647949,0.01428312249481678,0.016692515462636948,14.898552894592285
noctx,arbnet_density_skew,2019-04-30,0.005394455045461655,0.013456705957651138,0.012219870463013649,16.271915435791016
noctx,arbnet_density_skew,2019-05-02,0.0038421612698584795,0.013518447987735271,0.003461658488959074,18.331008911132812
noctx,arbnet_density_skew,2019-05-03,0.003963768482208252,0.01028555165976286,0.0013076544273644686,21.267457962036133
noctx,arbnet_density_skew,2019-05-06,0.0031162453815340996,0.012855511158704758,0.0011465047718957067,20.29868507385254
noctx,arbnet_density_skew,2019-05-07,0.0038946494460105896,0.010409547947347164,0.001324386103078723,24.301748275756836
noctx,arbnet_density_skew,2019-05-08,0.002104342682287097,0.01882067508995533,0.0017068063607439399,20.3380126953125
noctx,arbnet_density_skew,2019-05-09,0.0030738161876797676,0.012616103515028954,0.001368494238704443,22.606294631958008
noctx,arbnet_density_skew,2019-05-10,0.003440235275775194,0.017982689663767815,0.0019681956619024277,21.388246536254883
noctx,arbnet_density_skew,2019-05-13,0.004342079162597656,0.012489632703363895,0.0009615165763534606,24.5886287689209
noctx,arbnet_density_skew,2019-05-14,0.0033038007095456123,0.016448987647891045,0.0007165863062255085,24.962133407592773
noctx,arbnet_density_skew,2019-05-15,0.0039654867723584175,0.01926269568502903,0.0007969988510012627,24.53331184387207
noctx,arbnet_density_skew,2019-05-16,0.002835360821336508,0.014564053155481815,0.0007009530090726912,24.45990562438965
noctx,arbnet_density_skew,2019-05-17,0.003462169086560607,0.023172885179519653,0.0002285959926666692,24.890819549560547
noctx,arbnet_density_skew,2019-05-20,0.005040344316512346,0.05080988630652428,0.0004095338226761669,23.422937393188477
noctx,arbnet_density_skew,2019-05-21,0.005215748213231564,0.04800645634531975,0.00045602640602737665,23.19196319580078
noctx,arbnet_density_skew,2019-05-22,0.0033315178006887436,0.04678671434521675,0.00020821121870540082,23.03663444519043
noctx,arbnet_density_skew,2019-05-23,0.004718773532658815,0.03859483823180199,0.008592360652983189,16.848358154296875
noctx,arbnet_density_skew,2019-05-24,0.004759767558425665,0.025716405361890793,0.0963442400097847,16.13561248779297
noctx,arbnet_density_skew,2019-05-27,0.005064785480499268,0.022235818207263947,0.08297042548656464,15.891746520996094
noctx,arbnet_density_skew,2019-05-28,0.0048950365744531155,0.021462036296725273,0.049591559916734695,15.619738578796387
noctx,arbnet_density_skew,2019-05-29,0.0056596011854708195,0.015729429200291634,0.15021242201328278,16.65219497680664
noctx,arbnet_density_skew,2019-05-30,0.005622955039143562,0.016278013586997986,0.1408478021621704,16.25682258605957
noctx,arbnet_density_skew,2019-05-31,0.004874445032328367,0.013863199390470982,0.09030649065971375,14.64828109741211
noctx,arbnet_density_skew,2019-06-03,0.00524393655359745,0.02033853344619274,0.043629225343465805,14.54557991027832
noctx,arbnet_density_skew,2019-06-04,0.003949695732444525,0.02066235989332199,0.07360540330410004,15.746556282043457
noctx,arbnet_density_skew,2019-06-06,0.004629399161785841,0.020323731005191803,0.0631498172879219,14.914918899536133
noctx,arbnet_density_skew,2019-06-07,0.005209127441048622,0.01598239131271839,0.013344746083021164,14.347206115722656
noctx,arbnet_density_skew,2019-06-10,0.005741009954363108,0.01483558677136898,0.012386414222419262,13.882556915283203
noctx,arbnet_density_skew,2019-06-11,0.003963918425142765,0.016839509829878807,0.051797520369291306,15.093111991882324
noctx,arbnet_density_skew,2019-06-12,0.005409715231508017,0.013622252270579338,0.0075358375906944275,14.784247398376465
noctx,arbnet_density_skew,2019-06-13,0.004329820163547993,0.010085429064929485,0.07894329726696014,15.265029907226562
noctx,arbnet_density_skew,2019-06-14,0.003863939316943288,0.01333082839846611,0.004910364281386137,14.734602928161621
noctx,arbnet_density_skew,2019-06-17,0.004942039493471384,0.01906185783445835,0.05578146129846573,16.962520599365234
noctx,arbnet_density_skew,2019-06-18,0.004565742798149586,0.01040574163198471,0.0012695989571511745,15.119522094726562
noctx,arbnet_density_skew,2019-06-19,0.0031175033655017614,0.015814321115612984,0.06838973611593246,15.098160743713379
noctx,arbnet_density_skew,2019-06-20,0.0045433687046170235,0.011805850081145763,0.0027910780627280474,14.301450729370117
noctx,arbnet_density_skew,2019-06-21,0.002903649350628257,0.02122950367629528,0.009363580495119095,14.541549682617188
noctx,arbnet_density_skew,2019-06-24,0.003933184780180454,0.01348900143057108,0.0014512973139062524,15.489483833312988
noctx,arbnet_density_skew,2019-06-25,0.0029224175959825516,0.017282919958233833,0.06541026383638382,15.123159408569336
noctx,arbnet_density_skew,2019-06-26,0.0031454688869416714,0.013759995810687542,0.0013140846276655793,15.64129638671875
noctx,arbnet_density_skew,2019-06-27,0.003497934201732278,0.013102895580232143,0.0014733346179127693,16.95619773864746
noctx,arbnet_density_skew,2019-06-28,0.013892210088670254,0.01885925978422165,0.024890733882784843,12.17005443572998
noctx,arbnet_density_skew,2019-07-01,0.010621841065585613,0.019881004467606544,0.014894080348312855,12.678548812866211
noctx,arbnet_density_skew,2019-07-02,0.010831001214683056,0.01567748375236988,0.025801803916692734,12.214354515075684
noctx,arbnet_density_skew,2019-07-03,0.011872407048940659,0.015781736001372337,0.0076352497562766075,12.62310791015625
noctx,arbnet_density_skew,2019-07-04,0.014515602961182594,0.01640106737613678,0.01888643577694893,11.314208030700684
noctx,arbnet_density_skew,2019-07-05,0.008472863584756851,0.013292050920426846,0.03492260351777077,14.314567565917969
noctx,arbnet_density_skew,2019-07-08,0.007513308897614479,0.018008023500442505,0.0539545863866806,15.047426223754883
noctx,arbnet_density_skew,2019-07-09,0.0064683943055570126,0.01178608275949955,0.001526176929473877,15.336647987365723
noctx,arbnet_density_skew,2019-07-10,0.007447642739862204,0.011161119677126408,0.0022971266880631447,14.489543914794922
noctx,arbnet_density_skew,2019-07-11,0.008683355525135994,0.011193757876753807,0.06945162266492844,14.432093620300293
noctx,arbnet_density_skew,2019-07-12,0.010083522647619247,0.008350479416549206,0.06823161244392395,14.961153984069824
noctx,arbnet_density_skew,2019-07-15,0.008896016515791416,0.01312844455242157,0.05514122545719147,13.62558364868164
noctx,arbnet_density_skew,2019-07-16,0.007042462471872568,0.007601301185786724,0.0009737640502862632,16.240951538085938
noctx,arbnet_density_skew,2019-07-17,0.008775930851697922,0.009442229755222797,0.06075117737054825,14.014486312866211
noctx,arbnet_density_skew,2019-07-18,0.006318514235317707,0.010967357084155083,0.002434710506349802,15.017664909362793
noctx,arbnet_density_skew,2019-07-19,0.007587499916553497,0.017311055213212967,0.008501515723764896,14.527929306030273
noctx,arbnet_density_skew,2019-07-22,0.008949938230216503,0.014065624214708805,0.06364840269088745,14.11989688873291
noctx,arbnet_density_skew,2019-07-23,0.006532514002174139,0.012444674037396908,0.003416876308619976,14.212285995483398
noctx,arbnet_density_skew,2019-07-24,0.008313866332173347,0.01177075132727623,0.069826140999794,14.20283031463623
noctx,arbnet_density_skew,2019-07-25,0.0064405943267047405,0.01530369371175766,0.0031071044504642487,15.401556015014648
noctx,arbnet_density_skew,2019-07-26,0.005219177808612585,0.015183128416538239,0.006561082787811756,14.654122352600098
noctx,arbnet_density_skew,2019-07-29,0.007816430181264877,0.012751257978379726,0.054082080721855164,14.380050659179688
noctx,arbnet_density_skew,2019-07-30,0.005557167809456587,0.014029206708073616,0.002768520265817642,15.56098461151123
noctx,arbnet_density_skew,2019-07-31,0.007962370291352272,0.010674886405467987,0.06670882552862167,14.206293106079102
noctx,arbnet_density_skew,2019-08-01,0.007255036383867264,0.01584840752184391,0.046110790222883224,14.728621482849121
noctx,arbnet_density_skew,2019-08-02,0.007023388985544443,0.01718415878713131,0.01635485514998436,12.748810768127441
noctx,arbnet_density_skew,2019-08-05,0.007071140222251415,0.021531740203499794,0.002549938391894102,12.765185356140137
noctx,arbnet_density_skew,2019-08-06,0.008279974572360516,0.018566062673926353,0.023975109681487083,12.254300117492676
noctx,arbnet_density_skew,2019-08-07,0.007522339466959238,0.01948307640850544,0.009711685590445995,12.620231628417969
noctx,arbnet_density_skew,2019-08-08,0.005513326730579138,0.01858408749103546,0.042222995311021805,14.113947868347168
noctx,arbnet_density_skew,2019-08-09,0.006184055004268885,0.016475724056363106,0.04836024343967438,13.918168067932129
noctx,arbnet_density_skew,2019-08-13,0.0065237535163760185,0.015755707398056984,0.05563562363386154,14.895102500915527
noctx,arbnet_density_skew,2019-08-14,0.00583104882389307,0.01611855998635292,0.007627492304891348,14.602684020996094
noctx,arbnet_density_skew,2019-08-16,0.00528629869222641,0.021772148087620735,0.022285372018814087,14.258304595947266
noctx,arbnet_density_skew,2019-08-19,0.006923476234078407,0.0216387826949358,0.03291373699903488,13.690903663635254
noctx,arbnet_density_skew,2019-08-20,0.0071463873609900475,0.02221314236521721,0.027028366923332214,12.640168190002441
noctx,arbnet_density_skew,2019-08-21,0.00632459344342351,0.022170444950461388,0.02878844551742077,13.148372650146484
noctx,arbnet_density_skew,2019-08-22,0.004206747282296419,0.015108991414308548,0.002327974420040846,15.476021766662598
noctx,arbnet_density_skew,2019-08-23,0.0037641359958797693,0.024010395631194115,0.0021106330677866936,14.306424140930176
noctx,arbnet_density_skew,2019-08-26,0.004229824990034103,0.022878117859363556,0.009404764510691166,14.702086448669434
noctx,arbnet_density_skew,2019-08-27,0.0048055872321128845,0.021295130252838135,0.0948777124285698,14.919103622436523
noctx,arbnet_density_skew,2019-08-28,0.005111118778586388,0.021372226998209953,0.0769902914762497,14.933931350708008
noctx,arbnet_density_skew,2019-08-29,0.0036980777513235807,0.02499656192958355,0.0025860255118459463,15.787874221801758
noctx,arbnet_density_skew,2019-08-30,0.004840632900595665,0.020619699731469154,0.03249155730009079,14.646207809448242
noctx,arbnet_density_skew,2019-09-03,0.0035065021365880966,0.028932344168424606,0.02830146811902523,14.648771286010742
noctx,arbnet_density_skew,2019-09-04,0.003593898145481944,0.025655612349510193,0.0507156178355217,15.274679183959961
noctx,arbnet_density_skew,2019-09-05,0.004106650594621897,0.026719501242041588,0.03326057642698288,15.113114356994629
noctx,arbnet_density_skew,2019-09-06,0.004530066158622503,0.020755263045430183,0.0349976010620594,14.514289855957031
noctx,arbnet_density_skew,2019-09-09,0.005817090161144733,0.013124477118253708,0.0686919242143631,15.01710033416748
noctx,arbnet_density_skew,2019-09-11,0.0044396985322237015,0.01872537098824978,0.016458870843052864,14.084175109863281
noctx,arbnet_density_skew,2019-09-12,0.0038628384936600924,0.020803995430469513,0.016718728467822075,14.7145357131958
noctx,arbnet_density_skew,2019-09-13,0.004297942854464054,0.019403649494051933,0.052394453436136246,15.163820266723633
noctx,arbnet_density_skew,2019-09-16,0.0034094159491360188,0.021313780918717384,0.00612251739948988,14.221951484680176
noctx,arbnet_density_skew,2019-09-17,0.0032404600642621517,0.02519865706562996,0.0048254202120006084,14.0899658203125
noctx,arbnet_density_skew,2019-09-18,0.005582116544246674,0.014361799694597721,0.0016425872454419732,15.296297073364258
noctx,arbnet_density_skew,2019-09-19,0.0028385764453560114,0.018382512032985687,0.08405023068189621,15.991363525390625
noctx,arbnet_density_skew,2019-09-20,0.01099888514727354,0.03117900714278221,0.02309384196996689,14.82517147064209
noctx,arbnet_density_skew,2019-09-23,0.01573462411761284,0.025000734254717827,0.006981687154620886,15.49136734008789
noctx,arbnet_density_skew,2019-09-24,0.011186407878994942,0.041942764073610306,0.04180170223116875,15.460250854492188
noctx,arbnet_density_skew,2019-09-25,0.0120374895632267,0.031105749309062958,0.004366403911262751,15.600537300109863
noctx,arbnet_density_skew,2019-09-26,0.004205356352031231,0.03369878977537155,0.3483409881591797,17.749221801757812
noctx,arbnet_density_skew,2019-09-27,0.010981785133481026,0.02904864400625229,0.07340921461582184,13.998369216918945
noctx,arbnet_density_skew,2019-09-30,0.008692041039466858,0.034662872552871704,0.038032665848731995,14.17883014678955
noctx,arbnet_density_skew,2019-10-01,0.009308014065027237,0.045202694833278656,0.13045230507850647,15.128424644470215
noctx,arbnet_density_skew,2019-10-03,0.008563225157558918,0.03149190917611122,0.03111572004854679,14.754058837890625
noctx,arbnet_density_skew,2019-10-04,0.008000745438039303,0.0323202982544899,0.1465030014514923,15.526338577270508
noctx,arbnet_density_skew,2019-10-07,0.009632598608732224,0.0224978756159544,0.004262302070856094,14.280462265014648
noctx,arbnet_density_skew,2019-10-09,0.008511068299412727,0.023939596489071846,0.1615140736103058,15.064168930053711
noctx,arbnet_density_skew,2019-10-10,0.008159433491528034,0.022553779184818268,0.03249169513583183,14.344911575317383
noctx,arbnet_density_skew,2019-10-11,0.008802435360848904,0.0184259545058012,0.16369131207466125,14.850924491882324
noctx,arbnet_density_skew,2019-10-14,0.009492959827184677,0.019488440826535225,0.011362811550498009,14.84399700164795
noctx,arbnet_density_skew,2019-10-15,0.008989270776510239,0.0166894793510437,0.0057511720806360245,14.92140007019043
noctx,arbnet_density_skew,2019-10-16,0.0077750361524522305,0.023753507062792778,0.1469404101371765,16.283903121948242
noctx,arbnet_density_skew,2019-10-17,0.008760873228311539,0.01078916247934103,0.0021374786738306284,15.740407943725586
noctx,arbnet_density_skew,2019-10-18,0.007590760476887226,0.018841290846467018,0.12316299974918365,16.06496810913086
noctx,arbnet_density_skew,2019-10-22,0.007482285611331463,0.027702631428837776,0.008350285701453686,15.276788711547852
noctx,arbnet_density_skew,2019-10-23,0.006041501648724079,0.029931847006082535,0.016826989129185677,15.061488151550293
noctx,arbnet_density_skew,2019-10-24,0.007898791693150997,0.020909730345010757,0.004892025608569384,15.394611358642578
noctx,arbnet_density_skew,2019-10-25,0.007268720306456089,0.021814092993736267,0.11575271189212799,15.755271911621094
noctx,arbnet_density_skew,2019-10-29,0.007900997996330261,0.02257644757628441,0.07983729243278503,15.391230583190918
noctx,arbnet_density_skew,2019-10-30,0.007204369176179171,0.02283681556582451,0.07686973363161087,15.731331825256348
noctx,arbnet_density_skew,2019-10-31,0.007329775020480156,0.01648341678082943,0.11999599635601044,15.397899627685547
noctx,arbnet_density_skew,2019-11-01,0.006672993768006563,0.018225960433483124,0.06377948820590973,14.997586250305176
noctx,arbnet_density_skew,2019-11-04,0.007969730533659458,0.02259690873324871,0.03588179498910904,14.116531372070312
noctx,arbnet_density_skew,2019-11-05,0.007285600062459707,0.01842406392097473,0.05373641848564148,14.654661178588867
noctx,arbnet_density_skew,2019-11-06,0.00977138988673687,0.016777293756604195,0.04029493033885956,14.230076789855957
noctx,arbnet_density_skew,2019-11-07,0.007188598625361919,0.013898228295147419,0.048225149512290955,14.859210968017578
noctx,arbnet_density_skew,2019-11-08,0.007841575890779495,0.01516665332019329,0.04170152544975281,14.549882888793945
noctx,arbnet_density_skew,2019-11-11,0.007543581072241068,0.01874241605401039,0.022978460416197777,14.76279067993164
noctx,arbnet_density_skew,2019-11-13,0.006632382981479168,0.017448224127292633,0.023968970403075218,14.598514556884766
noctx,arbnet_density_skew,2019-11-14,0.007427194155752659,0.015403364785015583,0.0426892414689064,14.711029052734375
noctx,arbnet_density_skew,2019-11-15,0.00971116591244936,0.01796749420464039,0.029824160039424896,16.888425827026367
noctx,arbnet_density_skew,2019-11-18,0.008660496212542057,0.017844924703240395,0.017496449872851372,15.694841384887695
noctx,arbnet_density_skew,2019-11-19,0.009434102103114128,0.01646323874592781,0.028633246198296547,15.431846618652344
noctx,arbnet_density_skew,2019-11-20,0.00845281220972538,0.015923988074064255,0.02159944921731949,13.71091365814209
noctx,arbnet_density_skew,2019-11-21,0.006546169985085726,0.013993791304528713,0.01868540793657303,14.044301986694336
noctx,arbnet_density_skew,2019-11-22,0.007622760254889727,0.010779265314340591,0.03683600574731827,14.434220314025879
noctx,arbnet_density_skew,2019-11-25,0.006779530085623264,0.018876617774367332,0.004181102383881807,14.36196517944336
noctx,arbnet_density_skew,2019-11-26,0.005883423611521721,0.01816115342080593,0.0030713940504938364,16.04456329345703
noctx,arbnet_density_skew,2019-11-27,0.007080180570483208,0.012864912860095501,0.03698596730828285,14.378775596618652
noctx,arbnet_density_skew,2019-11-28,0.004300137981772423,0.009913709945976734,0.020056284964084625,15.033702850341797
noctx,arbnet_density_skew,2019-11-29,0.005493223667144775,0.010385517962276936,0.0314023420214653,14.775032997131348
noctx,arbnet_density_skew,2019-12-02,0.006398121360689402,0.013929900713264942,0.013087826780974865,13.34719467163086
noctx,arbnet_density_skew,2019-12-03,0.00735298078507185,0.0133942486718297,0.018768640235066414,14.309924125671387
noctx,arbnet_density_skew,2019-12-04,0.008782066404819489,0.012615732848644257,0.019739801064133644,13.400392532348633
noctx,arbnet_density_skew,2019-12-05,0.004167367238551378,0.009920141659677029,0.02108420617878437,14.321627616882324
noctx,arbnet_density_skew,2019-12-06,0.0050802999176084995,0.011710081249475479,0.020407935604453087,12.887189865112305
noctx,arbnet_density_skew,2019-12-09,0.0055741495452821255,0.012500752694904804,0.015207015909254551,12.65829086303711
noctx,arbnet_density_skew,2019-12-10,0.006519444286823273,0.013687697239220142,0.010819775052368641,12.38621711730957
noctx,arbnet_density_skew,2019-12-11,0.005360542796552181,0.01202529389411211,0.014999699778854847,12.717293739318848
noctx,arbnet_density_skew,2019-12-12,0.005825955420732498,0.01243241410702467,0.01275939866900444,18.615089416503906
noctx,arbnet_density_skew,2019-12-13,0.008217858150601387,0.013264412991702557,0.013559776358306408,19.07634735107422
noctx,arbnet_density_skew,2019-12-16,0.006343768909573555,0.012744329869747162,0.011953462846577168,13.376471519470215
noctx,arbnet_density_skew,2019-12-17,0.004773913882672787,0.01263357698917389,0.009534074924886227,12.983229637145996
noctx,arbnet_density_skew,2019-12-18,0.00507168285548687,0.01075327955186367,0.024218309670686722,13.379329681396484
noctx,arbnet_density_skew,2019-12-19,0.003797298762947321,0.009228565730154514,0.02124667353928089,13.756643295288086
noctx,arbnet_density_skew,2019-12-20,0.005050729028880596,0.008562386967241764,0.025190668180584908,13.5509614944458
noctx,arbnet_density_skew,2019-12-23,0.004933367483317852,0.009772608987987041,0.017410695552825928,12.530397415161133
noctx,arbnet_density_skew,2019-12-24,0.003661003429442644,0.008670946583151817,0.027355782687664032,14.076868057250977
noctx,arbnet_density_skew,2019-12-26,0.003222235245630145,0.007806986570358276,0.03934108093380928,14.451140403747559
noctx,arbnet_density_skew,2019-12-27,0.008499888703227043,0.007406160701066256,0.025531524792313576,12.803447723388672
noctx,arbnet_density_skew,2019-12-30,0.011038502678275108,0.00998701062053442,0.015402322635054588,11.67175006866455
noctx,arbnet_density_skew,2019-12-31,0.01259874552488327,0.01128427404910326,0.015097727067768574,10.812883377075195
noctx,arbnet_density_skew,2020-01-01,0.012095780111849308,0.008621587418019772,0.019130365923047066,11.869568824768066
noctx,arbnet_density_skew,2020-01-02,0.009949338622391224,0.009174739941954613,0.02097805216908455,12.784469604492188
noctx,arbnet_density_skew,2020-01-03,0.011215622536838055,0.006481911055743694,0.02687770500779152,12.315372467041016
noctx,arbnet_density_skew,2020-01-06,0.009033055044710636,0.01664884202182293,0.006854474078863859,12.544364929199219
noctx,arbnet_density_skew,2020-01-07,0.011854478158056736,0.015608483925461769,0.020688025280833244,11.974275588989258
noctx,arbnet_density_skew,2020-01-08,0.007683661300688982,0.016991503536701202,0.0068717594258487225,12.221957206726074
noctx,arbnet_density_skew,2020-01-09,0.0068860906176269054,0.015048868022859097,0.0102613540366292,14.456753730773926
noctx,arbnet_density_skew,2020-01-10,0.006779486313462257,0.010270942933857441,0.04940878227353096,14.192264556884766
noctx,arbnet_density_skew,2020-01-13,0.006736938375979662,0.014389568008482456,0.02067198045551777,14.065201759338379
noctx,arbnet_density_skew,2020-01-14,0.0075889951549470425,0.012783088721334934,0.012517587281763554,13.657984733581543
noctx,arbnet_density_skew,2020-01-15,0.007339716423302889,0.01254385057836771,0.01759267970919609,14.198209762573242
noctx,arbnet_density_skew,2020-01-16,0.006486817263066769,0.00918599497526884,0.03491807356476784,15.074434280395508
noctx,arbnet_density_skew,2020-01-17,0.0075565483421087265,0.010044504888355732,0.02066178247332573,14.071718215942383
noctx,arbnet_density_skew,2020-01-20,0.008619865402579308,0.01790234073996544,0.002769051818177104,13.025952339172363
noctx,arbnet_density_skew,2020-01-21,0.008025454357266426,0.016704991459846497,0.00574913527816534,14.474897384643555
noctx,arbnet_density_skew,2020-01-22,0.005372881423681974,0.017213553190231323,0.0006690768641419709,15.85098648071289
noctx,arbnet_density_skew,2020-01-23,0.0073793320916593075,0.017013145610690117,0.0012377878883853555,13.822912216186523
noctx,arbnet_density_skew,2020-01-24,0.008695770986378193,0.0163041353225708,0.003040486481040716,13.290800094604492
noctx,arbnet_density_skew,2020-01-27,0.00601335009559989,0.018228549510240555,0.0003570910484995693,15.523664474487305
noctx,arbnet_density_skew,2020-01-28,0.005398569628596306,0.0177537202835083,0.00037280755350366235,15.869529724121094
noctx,arbnet_density_skew,2020-01-29,0.006763674318790436,0.01761653646826744,0.0002387460699537769,15.330609321594238
noctx,arbnet_density_skew,2020-01-30,0.005641249008476734,0.01799817383289337,0.00034326169406995177,16.831396102905273
noctx,arbnet_density_skew,2020-01-31,0.005957182962447405,0.01791336014866829,0.0007933020824566483,15.702858924865723
noctx,arbnet_density_skew,2020-02-03,0.005224087741225958,0.01577945053577423,0.04391535744071007,14.494675636291504
noctx,arbnet_density_skew,2020-02-04,0.004501212853938341,0.015824289992451668,0.033649519085884094,14.659991264343262
noctx,arbnet_density_skew,2020-02-05,0.003914322704076767,0.010366307571530342,0.06252404302358627,15.389853477478027
noctx,arbnet_density_skew,2020-02-06,0.004677877761423588,0.012373671866953373,0.025590810924768448,14.176896095275879
noctx,arbnet_density_skew,2020-02-07,0.004064071923494339,0.012887326069176197,0.03690679371356964,14.65947151184082
noctx,arbnet_density_skew,2020-02-10,0.004077654331922531,0.013842201791703701,0.0439574159681797,15.266316413879395
noctx,arbnet_density_skew,2020-02-11,0.0035896373447030783,0.014544809237122536,0.007506247144192457,14.8289213180542
noctx,arbnet_density_skew,2020-02-12,0.005339805036783218,0.01082457322627306,0.03836296126246452,14.868115425109863
noctx,arbnet_density_skew,2020-02-13,0.0044320616871118546,0.00902814045548439,0.05671204999089241,15.009135246276855
noctx,arbnet_density_skew,2020-02-14,0.0036905419547110796,0.013163966126739979,0.004362568259239197,14.700186729431152
noctx,arbnet_density_skew,2020-02-17,0.00407531950622797,0.015740299597382545,0.0015817907406017184,15.03821849822998
noctx,arbnet_density_skew,2020-02-18,0.005230636801570654,0.01439980324357748,0.02325678989291191,13.45998477935791
noctx,arbnet_density_skew,2020-02-19,0.00518286507576704,0.012457654811441898,0.03363950178027153,14.325613975524902
noctx,arbnet_density_skew,2020-02-20,0.0035685913171619177,0.011609151028096676,0.0037341213319450617,15.238486289978027
noctx,arbnet_density_skew,2020-02-24,0.0028510678093880415,0.020868925377726555,0.0008032243931666017,15.650314331054688
noctx,arbnet_density_skew,2020-02-25,0.005904402583837509,0.021302396431565285,0.00866556353867054,13.518939971923828
noctx,arbnet_density_skew,2020-02-26,0.004652624949812889,0.02247653156518936,0.0026208984199911356,14.887055397033691
noctx,arbnet_density_skew,2020-02-27,0.005273592658340931,0.02020622417330742,0.00919878389686346,14.126232147216797
noctx,arbnet_density_skew,2020-02-28,0.0034552619326859713,0.038277048617601395,0.023077284917235374,16.144216537475586
noctx,arbnet_density_skew,2020-03-02,0.003954074811190367,0.03801823779940605,0.008305251598358154,15.958564758300781
noctx,arbnet_density_skew,2020-03-03,0.0024245178792625666,0.037445805966854095,0.0032377541065216064,18.295116424560547
noctx,arbnet_density_skew,2020-03-04,0.0030428571626544,0.03565787151455879,0.006007953081279993,16.687780380249023
noctx,arbnet_density_skew,2020-03-05,0.005742353852838278,0.03422507643699646,0.01654449664056301,13.117572784423828
noctx,arbnet_density_skew,2020-03-06,0.0033329373691231012,0.03789201378822327,0.02508731186389923,14.627827644348145
noctx,arbnet_density_skew,2020-03-09,0.002677003853023052,0.07682543247938156,0.0030345628038048744,22.06019401550293
noctx,arbnet_density_skew,2020-03-11,0.002790602622553706,0.07362021505832672,0.005590267013758421,16.657489776611328
noctx,arbnet_density_skew,2020-03-12,0.012839888222515583,0.1636081337928772,0.036068979650735855,23.3782958984375
noctx,arbnet_density_skew,2020-03-13,0.007554195821285248,0.17423027753829956,0.004683897364884615,22.755516052246094
noctx,arbnet_density_skew,2020-03-16,0.006550719495862722,0.2795763611793518,0.0022446042858064175,21.6575870513916
noctx,arbnet_density_skew,2020-03-17,0.006779497489333153,0.2700088918209076,0.0022012258414179087,21.472496032714844
noctx,arbnet_density_skew,2020-03-18,3.7192940242382344e-13,0.324133962392807,0.0021612592972815037,18.70319938659668
noctx,arbnet_density_skew,2020-03-19,3.6978048661290286e-13,0.31819695234298706,0.003450358286499977,19.02304458618164
noctx,arbnet_density_skew,2020-03-20,0.008708106353878975,0.32507792115211487,0.006710668560117483,20.248319625854492
noctx,arbnet_density_skew,2020-03-23,1.287179896361252e-14,0.627554714679718,0.01088201068341732,18.227514266967773
noctx,arbnet_density_skew,2020-03-24,0.007254194933921099,0.5712606310844421,0.014607461169362068,17.992271423339844
noctx,arbnet_density_skew,2020-03-25,0.010404729284346104,0.5839807987213135,0.016079585999250412,18.644573211669922
noctx,arbnet_density_skew,2020-03-26,0.021557243540883064,0.4383436143398285,0.6850544810295105,19.882150650024414
noctx,arbnet_density_skew,2020-03-27,0.018527446314692497,0.47042661905288696,0.07217182219028473,18.002853393554688
noctx,arbnet_density_skew,2020-03-30,0.02156982198357582,0.4617890417575836,0.1399827003479004,16.762985229492188
noctx,arbnet_density_skew,2020-03-31,0.01363910362124443,0.47049325704574585,0.22326801717281342,17.86479949951172
noctx,arbnet_density_skew,2020-04-01,0.0426945760846138,0.23327581584453583,0.7201538681983948,16.93187141418457
noctx,arbnet_density_skew,2020-04-03,0.04148443043231964,0.24075861275196075,0.682974100112915,16.31629753112793
noctx,arbnet_density_skew,2020-04-07,0.0401533804833889,0.28378647565841675,0.8983374834060669,15.624007225036621
noctx,arbnet_density_skew,2020-04-08,0.019202861934900284,0.3771688640117645,0.6430289149284363,16.489133834838867
noctx,arbnet_density_skew,2020-04-09,0.038128651678562164,0.20126281678676605,1.0046125650405884,15.930155754089355
noctx,arbnet_density_skew,2020-04-13,0.026875870302319527,0.29148200154304504,0.7138090133666992,16.2841739654541
noctx,arbnet_density_skew,2020-04-15,0.04083570837974548,0.15712499618530273,0.919161319732666,17.28605079650879
noctx,arbnet_density_skew,2020-04-16,0.04625241458415985,0.14866521954536438,0.5274959206581116,15.872673988342285
noctx,arbnet_density_skew,2020-04-17,0.06182359531521797,0.07403265684843063,0.4959484338760376,14.963115692138672
noctx,arbnet_density_skew,2020-04-20,0.03413698822259903,0.16699860990047455,0.5185520648956299,16.856121063232422
noctx,arbnet_density_skew,2020-04-21,0.030567290261387825,0.17707571387290955,0.47312837839126587,16.99852752685547
noctx,arbnet_density_skew,2020-04-22,0.01869860850274563,0.2222411185503006,0.8420743942260742,18.359905242919922
noctx,arbnet_density_skew,2020-04-23,0.040189433842897415,0.060136083513498306,0.811994731426239,16.48167610168457
noctx,arbnet_density_skew,2020-04-24,0.0253970418125391,0.12224277853965759,0.8463179469108582,17.431713104248047
noctx,arbnet_density_skew,2020-04-27,0.03394664078950882,0.09545628726482391,0.523327112197876,16.612279891967773
noctx,arbnet_density_skew,2020-04-28,0.03341682255268097,0.06738989055156708,0.66494220495224,16.789628982543945
noctx,arbnet_density_skew,2020-04-29,0.028866183012723923,0.085539311170578,0.5345904231071472,17.037019729614258
noctx,arbnet_density_skew,2020-04-30,0.013193809427320957,0.12777110934257507,0.9677557349205017,18.115619659423828
noctx,arbnet_density_skew,2020-05-04,0.0119301313534379,0.234860360622406,0.41835129261016846,18.371368408203125
noctx,arbnet_density_skew,2020-05-05,0.014497143216431141,0.21207652986049652,0.40171509981155396,15.77092170715332
noctx,arbnet_density_skew,2020-05-06,0.025955568999052048,0.13064810633659363,0.3903089761734009,15.689533233642578
noctx,arbnet_density_skew,2020-05-07,0.02279726043343544,0.13369637727737427,0.2724955677986145,17.091524124145508
noctx,arbnet_density_skew,2020-05-08,0.026767488569021225,0.07107717543840408,0.6542794108390808,15.861356735229492
noctx,arbnet_density_skew,2020-05-11,0.025330664590001106,0.08605674654245377,0.3817206621170044,16.193044662475586
noctx,arbnet_density_skew,2020-05-12,0.023354874923825264,0.08888985216617584,0.3895104229450226,15.437023162841797
noctx,arbnet_density_skew,2020-05-13,0.016277721151709557,0.13676100969314575,0.20842579007148743,16.75695037841797
noctx,arbnet_density_skew,2020-05-14,0.010093605145812035,0.14671164751052856,0.3281305134296417,18.608732223510742
noctx,arbnet_density_skew,2020-05-15,0.021648146212100983,0.06869548559188843,0.3742516040802002,16.069547653198242
noctx,arbnet_density_skew,2020-05-18,0.012591976672410965,0.1485014259815216,0.08645281195640564,16.574308395385742
noctx,arbnet_density_skew,2020-05-19,0.010931231081485748,0.14034856855869293,0.2355288416147232,16.782087326049805
noctx,arbnet_density_skew,2020-05-20,0.019644765183329582,0.051611050963401794,0.4115113317966461,15.93770694732666
noctx,arbnet_density_skew,2020-05-21,0.016872795298695564,0.061696607619524,0.3546832203865051,15.98951244354248
noctx,arbnet_density_skew,2020-05-22,0.007991577498614788,0.10903193056583405,0.36451956629753113,18.252384185791016
noctx,arbnet_density_skew,2020-05-26,0.008991388604044914,0.10830032080411911,0.1940755546092987,16.55885124206543
noctx,arbnet_density_skew,2020-05-27,0.016794325783848763,0.03533449023962021,0.47029876708984375,16.52145004272461
noctx,arbnet_density_skew,2020-05-28,0.021105751395225525,0.027139313519001007,0.14227597415447235,15.295153617858887
noctx,arbnet_density_skew,2020-05-29,0.01662501133978367,0.042194802314043045,0.34663593769073486,15.264690399169922
noctx,arbnet_density_skew,2020-06-01,0.012405048124492168,0.05540657415986061,0.15557625889778137,15.256660461425781
noctx,arbnet_density_skew,2020-06-02,0.014495301060378551,0.04781133309006691,0.16036595404148102,15.17833137512207
noctx,arbnet_density_skew,2020-06-03,0.009729178622364998,0.07893326133489609,0.05716883763670921,15.719969749450684
noctx,arbnet_density_skew,2020-06-04,0.013201067224144936,0.04567728191614151,0.16284652054309845,15.40608024597168
noctx,arbnet_density_skew,2020-06-05,0.008425387553870678,0.06277275085449219,0.12860772013664246,17.458383560180664
noctx,arbnet_density_skew,2020-06-08,0.01061627734452486,0.07004627585411072,0.05660632625222206,15.345087051391602
noctx,arbnet_density_skew,2020-06-09,0.006900690495967865,0.07308343052864075,0.09809277951717377,17.53763771057129
noctx,arbnet_density_skew,2020-06-10,0.0067383903078734875,0.072734035551548,0.09432113915681839,17.27898406982422
noctx,arbnet_density_skew,2020-06-11,0.008854379877448082,0.06643158197402954,0.0795447900891304,15.530536651611328
noctx,arbnet_density_skew,2020-06-12,0.010320717468857765,0.06257180869579315,0.055701617151498795,15.657326698303223
noctx,arbnet_density_skew,2020-06-15,0.008982760831713676,0.08981002867221832,0.037968702614307404,17.74979019165039
noctx,arbnet_density_skew,2020-06-16,0.005952887237071991,0.08290112018585205,0.04118421673774719,16.511043548583984
noctx,arbnet_density_skew,2020-06-17,0.00847646500915289,0.08576603978872299,0.057690829038619995,15.912881851196289
noctx,arbnet_density_skew,2020-06-18,0.007046522572636604,0.07130831480026245,0.05896499380469322,16.938961029052734
noctx,arbnet_density_skew,2020-06-19,0.006950918585062027,0.07429619878530502,0.08348273485898972,17.109447479248047
noctx,arbnet_density_skew,2020-06-22,0.008568803779780865,0.06314663589000702,0.07947158813476562,15.852087020874023
noctx,arbnet_density_skew,2020-06-23,0.007908614352345467,0.05982144922018051,0.20818357169628143,18.034761428833008
noctx,arbnet_density_skew,2020-06-24,0.008057252503931522,0.06216389313340187,0.19943968951702118,17.881547927856445
noctx,arbnet_density_skew,2020-06-25,0.007763206493109465,0.06269799172878265,0.18955828249454498,17.88603973388672
noctx,arbnet_density_skew,2020-06-26,0.015229185111820698,0.045044463127851486,0.11318086087703705,15.295143127441406
noctx,arbnet_density_skew,2020-06-29,0.012692774645984173,0.05822328105568886,0.12801140546798706,15.412273406982422
noctx,arbnet_density_skew,2020-06-30,0.011876164004206657,0.05947022885084152,0.13352270424365997,15.55693244934082
noctx,arbnet_density_skew,2020-07-01,0.012194031849503517,0.059231843799352646,0.1009928360581398,14.696261405944824
noctx,arbnet_density_skew,2020-07-02,0.013829881325364113,0.04857822507619858,0.16467250883579254,15.370396614074707
noctx,arbnet_density_skew,2020-07-03,0.011895800940692425,0.04900101572275162,0.12461946904659271,15.223999977111816
noctx,arbnet_density_skew,2020-07-06,0.010379030369222164,0.059501051902770996,0.10159490257501602,15.448598861694336
noctx,arbnet_density_skew,2020-07-07,0.012895065359771252,0.04349900037050247,0.12072768062353134,14.751837730407715
noctx,arbnet_density_skew,2020-07-08,0.013866495341062546,0.035733435302972794,0.11533065885305405,14.467620849609375
noctx,arbnet_density_skew,2020-07-09,0.014889813028275967,0.030659405514597893,0.11879637092351913,14.428035736083984
noctx,arbnet_density_skew,2020-07-10,0.011722227558493614,0.04162420704960823,0.19478407502174377,16.37984848022461
noctx,arbnet_density_skew,2020-07-13,0.013999325223267078,0.03753335773944855,0.13511748611927032,15.135156631469727
noctx,arbnet_density_skew,2020-07-14,0.009385796263813972,0.06274150311946869,0.09796325862407684,15.643848419189453
noctx,arbnet_density_skew,2020-07-15,0.013258052989840508,0.03978061303496361,0.07918891310691833,15.024002075195312
noctx,arbnet_density_skew,2020-07-16,0.01098809763789177,0.031235672533512115,0.20483951270580292,16.259660720825195
noctx,arbnet_density_skew,2020-07-17,0.011414718814194202,0.03597916662693024,0.2708375155925751,17.56620979309082
noctx,arbnet_density_skew,2020-07-20,0.009885088540613651,0.04153294861316681,0.07117630541324615,15.922863006591797
noctx,arbnet_density_skew,2020-07-21,0.009603637270629406,0.05099167302250862,0.21594680845737457,16.698894500732422
noctx,arbnet_density_skew,2020-07-22,0.008479316718876362,0.04845072329044342,0.15100690722465515,16.182781219482422
noctx,arbnet_density_skew,2020-07-23,0.00943264365196228,0.041627611964941025,0.19768328964710236,16.740711212158203
noctx,arbnet_density_skew,2020-07-24,0.010009737685322762,0.029995327815413475,0.28013119101524353,16.829421997070312
noctx,arbnet_density_skew,2020-07-27,0.00963165145367384,0.04264429211616516,0.1687876284122467,16.941865921020508
noctx,arbnet_density_skew,2020-07-28,0.009434958919882774,0.04665589705109596,0.17610453069210052,16.467735290527344
noctx,arbnet_density_skew,2020-07-29,0.009462397545576096,0.054913394153118134,0.20251452922821045,16.88482666015625
noctx,arbnet_density_skew,2020-07-30,0.009255727753043175,0.045985862612724304,0.23898592591285706,16.95598030090332
noctx,arbnet_density_skew,2020-07-31,0.009193934500217438,0.04713449999690056,0.10502629727125168,15.613762855529785
noctx,arbnet_density_skew,2020-08-03,0.010943513363599777,0.04889886453747749,0.11612614244222641,15.1165189743042
noctx,arbnet_density_skew,2020-08-04,0.01152965147048235,0.027651432901620865,0.17286387085914612,14.69340991973877
noctx,arbnet_density_skew,2020-08-05,0.01015467569231987,0.037199217826128006,0.1310582160949707,15.236357688903809
noctx,arbnet_density_skew,2020-08-06,0.011368929408490658,0.025024304166436195,0.19785211980342865,15.311239242553711
noctx,arbnet_density_skew,2020-08-07,0.009567308239638805,0.026563629508018494,0.20694847404956818,16.237478256225586
noctx,arbnet_density_skew,2020-08-10,0.00894554890692234,0.03906041011214256,0.1773938536643982,17.23480224609375
noctx,arbnet_density_skew,2020-08-11,0.008909320458769798,0.0445224791765213,0.10670939832925797,15.943845748901367
noctx,arbnet_density_skew,2020-08-12,0.010082146152853966,0.03057110868394375,0.09223489463329315,15.053625106811523
noctx,arbnet_density_skew,2020-08-13,0.009983986616134644,0.03280375152826309,0.05819457769393921,15.105311393737793
noctx,arbnet_density_skew,2020-08-14,0.008740264922380447,0.02558906376361847,0.2067742943763733,16.00713348388672
noctx,arbnet_density_skew,2020-08-17,0.008944753557443619,0.02969539165496826,0.18866443634033203,16.198570251464844
noctx,arbnet_density_skew,2020-08-18,0.009915800765156746,0.038809891790151596,0.02604052796959877,14.759419441223145
noctx,arbnet_density_skew,2020-08-19,0.01157120056450367,0.026290815323591232,0.023669157177209854,14.532626152038574
noctx,arbnet_density_skew,2020-08-20,0.012051996774971485,0.018094239756464958,0.002616817830130458,15.521408081054688
noctx,arbnet_density_skew,2020-08-21,0.00982064101845026,0.027965858578681946,0.07229936122894287,13.807699203491211
noctx,arbnet_density_skew,2020-08-24,0.01332246046513319,0.017000311985611916,0.014804602600634098,14.086634635925293
noctx,arbnet_density_skew,2020-08-25,0.009249430149793625,0.03886932134628296,0.0397675484418869,15.11618423461914
noctx,arbnet_density_skew,2020-08-26,0.008222037926316261,0.02179975062608719,0.31825846433639526,16.840442657470703
noctx,arbnet_density_skew,2020-08-27,0.010782626457512379,0.02102196402847767,0.0178981963545084,14.535324096679688
noctx,arbnet_density_skew,2020-08-28,0.00972184631973505,0.029586542397737503,0.1472032070159912,15.060060501098633
noctx,arbnet_density_skew,2020-08-31,0.0061408597975969315,0.06137581542134285,0.0798107236623764,15.573644638061523
noctx,arbnet_density_skew,2020-09-01,0.006946504581719637,0.054279979318380356,0.04888167604804039,16.644201278686523
noctx,arbnet_density_skew,2020-09-02,0.00931816641241312,0.03310021758079529,0.14585542678833008,15.205852508544922
noctx,arbnet_density_skew,2020-09-03,0.007751903031021357,0.03405861556529999,0.08970484137535095,16.010513305664062
noctx,arbnet_density_skew,2020-09-04,0.006379382684826851,0.03651772439479828,0.13895317912101746,16.845144271850586
noctx,arbnet_density_skew,2020-09-07,0.008669101633131504,0.02910967729985714,0.14990778267383575,15.451315879821777
noctx,arbnet_density_skew,2020-09-08,0.008759628981351852,0.026347624137997627,0.14869244396686554,15.536866188049316
noctx,arbnet_density_skew,2020-09-09,0.0064203254878520966,0.03427976742386818,0.1338166445493698,16.17948341369629
noctx,arbnet_density_skew,2020-09-10,0.008345093578100204,0.0256099384278059,0.15291935205459595,15.775836944580078
noctx,arbnet_density_skew,2020-09-11,0.005658934824168682,0.029304414987564087,0.19110384583473206,17.479307174682617
noctx,arbnet_density_skew,2020-09-14,0.006688849069178104,0.04098101705312729,0.062420159578323364,15.962664604187012
noctx,arbnet_density_skew,2020-09-15,0.007674136199057102,0.028955014422535896,0.10241065174341202,15.418825149536133
noctx,arbnet_density_skew,2020-09-16,0.006253044120967388,0.03376992046833038,0.11274556070566177,15.926084518432617
noctx,arbnet_density_skew,2020-09-17,0.003937640693038702,0.03466872125864029,0.1980087161064148,18.041929244995117
noctx,arbnet_density_skew,2020-09-18,0.006374945864081383,0.03253135830163956,0.16279344260692596,17.567005157470703
noctx,arbnet_density_skew,2020-09-21,0.004653874784708023,0.04797978699207306,0.05599726364016533,15.741802215576172
noctx,arbnet_density_skew,2020-09-22,0.008065849542617798,0.02866893634200096,0.04661288112401962,14.980181694030762
noctx,arbnet_density_skew,2020-09-23,0.00894406158477068,0.024348773062229156,0.017219021916389465,15.072715759277344
noctx,arbnet_density_skew,2020-09-24,0.0037391227670013905,0.05005592852830887,0.14463862776756287,19.62801170349121
noctx,arbnet_density_skew,2020-09-25,0.00416309479624033,0.03628091514110565,0.23914887011051178,17.87136459350586
noctx,arbnet_density_skew,2020-09-28,0.003907189704477787,0.03845202177762985,0.23509570956230164,17.82492446899414
noctx,arbnet_density_skew,2020-09-29,0.0038794390857219696,0.020763838663697243,0.35696712136268616,17.329965591430664
noctx,arbnet_density_skew,2020-09-30,0.003921741619706154,0.035273000597953796,0.26070713996887207,17.71318817138672
noctx,arbnet_density_skew,2020-10-01,0.00912429392337799,0.016068948432803154,0.004549157340079546,16.567157745361328
noctx,arbnet_density_skew,2020-10-05,0.010662493295967579,0.03211869299411774,0.011277630925178528,14.053484916687012
noctx,arbnet_density_skew,2020-10-06,0.009133356623351574,0.01972223073244095,0.18379844725131989,14.56733512878418
noctx,arbnet_density_skew,2020-10-07,0.009455060586333275,0.02945834770798683,0.05449717491865158,14.13167953491211
noctx,arbnet_density_skew,2020-10-08,0.010996253229677677,0.021144608035683632,0.01366112008690834,14.226059913635254
noctx,arbnet_density_skew,2020-10-09,0.006708034314215183,0.03215692192316055,0.1713384985923767,15.944788932800293
noctx,arbnet_density_skew,2020-10-12,0.011309606954455376,0.023109352216124535,0.004412065260112286,13.8989839553833
noctx,arbnet_density_skew,2020-10-13,0.009846785105764866,0.028939388692378998,0.12791790068149567,15.297264099121094
noctx,arbnet_density_skew,2020-10-14,0.008042162284255028,0.028056766837835312,0.18282045423984528,15.906767845153809
noctx,arbnet_density_skew,2020-10-15,0.005364704877138138,0.03833147883415222,0.1544535607099533,16.596391677856445
noctx,arbnet_density_skew,2020-10-16,0.009945427067577839,0.024592172354459763,0.011578173376619816,14.224705696105957
noctx,arbnet_density_skew,2020-10-19,0.010442584753036499,0.02142253890633583,0.0029474811162799597,15.394919395446777
noctx,arbnet_density_skew,2020-10-20,0.012348118238151073,0.015372834168374538,0.0015456886030733585,15.483898162841797
noctx,arbnet_density_skew,2020-10-21,0.01195499300956726,0.01683838665485382,0.0028600741643458605,16.061979293823242
noctx,arbnet_density_skew,2020-10-22,0.009261713363230228,0.02243889681994915,0.003182213520631194,15.6531982421875
noctx,arbnet_density_skew,2020-10-23,0.009013375267386436,0.02777855284512043,0.015365226194262505,14.549240112304688
noctx,arbnet_density_skew,2020-10-26,0.007904047146439552,0.027483787387609482,0.0019319697748869658,16.37985610961914
noctx,arbnet_density_skew,2020-10-27,0.00963919423520565,0.028518740087747574,0.0031651780009269714,15.870201110839844
noctx,arbnet_density_skew,2020-10-28,0.006563350558280945,0.04627363011240959,0.15194572508335114,16.435667037963867
noctx,arbnet_density_skew,2020-10-29,0.0056594014167785645,0.04867520555853844,0.13468658924102783,16.184093475341797
noctx,arbnet_density_skew,2020-10-30,0.00555801996961236,0.05047014355659485,0.05668406933546066,17.362272262573242
noctx,arbnet_density_skew,2020-11-02,0.005299456883221865,0.055873338133096695,0.044387709349393845,16.79994010925293
noctx,arbnet_density_skew,2020-11-03,0.005815943703055382,0.053717873990535736,0.0464954636991024,17.258319854736328
noctx,arbnet_density_skew,2020-11-04,0.006734514143317938,0.05060287564992905,0.04802686721086502,15.332620620727539
noctx,arbnet_density_skew,2020-11-05,0.0067687430419027805,0.031071938574314117,0.1282672882080078,16.866647720336914
noctx,arbnet_density_skew,2020-11-06,0.008357369340956211,0.021001985296607018,0.1703382134437561,15.337265014648438
noctx,arbnet_density_skew,2020-11-09,0.007451486308127642,0.03045019321143627,0.07614430040121078,15.816314697265625
noctx,arbnet_density_skew,2020-11-10,0.007428764831274748,0.04031442850828171,0.041994404047727585,16.102508544921875
noctx,arbnet_density_skew,2020-11-11,0.0075198072008788586,0.03344668075442314,0.12023121863603592,17.522979736328125
noctx,arbnet_density_skew,2020-11-12,0.006628999020904303,0.03872150555253029,0.11099172383546829,17.565160751342773
noctx,arbnet_density_skew,2020-11-13,0.009739802218973637,0.026533279567956924,0.12809988856315613,15.834427833557129
noctx,arbnet_density_skew,2020-11-17,0.007639838382601738,0.03288014978170395,0.07254830747842789,15.560149192810059
noctx,arbnet_density_skew,2020-11-18,0.009226142428815365,0.029410000890493393,0.05317623168230057,15.363637924194336
noctx,arbnet_density_skew,2020-11-19,0.005799265578389168,0.03309732303023338,0.17924991250038147,17.94190216064453
noctx,arbnet_density_skew,2020-11-20,0.00824905838817358,0.027992645278573036,0.1608341634273529,16.716466903686523
noctx,arbnet_density_skew,2020-11-23,0.005738413892686367,0.040827419608831406,0.09536650776863098,15.737765312194824
noctx,arbnet_density_skew,2020-11-24,0.007226819172501564,0.030667752027511597,0.16855596005916595,16.88693618774414
noctx,arbnet_density_skew,2020-11-25,0.008969753980636597,0.02744816243648529,0.0048431637696921825,15.465972900390625
noctx,arbnet_density_skew,2020-11-26,0.00885885488241911,0.02069612592458725,0.017351971939206123,15.03738021850586
noctx,arbnet_density_skew,2020-11-27,0.007235264405608177,0.036228351294994354,0.13230659067630768,15.342045783996582
noctx,arbnet_density_skew,2020-12-01,0.0072120362892746925,0.04266189783811569,0.09735885262489319,15.095462799072266
noctx,arbnet_density_skew,2020-12-02,0.00794155988842249,0.028354527428746223,0.14768992364406586,15.263532638549805
noctx,arbnet_density_skew,2020-12-03,0.008303249254822731,0.022060224786400795,0.16423892974853516,15.640765190124512
noctx,arbnet_density_skew,2020-12-04,0.007879842072725296,0.026279093697667122,0.11698745936155319,15.567973136901855
noctx,arbnet_density_skew,2020-12-07,0.009145543910562992,0.022287221625447273,0.1530521959066391,15.47839641571045
noctx,arbnet_density_skew,2020-12-08,0.009175663813948631,0.01749476231634617,0.16634538769721985,15.258320808410645
noctx,arbnet_density_skew,2020-12-09,0.006214423570781946,0.03186328336596489,0.10166367888450623,15.98452091217041
noctx,arbnet_density_skew,2020-12-10,0.009387291967868805,0.019938906654715538,0.15342628955841064,15.726926803588867
noctx,arbnet_density_skew,2020-12-11,0.006746361963450909,0.020907564088702202,0.18889980018138885,16.483556747436523
noctx,arbnet_density_skew,2020-12-14,0.005679599940776825,0.028350595384836197,0.16579504311084747,16.95146942138672
noctx,arbnet_density_skew,2020-12-15,0.006367017049342394,0.027060208842158318,0.10748444497585297,15.4747314453125
noctx,arbnet_density_skew,2020-12-16,0.005905422847718,0.022714819759130478,0.14241905510425568,15.622591018676758
noctx,arbnet_density_skew,2020-12-17,0.00814203079789877,0.02116384170949459,0.11862485110759735,15.086811065673828
noctx,arbnet_density_skew,2020-12-18,0.0052894302643835545,0.016826558858156204,0.227701798081398,16.595439910888672
noctx,arbnet_density_skew,2020-12-21,0.00414226995781064,0.05121958255767822,0.046321023255586624,16.60970687866211
noctx,arbnet_density_skew,2020-12-22,0.004486998077481985,0.04086373746395111,0.11163967847824097,17.567880630493164
noctx,arbnet_density_skew,2020-12-23,0.005368592217564583,0.025262044742703438,0.15495090186595917,16.64360809326172
noctx,arbnet_density_skew,2020-12-24,0.005244482774287462,0.024309027940034866,0.18781384825706482,17.111371994018555
noctx,arbnet_density_skew,2020-12-28,0.0073117404244840145,0.03765040263533592,0.058075759559869766,14.827348709106445
noctx,arbnet_density_skew,2020-12-29,0.007042645942419767,0.03670975938439369,0.05439472571015358,15.180025100708008
noctx,arbnet_density_skew,2020-12-30,0.006511091720312834,0.03625020384788513,0.09196121245622635,15.419195175170898
noctx,arbnet_density_skew,2020-12-31,0.007032104302197695,0.023299245163798332,0.07046369463205338,15.324528694152832
noctx,arbnet_density_skew,2021-01-01,0.008525362238287926,0.016669798642396927,0.1472204625606537,14.809494018554688
noctx,arbnet_density_skew,2021-01-04,0.007526227738708258,0.02563304267823696,0.09401462972164154,15.02280044555664
noctx,arbnet_density_skew,2021-01-05,0.007935058325529099,0.01920991763472557,0.14285601675510406,15.104052543640137
noctx,arbnet_density_skew,2021-01-06,0.00938533153384924,0.024626048281788826,0.11383792012929916,15.354640007019043
noctx,arbnet_density_skew,2021-01-07,0.008392051793634892,0.025029383599758148,0.11686359345912933,15.990361213684082
noctx,arbnet_density_skew,2021-01-08,0.006832579616457224,0.022260595113039017,0.09602026641368866,15.06002426147461
noctx,arbnet_density_skew,2021-01-11,0.007817507721483707,0.021123990416526794,0.140415757894516,16.12468719482422
noctx,arbnet_density_skew,2021-01-12,0.007540564518421888,0.026246555149555206,0.05637035146355629,15.431824684143066
noctx,arbnet_density_skew,2021-01-13,0.0073010968044400215,0.028522683307528496,0.10537856072187424,17.555278778076172
noctx,arbnet_density_skew,2021-01-14,0.007674647495150566,0.025424940511584282,0.08444400876760483,16.045406341552734
noctx,arbnet_density_skew,2021-01-15,0.007141763810068369,0.030387526378035545,0.092955082654953,17.780776977539062
noctx,arbnet_density_skew,2021-01-18,0.004583486821502447,0.04349523410201073,0.014961576089262962,16.25090217590332
noctx,arbnet_density_skew,2021-01-19,0.009229354560375214,0.04363997280597687,0.0743408203125,22.365564346313477
noctx,arbnet_density_skew,2021-01-20,0.005395327694714069,0.02406064234673977,0.14835840463638306,17.38313102722168
noctx,arbnet_density_skew,2021-01-21,0.005132846534252167,0.03187769651412964,0.011081335134804249,16.734264373779297
noctx,arbnet_density_skew,2021-01-22,0.0038547958247363567,0.047894395887851715,0.03018099255859852,17.04812240600586
noctx,arbnet_density_skew,2021-01-25,0.003994246479123831,0.0527464896440506,0.031239770352840424,19.527442932128906
noctx,arbnet_density_skew,2021-01-27,0.001818286837078631,0.05391136184334755,0.0008042269037105143,22.161693572998047
noctx,arbnet_density_skew,2021-01-28,0.002278293250128627,0.05095546320080757,0.002108112210407853,20.08429527282715
noctx,arbnet_density_skew,2021-01-29,0.003944134805351496,0.0586191862821579,0.0011744053335860372,24.616886138916016
noctx,arbnet_density_skew,2021-02-01,0.004017956089228392,0.04725807160139084,0.035416677594184875,16.777761459350586
noctx,arbnet_density_skew,2021-02-02,0.005115477833896875,0.048905644565820694,0.05398690328001976,16.301258087158203
noctx,arbnet_density_skew,2021-02-03,0.005922361277043819,0.03938090801239014,0.039573755115270615,14.684431076049805
noctx,arbnet_density_skew,2021-02-04,0.005133748520165682,0.028130272403359413,0.1223173588514328,16.52545928955078
noctx,arbnet_density_skew,2021-02-05,0.006275716237723827,0.026830129325389862,0.10985612124204636,15.807048797607422
noctx,arbnet_density_skew,2021-02-08,0.006803721189498901,0.031413301825523376,0.09820648282766342,15.469097137451172
noctx,arbnet_density_skew,2021-02-09,0.005697372369468212,0.0324338935315609,0.07292649894952774,14.865763664245605
noctx,arbnet_density_skew,2021-02-10,0.0060471296310424805,0.030650516971945763,0.10104352980852127,16.67386245727539
noctx,arbnet_density_skew,2021-02-11,0.007194338366389275,0.02217525616288185,0.09163586050271988,14.925721168518066
noctx,arbnet_density_skew,2021-02-12,0.006641047075390816,0.024719800800085068,0.07859838008880615,15.01816463470459
noctx,arbnet_density_skew,2021-02-15,0.004948644433170557,0.0345451757311821,0.1127360537648201,16.700485229492188
noctx,arbnet_density_skew,2021-02-16,0.004478432238101959,0.030283134430646896,0.12775403261184692,17.032968521118164
noctx,arbnet_density_skew,2021-02-17,0.007545997854322195,0.027018072083592415,0.04029170423746109,14.933793067932129
noctx,arbnet_density_skew,2021-02-18,0.005501943174749613,0.023791760206222534,0.1541064828634262,16.62664222717285
noctx,arbnet_density_skew,2021-02-19,0.006109621375799179,0.031185518950223923,0.050051331520080566,14.530986785888672
noctx,arbnet_density_skew,2021-02-22,0.0042885467410087585,0.04737217724323273,0.009675070643424988,14.105422973632812
noctx,arbnet_density_skew,2021-02-23,0.005356591194868088,0.04060297831892967,0.017339786514639854,14.6507568359375
noctx,arbnet_density_skew,2021-02-24,0.005117118824273348,0.0392981618642807,0.02628231607377529,15.087915420532227
noctx,arbnet_density_skew,2021-02-25,0.0050517418421804905,0.037825025618076324,0.1027710884809494,19.099695205688477
noctx,arbnet_density_skew,2021-02-26,0.0053029716946184635,0.05826317146420479,0.00898121576756239,18.559951782226562
noctx,arbnet_density_skew,2021-03-01,0.005343637429177761,0.049756016582250595,0.10272848606109619,14.973762512207031
noctx,arbnet_density_skew,2021-03-02,0.006447720341384411,0.03425368294119835,0.145105242729187,15.77454662322998
noctx,arbnet_density_skew,2021-03-03,0.006687540095299482,0.04055328667163849,0.06869044899940491,15.460867881774902
noctx,arbnet_density_skew,2021-03-04,0.0060300081968307495,0.03907488286495209,0.1384560465812683,15.775200843811035
noctx,arbnet_density_skew,2021-03-05,0.0035634846426546574,0.05177374184131622,0.09705619513988495,17.706953048706055
noctx,arbnet_density_skew,2021-03-08,0.004726320039480925,0.05083991587162018,0.10586845129728317,16.40261459350586
noctx,arbnet_density_skew,2021-03-09,0.0053197164088487625,0.045457083731889725,0.05894654244184494,15.993715286254883
noctx,arbnet_density_skew,2021-03-10,0.0061101121827960014,0.03056751936674118,0.17215237021446228,16.544994354248047
noctx,arbnet_density_skew,2021-03-12,0.006263273768126965,0.044516924768686295,0.03665873780846596,15.936948776245117
noctx,arbnet_density_skew,2021-03-15,0.004054231569170952,0.06122612580657005,0.018580686300992966,17.222536087036133
noctx,arbnet_density_skew,2021-03-16,0.003341927193105221,0.053449735045433044,0.1187732145190239,19.298683166503906
noctx,arbnet_density_skew,2021-03-17,0.0032649817876517773,0.053301796317100525,0.12530438601970673,19.82940673828125
noctx,arbnet_density_skew,2021-03-18,0.005493566393852234,0.04909752681851387,0.01813260279595852,17.361509323120117
noctx,arbnet_density_skew,2021-03-19,0.006157721858471632,0.042277559638023376,0.07354367524385452,15.654435157775879
noctx,arbnet_density_skew,2021-03-22,0.007900797761976719,0.030997339636087418,0.07768295705318451,14.92066764831543
noctx,arbnet_density_skew,2021-03-23,0.004596698563545942,0.051118336617946625,0.14717307686805725,19.137248992919922
noctx,arbnet_density_skew,2021-03-24,0.0058914897963404655,0.051195837557315826,0.029886314645409584,15.864400863647461
noctx,arbnet_density_skew,2021-03-25,0.006115924101322889,0.05032820999622345,0.01008022390305996,17.081846237182617
noctx,arbnet_density_skew,2021-03-26,0.0072348471730947495,0.04408187046647072,0.08038067817687988,15.48586654663086
noctx,arbnet_density_skew,2021-03-31,0.007707766257226467,0.043826304376125336,0.07364962995052338,14.40340518951416
noctx,arbnet_density_skew,2021-04-01,0.005188356153666973,0.03467240184545517,0.141673281788826,16.577850341796875
noctx,arbnet_density_skew,2021-04-05,0.004287131130695343,0.0429949052631855,0.13317088782787323,17.0357608795166
noctx,arbnet_density_skew,2021-04-06,0.004125320352613926,0.04293862357735634,0.08584710210561752,15.453535079956055
noctx,arbnet_density_skew,2021-04-07,0.005277202930301428,0.03753211349248886,0.09173783659934998,15.527396202087402
noctx,arbnet_density_skew,2021-04-08,0.006927115842700005,0.026287918910384178,0.1691235601902008,15.936128616333008
noctx,arbnet_density_skew,2021-04-09,0.007869833149015903,0.029500998556613922,0.12094388902187347,14.920884132385254
noctx,arbnet_density_skew,2021-04-12,0.0036527360789477825,0.053953059017658234,0.1079646423459053,18.781705856323242
noctx,arbnet_density_skew,2021-04-13,0.008429935202002525,0.030374377965927124,0.06733202189207077,15.249723434448242
noctx,arbnet_density_skew,2021-04-15,0.004012042190879583,0.03039756789803505,0.21957558393478394,17.678295135498047
noctx,arbnet_density_skew,2021-04-16,0.00705029908567667,0.029251905158162117,0.16942940652370453,16.55756187438965
noctx,arbnet_density_skew,2021-04-19,0.004744793754070997,0.049856580793857574,0.04316075146198273,16.015762329101562
noctx,arbnet_density_skew,2021-04-20,0.008242089301347733,0.0298113152384758,0.008539078757166862,15.443861961364746
noctx,arbnet_density_skew,2021-04-22,0.006578242406249046,0.03950123488903046,0.039336759597063065,15.994925498962402
noctx,arbnet_density_skew,2021-04-23,0.005048513878136873,0.0432405062019825,0.14101384580135345,17.9832763671875
noctx,arbnet_density_skew,2021-04-26,0.004030246287584305,0.04470071569085121,0.10271284729242325,16.60328483581543
noctx,arbnet_density_skew,2021-04-27,0.005014547146856785,0.0384250245988369,0.15791000425815582,17.432140350341797
noctx,arbnet_density_skew,2021-04-28,0.0063165961764752865,0.03644110634922981,0.06519457697868347,16.314735412597656
noctx,arbnet_density_skew,2021-04-29,0.005140160676091909,0.042771656066179276,0.06353120505809784,16.484886169433594
noctx,arbnet_density_skew,2021-04-30,0.004091370850801468,0.05654275417327881,0.06711507588624954,16.047195434570312
noctx,arbnet_density_skew,2021-05-03,0.004034164361655712,0.051453568041324615,0.09245102852582932,16.23614501953125
noctx,arbnet_density_skew,2021-05-04,0.004460389260202646,0.04241873696446419,0.11188596487045288,15.956623077392578
noctx,arbnet_density_skew,2021-05-05,0.005661806557327509,0.0483437143266201,0.05950189754366875,15.68826675415039
noctx,arbnet_density_skew,2021-05-06,0.003990154713392258,0.03712479770183563,0.14261242747306824,17.404958724975586
noctx,arbnet_density_skew,2021-05-07,0.006530723534524441,0.024313820526003838,0.15574243664741516,15.562202453613281
noctx,arbnet_density_skew,2021-05-10,0.006814771797508001,0.02687905728816986,0.14597490429878235,15.937716484069824
noctx,arbnet_density_skew,2021-05-11,0.0030368210282176733,0.03607891499996185,0.15704265236854553,17.756324768066406
noctx,arbnet_density_skew,2021-05-12,0.006372179836034775,0.030837755650281906,0.07595379650592804,14.735328674316406
noctx,arbnet_density_skew,2021-05-14,0.004213022068142891,0.03489568457007408,0.12734518945217133,16.40410804748535
noctx,arbnet_density_skew,2021-05-17,0.005083927419036627,0.024541107937693596,0.20350681245326996,16.735958099365234
noctx,arbnet_density_skew,2021-05-18,0.006345000118017197,0.037888966500759125,0.030739495530724525,15.324362754821777
noctx,arbnet_density_skew,2021-05-19,0.004160413518548012,0.04025784134864807,0.0667751207947731,15.015485763549805
noctx,arbnet_density_skew,2021-05-20,0.00619276100769639,0.03246862068772316,0.07913792133331299,15.256620407104492
noctx,arbnet_density_skew,2021-05-21,0.009469615295529366,0.019566042348742485,0.07788786292076111,14.967117309570312
noctx,arbnet_density_skew,2021-05-24,0.009870501235127449,0.017456555739045143,0.03938445448875427,14.959250450134277
noctx,arbnet_density_skew,2021-05-25,0.010333851911127567,0.017444372177124023,0.03244327753782272,14.035724639892578
noctx,arbnet_density_skew,2021-05-26,0.0024240605998784304,0.02474537491798401,0.283814400434494,17.94001007080078
noctx,arbnet_density_skew,2021-05-27,0.009935976937413216,0.01710793748497963,0.01879177801311016,14.673484802246094
noctx,arbnet_density_skew,2021-05-28,0.0069607924669981,0.017068607732653618,0.17866681516170502,14.151926040649414
noctx,arbnet_density_skew,2021-05-31,0.006639805156737566,0.018679112195968628,0.16124942898750305,15.902545928955078
noctx,arbnet_density_skew,2021-06-01,0.006329709198325872,0.032397929579019547,0.0537596233189106,15.442099571228027
noctx,arbnet_density_skew,2021-06-02,0.007582768797874451,0.017802057787775993,0.16802021861076355,14.787610054016113
noctx,arbnet_density_skew,2021-06-03,0.007592544890940189,0.014920271001756191,0.1822388470172882,14.623762130737305
noctx,arbnet_density_skew,2021-06-04,0.009035498835146427,0.017536498606204987,0.055907201021909714,14.221822738647461
noctx,arbnet_density_skew,2021-06-07,0.007146794348955154,0.015819191932678223,0.16693739593029022,14.953048706054688
noctx,arbnet_density_skew,2021-06-08,0.006671868730336428,0.025002649053931236,0.05045989900827408,14.799620628356934
noctx,arbnet_density_skew,2021-06-09,0.006591799668967724,0.018371475860476494,0.16485002636909485,15.19198989868164
noctx,arbnet_density_skew,2021-06-10,0.00828276015818119,0.01801350712776184,0.06153329834342003,15.019491195678711
noctx,arbnet_density_skew,2021-06-11,0.003398309228941798,0.020281534641981125,0.2183683216571808,17.988182067871094
noctx,arbnet_density_skew,2021-06-14,0.005986948497593403,0.01990440860390663,0.18142017722129822,16.399860382080078
noctx,arbnet_density_skew,2021-06-15,0.006017901469022036,0.016616689041256905,0.19500938057899475,16.240684509277344
noctx,arbnet_density_skew,2021-06-16,0.0029938858933746815,0.021996039897203445,0.22552523016929626,18.407812118530273
noctx,arbnet_density_skew,2021-06-17,0.010781708173453808,0.010199197567999363,0.007716499734669924,14.648351669311523
noctx,arbnet_density_skew,2021-06-18,0.01036438811570406,0.01162014715373516,0.04486338049173355,13.93161392211914
noctx,arbnet_density_skew,2021-06-21,0.0028985762037336826,0.01655903272330761,0.28402116894721985,17.46185302734375
noctx,arbnet_density_skew,2021-06-22,0.004829651676118374,0.016302399337291718,0.24687956273555756,17.025264739990234
noctx,arbnet_density_skew,2021-06-23,0.002629408147186041,0.030393071472644806,0.19164684414863586,18.246633529663086
noctx,arbnet_density_skew,2021-06-24,0.007443821523338556,0.01904904656112194,0.008649907074868679,15.229331970214844
noctx,arbnet_density_skew,2021-06-25,0.009468835778534412,0.009534209966659546,0.001794519368559122,15.908058166503906
noctx,arbnet_density_skew,2021-06-28,0.007695762440562248,0.01389903761446476,0.045374464243650436,14.673698425292969
noctx,arbnet_density_skew,2021-06-29,0.007662095595151186,0.015208865515887737,0.006871857680380344,15.663013458251953
noctx,arbnet_density_skew,2021-06-30,0.007786091882735491,0.010992439463734627,0.011152089573442936,14.888849258422852
noctx,arbnet_density_skew,2021-07-01,0.003414437174797058,0.01399158500134945,0.3427111506462097,17.838228225708008
noctx,arbnet_density_skew,2021-07-02,0.008490336127579212,0.015367262996733189,0.006956079509109259,14.648777961730957
noctx,arbnet_density_skew,2021-07-05,0.00408735778182745,0.01721462607383728,0.19500312209129333,16.453859329223633
noctx,arbnet_density_skew,2021-07-06,0.0055774906650185585,0.015776025131344795,0.17969968914985657,16.389881134033203
noctx,arbnet_density_skew,2021-07-07,0.0103202685713768,0.008730503730475903,0.0021400530822575092,14.545634269714355
noctx,arbnet_density_skew,2021-07-08,0.0038838982582092285,0.019273653626441956,0.17298850417137146,16.973709106445312
noctx,arbnet_density_skew,2021-07-09,0.006293509621173143,0.01807766780257225,0.15845049917697906,15.592876434326172
noctx,arbnet_density_skew,2021-07-12,0.005448875483125448,0.015376551076769829,0.19730406999588013,16.175052642822266
noctx,arbnet_density_skew,2021-07-13,0.005218700971454382,0.019376223906874657,0.1493893265724182,16.349348068237305
noctx,arbnet_density_skew,2021-07-14,0.008848526515066624,0.0056099374778568745,0.0009284527041018009,14.978407859802246
noctx,arbnet_density_skew,2021-07-15,0.009803200140595436,0.006502890959382057,0.001563841593451798,15.362625122070312
noctx,arbnet_density_skew,2021-07-16,0.004857039079070091,0.01330872718244791,0.21905122697353363,16.415109634399414
noctx,arbnet_density_skew,2021-07-19,0.005218176171183586,0.016185984015464783,0.176750048995018,16.624740600585938
noctx,arbnet_density_skew,2021-07-20,0.008483956567943096,0.0077528017573058605,0.0010188028682023287,15.265822410583496
noctx,arbnet_density_skew,2021-07-22,0.007550560403615236,0.009177152998745441,0.002741618547588587,14.625747680664062
noctx,arbnet_density_skew,2021-07-23,0.002695927396416664,0.018144773319363594,0.24560216069221497,17.916128158569336
noctx,arbnet_density_skew,2021-07-26,0.003568560117855668,0.014220821671187878,0.24652311205863953,16.548662185668945
noctx,arbnet_density_skew,2021-07-27,0.007783908862620592,0.014208216220140457,0.0049454402178525925,15.007104873657227
noctx,arbnet_density_skew,2021-07-28,0.008544104173779488,0.010034744627773762,0.0031724267173558474,15.446203231811523
noctx,arbnet_density_skew,2021-07-29,0.007305410224944353,0.012714812532067299,0.013220008462667465,14.77735710144043
noctx,arbnet_density_skew,2021-07-30,0.008209897205233574,0.01729889214038849,0.01985153928399086,14.448823928833008
noctx,arbnet_density_skew,2021-08-02,0.005483128130435944,0.016072673723101616,0.14031825959682465,15.975117683410645
noctx,arbnet_density_skew,2021-08-03,0.005233194679021835,0.017814606428146362,0.13183464109897614,16.472463607788086
noctx,arbnet_density_skew,2021-08-04,0.006227754056453705,0.015559797175228596,0.12631812691688538,16.381534576416016
noctx,arbnet_density_skew,2021-08-05,0.009525316767394543,0.005495245102792978,0.0010639418615028262,14.620266914367676
noctx,arbnet_density_skew,2021-08-06,0.009967139922082424,0.005259181372821331,0.0006641877116635442,14.87154483795166
noctx,arbnet_density_skew,2021-08-09,0.007499651052057743,0.007134259212762117,0.0009862587321549654,16.58658790588379
noctx,arbnet_density_skew,2021-08-10,0.005070429760962725,0.02029777318239212,0.1296275407075882,16.471372604370117
noctx,arbnet_density_skew,2021-08-11,0.00793035514652729,0.008811327628791332,0.0018553598783910275,14.7071533203125
noctx,arbnet_density_skew,2021-08-12,0.007273190654814243,0.006452454254031181,0.0009063503239303827,17.444808959960938
noctx,arbnet_density_skew,2021-08-13,0.005127875600010157,0.01574208028614521,0.18813423812389374,17.044631958007812
noctx,arbnet_density_skew,2021-08-16,0.008816387504339218,0.005989558529108763,0.0006712008034810424,15.154305458068848
noctx,arbnet_density_skew,2021-08-17,0.008060940541327,0.0063534327782690525,0.0007277515833266079,16.542991638183594
noctx,arbnet_density_skew,2021-08-18,0.008324998430907726,0.007272382266819477,0.001404429436661303,15.09727668762207
noctx,arbnet_density_skew,2021-08-20,0.0033706282265484333,0.017784414812922478,0.180717334151268,16.4484806060791
noctx,arbnet_density_skew,2021-08-23,0.0045015402138233185,0.020707087591290474,0.08893847465515137,15.31459903717041
noctx,arbnet_density_skew,2021-08-24,0.0036809281446039677,0.013905027881264687,0.21862904727458954,16.554981231689453
noctx,arbnet_density_skew,2021-08-25,0.006388608831912279,0.017604351043701172,0.041524335741996765,14.72559928894043
noctx,arbnet_density_skew,2021-08-26,0.004176703747361898,0.004766843747347593,0.2908811569213867,15.697602272033691
noctx,arbnet_density_skew,2021-08-27,0.0054112267680466175,0.009085037745535374,0.17156581580638885,15.98010540008545
noctx,arbnet_density_skew,2021-08-30,0.007902421988546848,0.009258570149540901,0.013987306505441666,14.083812713623047
noctx,arbnet_density_skew,2021-08-31,0.0071527897380292416,0.011272680014371872,0.1424403190612793,16.045543670654297
noctx,arbnet_density_skew,2021-09-01,0.008760613389313221,0.008038144558668137,0.0020755152218043804,13.158944129943848
noctx,arbnet_density_skew,2021-09-02,0.009145690128207207,0.008733373135328293,0.007049813400954008,13.515494346618652
noctx,arbnet_density_skew,2021-09-03,0.005252785049378872,0.012040527537465096,0.17426230013370514,15.530091285705566
noctx,arbnet_density_skew,2021-09-06,0.0076615214347839355,0.013724241405725479,0.009556470438838005,13.465126037597656
noctx,arbnet_density_skew,2021-09-07,0.0063822525553405285,0.016627850010991096,0.04273776710033417,13.694931983947754
noctx,arbnet_density_skew,2021-09-08,0.005178925581276417,0.012431264854967594,0.1537783145904541,15.193973541259766
noctx,arbnet_density_skew,2021-09-09,0.00833972916007042,0.009405282326042652,0.006938213482499123,13.440962791442871
noctx,arbnet_density_skew,2021-09-13,0.004508314188569784,0.012491160072386265,0.18176811933517456,16.64630126953125
noctx,arbnet_density_skew,2021-09-14,0.00684582581743598,0.013722460716962814,0.03345339000225067,13.567181587219238
noctx,arbnet_density_skew,2021-09-15,0.00703554879873991,0.011644653975963593,0.004024874418973923,14.794473648071289
noctx,arbnet_density_skew,2021-09-16,0.007538922596722841,0.01032317616045475,0.014296261593699455,13.91006088256836
noctx,arbnet_density_skew,2021-09-17,0.0043923864141106606,0.021860271692276,0.08139126002788544,15.105859756469727
noctx,arbnet_density_skew,2021-09-20,0.007005133666098118,0.014782490208745003,0.011495544575154781,14.147279739379883
noctx,arbnet_density_skew,2021-09-21,0.0024815138895064592,0.013774750754237175,0.22402426600456238,17.436384201049805
noctx,arbnet_density_skew,2021-09-22,0.007409915793687105,0.01392380055040121,0.015727831050753593,13.7819242477417
noctx,arbnet_density_skew,2021-09-23,0.007258292753249407,0.012480166740715504,0.024405132979154587,14.606121063232422
noctx,arbnet_density_skew,2021-09-24,0.002956415293738246,0.0128950709477067,0.2136562168598175,15.797627449035645
noctx,arbnet_density_skew,2021-09-27,0.003145962953567505,0.025561682879924774,0.1007470116019249,16.351303100585938
noctx,arbnet_density_skew,2021-09-28,0.0035424265079200268,0.026997055858373642,0.10392166674137115,15.920429229736328
noctx,arbnet_density_skew,2021-09-29,0.0034536023158580065,0.02297593653202057,0.1387757956981659,16.128896713256836
noctx,arbnet_density_skew,2021-09-30,0.0026325169019401073,0.022982662543654442,0.12004026770591736,16.666540145874023
noctx,arbnet_density_skew,2021-10-01,0.004670728929340839,0.02020975761115551,0.07399358600378036,14.685225486755371
noctx,arbnet_density_skew,2021-10-04,0.006267378572374582,0.023449139669537544,0.02401793748140335,13.492269515991211
noctx,arbnet_density_skew,2021-10-05,0.006767348852008581,0.015325543470680714,0.01168623473495245,13.138392448425293
noctx,arbnet_density_skew,2021-10-06,0.006582984700798988,0.017699269577860832,0.014926754869520664,13.969490051269531
noctx,arbnet_density_skew,2021-10-07,0.004653967451304197,0.016403991729021072,0.12035903334617615,15.379450798034668
noctx,arbnet_density_skew,2021-10-08,0.00462715420871973,0.014158722944557667,0.14348924160003662,15.120646476745605
noctx,arbnet_density_skew,2021-10-11,0.004467471037060022,0.016493648290634155,0.13049635291099548,15.852039337158203
noctx,arbnet_density_skew,2021-10-12,0.0055916509591042995,0.015474651008844376,0.14477719366550446,15.553647994995117
noctx,arbnet_density_skew,2021-10-13,0.005267674569040537,0.01831488497555256,0.01697656698524952,13.423727035522461
noctx,arbnet_density_skew,2021-10-14,0.006617336068302393,0.01115172915160656,0.0029865470714867115,14.099230766296387
noctx,arbnet_density_skew,2021-10-18,0.00793469324707985,0.013832752592861652,0.02059105969965458,13.242605209350586
noctx,arbnet_density_skew,2021-10-19,0.004379904828965664,0.024773992598056793,0.13787046074867249,16.33247947692871
noctx,arbnet_density_skew,2021-10-20,0.005331799387931824,0.024759918451309204,0.0040646325796842575,14.403059959411621
noctx,arbnet_density_skew,2021-10-21,0.0062545184046030045,0.019166648387908936,0.005641269031912088,14.330293655395508
noctx,arbnet_density_skew,2021-10-22,0.005301321391016245,0.02181967720389366,0.015673376619815826,13.807989120483398
noctx,arbnet_density_skew,2021-10-25,0.00439417315647006,0.03106824681162834,0.10031439363956451,16.67782974243164
noctx,arbnet_density_skew,2021-10-26,0.004212887026369572,0.026564231142401695,0.127106711268425,16.834835052490234
noctx,arbnet_density_skew,2021-10-27,0.004579970147460699,0.021769437938928604,0.0049782670103013515,14.760747909545898
noctx,arbnet_density_skew,2021-10-28,0.0039999522268772125,0.025812190026044846,0.005233922973275185,15.224326133728027
noctx,arbnet_density_skew,2021-10-29,0.004159716889262199,0.02826770395040512,0.04974247142672539,15.192590713500977
noctx,arbnet_density_skew,2021-11-01,0.004954587202519178,0.03023345395922661,0.04192706570029259,15.206767082214355
noctx,arbnet_density_skew,2021-11-02,0.005393525585532188,0.02019442245364189,0.06735804677009583,15.007601737976074
noctx,arbnet_density_skew,2021-11-03,0.0041490825824439526,0.01947275549173355,0.05363370478153229,15.716323852539062
noctx,arbnet_density_skew,2021-11-04,0.0044587040320038795,0.015268408693373203,0.09004266560077667,15.017706871032715
noctx,arbnet_density_skew,2021-11-08,0.003589065046980977,0.02380751259624958,0.0909850001335144,16.569116592407227
noctx,arbnet_density_skew,2021-11-09,0.0038079991936683655,0.02629927359521389,0.02242407388985157,15.504075050354004
noctx,arbnet_density_skew,2021-11-10,0.004179581068456173,0.019191300496459007,0.021603651344776154,15.0938081741333
noctx,arbnet_density_skew,2021-11-11,0.004181221593171358,0.021128572523593903,0.021901249885559082,15.001362800598145
noctx,arbnet_density_skew,2021-11-12,0.004454304929822683,0.019285371527075768,0.04770587012171745,14.822389602661133
noctx,arbnet_density_skew,2021-11-15,0.0026300419121980667,0.025143476203083992,0.09496904164552689,17.26605796813965
noctx,arbnet_density_skew,2021-11-16,0.005345023702830076,0.017164932563900948,0.01613849401473999,14.46361255645752
noctx,arbnet_density_skew,2021-11-17,0.00294772838242352,0.01653362438082695,0.14517410099506378,17.235584259033203
noctx,arbnet_density_skew,2021-11-18,0.005609466694295406,0.011166905984282494,0.0013969893334433436,15.729228973388672
noctx,arbnet_density_skew,2021-11-22,0.0050879656337201595,0.027100885286927223,0.1032252162694931,18.810714721679688
noctx,arbnet_density_skew,2021-11-23,0.004866970703005791,0.021228766068816185,0.00750926835462451,14.688915252685547
noctx,arbnet_density_skew,2021-11-24,0.002560820197686553,0.014395298436284065,0.16305196285247803,17.71515655517578
noctx,arbnet_density_skew,2021-11-25,0.004350039642304182,0.022433247417211533,0.02747088298201561,14.787095069885254
noctx,arbnet_density_skew,2021-11-26,0.005389424506574869,0.02566150762140751,0.08519477397203445,17.157257080078125
noctx,arbnet_density_skew,2021-11-29,0.003839606186375022,0.02972695417702198,0.040651366114616394,15.535393714904785
noctx,arbnet_density_skew,2021-11-30,0.0038826405070722103,0.03242230415344238,0.029320556670427322,16.73611068725586
noctx,arbnet_density_skew,2021-12-01,0.005142081528902054,0.02310892939567566,0.05517788231372833,14.38459587097168
noctx,arbnet_density_skew,2021-12-02,0.003157916245982051,0.015152485109865665,0.11845412105321884,15.569015502929688
noctx,arbnet_density_skew,2021-12-03,0.0035000313073396683,0.020377138629555702,0.08738779276609421,15.031088829040527
noctx,arbnet_density_skew,2021-12-06,0.003794414224103093,0.03418339043855667,0.023064034059643745,14.7457857131958
noctx,arbnet_density_skew,2021-12-07,0.003767678514122963,0.025217164307832718,0.06419514119625092,15.616488456726074
noctx,arbnet_density_skew,2021-12-08,0.004059734288603067,0.0196516253054142,0.06263117492198944,14.6272554397583
noctx,arbnet_density_skew,2021-12-09,0.003414194332435727,0.015590636990964413,0.1351008266210556,16.42424774169922
noctx,arbnet_density_skew,2021-12-10,0.0025187190622091293,0.013952887617051601,0.15810471773147583,16.265016555786133
noctx,arbnet_density_skew,2021-12-13,0.0032241458538919687,0.024016743525862694,0.11136269569396973,19.078746795654297
noctx,arbnet_density_skew,2021-12-14,0.003530631773173809,0.021081512793898582,0.11121848225593567,16.505508422851562
noctx,arbnet_density_skew,2021-12-15,0.0024812286719679832,0.024938711896538734,0.11305109411478043,18.29896354675293
noctx,arbnet_density_skew,2021-12-16,0.005603351630270481,0.01743515580892563,0.015912970528006554,14.474807739257812
noctx,arbnet_density_skew,2021-12-17,0.0026251240633428097,0.020934496074914932,0.133771151304245,18.3038330078125
noctx,arbnet_density_skew,2021-12-20,0.003616659203544259,0.036265525966882706,0.008645755238831043,14.832955360412598
noctx,arbnet_density_skew,2021-12-21,0.0022731816861778498,0.027811061590909958,0.11726948618888855,18.890356063842773
noctx,arbnet_density_skew,2021-12-22,0.0024313097819685936,0.021618464961647987,0.1555122286081314,18.387386322021484
noctx,arbnet_density_skew,2021-12-23,0.002175180707126856,0.019098803400993347,0.17413099110126495,17.735713958740234
noctx,arbnet_density_skew,2021-12-24,0.0028789632488042116,0.01733357645571232,0.17135277390480042,17.006732940673828
noctx,arbnet_density_skew,2021-12-27,0.0019981805235147476,0.0243742223829031,0.1322830319404602,18.088088989257812
noctx,arbnet_density_skew,2021-12-28,0.00229081092402339,0.019102029502391815,0.16585254669189453,17.638938903808594
noctx,arbnet_density_skew,2021-12-29,0.0022652701009064913,0.023872824385762215,0.0871768593788147,15.832418441772461
noctx,arbnet_density_skew,2021-12-30,0.002892402233555913,0.022331319749355316,0.07960675656795502,16.22344398498535
noctx,arbnet_density_skew,2021-12-31,0.002829238073900342,0.02166728489100933,0.08685192465782166,16.26234245300293
noctx,arbnet_density_skew,2022-01-03,0.004304966889321804,0.02575523965060711,0.01890450529754162,14.491731643676758
noctx,arbnet_density_skew,2022-01-04,0.006861095316708088,0.014962432906031609,0.01270984299480915,13.67394733428955
noctx,arbnet_density_skew,2022-01-05,0.005042278207838535,0.015556512400507927,0.10882710665464401,14.578981399536133
noctx,arbnet_density_skew,2022-01-06,0.005678292363882065,0.019103363156318665,0.005953566171228886,13.728598594665527
noctx,arbnet_density_skew,2022-01-07,0.003691716119647026,0.01739177666604519,0.11220803111791611,15.380227088928223
noctx,arbnet_density_skew,2022-01-10,0.004294532351195812,0.021082518622279167,0.0890771672129631,15.806169509887695
noctx,arbnet_density_skew,2022-01-11,0.003936944529414177,0.017709914594888687,0.10376863926649094,15.722874641418457
noctx,arbnet_density_skew,2022-01-12,0.0032386190723627806,0.016987567767500877,0.12404851615428925,16.023082733154297
noctx,arbnet_density_skew,2022-01-13,0.007443057838827372,0.009901905432343483,0.0019976275507360697,14.434998512268066
noctx,arbnet_density_skew,2022-01-14,0.006079487036913633,0.016926856711506844,0.006630759686231613,13.817548751831055
noctx,arbnet_density_skew,2022-01-17,0.004821651615202427,0.02199905924499035,0.008794577792286873,13.95572280883789
noctx,arbnet_density_skew,2022-01-18,0.005410304758697748,0.01801479049026966,0.00265627633780241,15.312918663024902
noctx,arbnet_density_skew,2022-01-19,0.0025271568447351456,0.031069481745362282,0.07472214847803116,16.642942428588867
noctx,arbnet_density_skew,2022-01-20,0.002201000228524208,0.03334469720721245,0.05913259834051132,17.71748161315918
noctx,arbnet_density_skew,2022-01-21,0.0023425149265676737,0.031744956970214844,0.07292890548706055,15.842734336853027
noctx,arbnet_density_skew,2022-01-24,0.0012957361759617925,0.04594145715236664,0.00033666627132333815,25.39708137512207
noctx,arbnet_density_skew,2022-01-25,0.0016886283410713077,0.04556187987327576,0.0053442479111254215,21.42789649963379
noctx,arbnet_density_skew,2022-01-27,0.0014579730341210961,0.04595198109745979,0.0021403261926025152,20.760761260986328
noctx,arbnet_density_skew,2022-01-28,0.0016942548099905252,0.044156093150377274,0.0020909816958010197,22.758193969726562
noctx,arbnet_density_skew,2022-01-31,0.0016476900782436132,0.04702445864677429,0.002595213009044528,23.330415725708008
noctx,arbnet_density_skew,2022-02-01,0.0027670469135046005,0.038207102566957474,0.043479956686496735,15.255990982055664
noctx,arbnet_density_skew,2022-02-02,0.0039887395687401295,0.019067535176873207,0.09397511929273605,14.727033615112305
noctx,arbnet_density_skew,2022-02-03,0.00392855005338788,0.01894282177090645,0.09370297193527222,15.027527809143066
noctx,arbnet_density_skew,2022-02-04,0.004770589526742697,0.02130383811891079,0.04491601511836052,14.088220596313477
noctx,arbnet_density_skew,2022-02-07,0.0032477835193276405,0.029781898483633995,0.0656517967581749,15.608741760253906
noctx,arbnet_density_skew,2022-02-08,0.0038839441258460283,0.022870730608701706,0.07628300786018372,15.597858428955078
noctx,arbnet_density_skew,2022-02-09,0.0038834968581795692,0.017571596428751945,0.10004410147666931,15.803421020507812
noctx,arbnet_density_skew,2022-02-10,0.003633795538917184,0.01718800887465477,0.11028258502483368,16.05458641052246
noctx,arbnet_density_skew,2022-02-11,0.0035225129686295986,0.01716749556362629,0.11220712214708328,16.09157943725586
noctx,arbnet_density_skew,2022-02-14,0.00348815880715847,0.03220764175057411,0.0006555438158102334,19.35318374633789
noctx,arbnet_density_skew,2022-02-15,0.0021249381825327873,0.0376061387360096,0.051354844123125076,17.743263244628906
noctx,arbnet_density_skew,2022-02-16,0.0024835679214447737,0.03408389911055565,0.07207615673542023,16.927446365356445
noctx,arbnet_density_skew,2022-02-17,0.0023559362161904573,0.02765156887471676,0.09568741172552109,19.095064163208008
noctx,arbnet_density_skew,2022-02-18,0.002244871575385332,0.03181556984782219,0.08171863108873367,20.582239151000977
noctx,arbnet_density_skew,2022-02-21,0.002498898422345519,0.04246717318892479,0.027560709044337273,17.386754989624023
noctx,arbnet_density_skew,2022-02-22,0.0019361530430614948,0.038375671952962875,0.0008626551716588438,19.15520668029785
noctx,arbnet_density_skew,2022-02-23,0.002273890655487776,0.04375165328383446,0.01570412702858448,19.257204055786133
noctx,arbnet_density_skew,2022-02-24,0.004096081480383873,0.04575890675187111,0.0003397412656340748,25.498350143432617
noctx,arbnet_density_skew,2022-02-25,0.0025389648508280516,0.04765419661998749,0.027843402698636055,21.944576263427734
noctx,arbnet_density_skew,2022-02-28,0.002134061884135008,0.047493670135736465,0.0012908390490338206,25.822956085205078
noctx,arbnet_density_skew,2022-03-02,0.002007127506658435,0.04869498685002327,0.0008793995948508382,25.813650131225586
noctx,arbnet_density_skew,2022-03-03,0.001655104453675449,0.0504562146961689,0.0019127242267131805,23.033992767333984
noctx,arbnet_density_skew,2022-03-04,0.001310350140556693,0.05247291177511215,0.002006974769756198,24.76247215270996
noctx,arbnet_density_skew,2022-03-07,0.0016640278045088053,0.05095529556274414,0.0005326441605575383,26.04366111755371
noctx,arbnet_density_skew,2022-03-08,0.0012601643102243543,0.05286296457052231,0.0006301621324382722,26.324148178100586
noctx,arbnet_density_skew,2022-03-09,0.0023083770647644997,0.05346459150314331,0.003200468374416232,23.58185386657715
noctx,arbnet_density_skew,2022-03-10,0.0020952532067894936,0.04905309900641441,0.023367291316390038,22.328548431396484
noctx,arbnet_density_skew,2022-03-11,0.0022584861144423485,0.04390472546219826,0.035702574998140335,18.106048583984375
noctx,arbnet_density_skew,2022-03-14,0.0022159914951771498,0.048105716705322266,0.014662466943264008,19.869848251342773
noctx,arbnet_density_skew,2022-03-15,0.0017853567842394114,0.050268400460481644,0.0005407858407124877,23.55556297302246
noctx,arbnet_density_skew,2022-03-16,0.002438554773107171,0.044780321419239044,0.03780967742204666,19.572940826416016
noctx,arbnet_density_skew,2022-03-17,0.004628953989595175,0.03429035842418671,0.0028160943184047937,16.004182815551758
noctx,arbnet_density_skew,2022-03-21,0.0036553095560520887,0.0550670363008976,0.0013650319306179881,24.2015380859375
noctx,arbnet_density_skew,2022-03-22,0.0029937229119241238,0.04545466601848602,0.0023520225659012794,19.358388900756836
noctx,arbnet_density_skew,2022-03-23,0.003358317306265235,0.05260529741644859,0.007403339724987745,19.467792510986328
noctx,arbnet_density_skew,2022-03-24,0.0021484424360096455,0.04793768748641014,0.030728772282600403,19.71449851989746
noctx,arbnet_density_skew,2022-03-25,0.002544600982218981,0.04759886488318443,0.03838727995753288,19.29756736755371
noctx,arbnet_density_skew,2022-03-28,0.0024890233762562275,0.04053087532520294,0.03471044450998306,20.41834259033203
noctx,arbnet_density_skew,2022-03-29,0.003015866968780756,0.03421175852417946,0.05661916360259056,18.612550735473633
noctx,arbnet_density_skew,2022-03-30,0.002189973136410117,0.032856836915016174,0.11096251755952835,18.801437377929688
noctx,arbnet_density_skew,2022-03-31,0.0023268605582416058,0.035076044499874115,0.08419358730316162,17.943876266479492
noctx,arbnet_density_skew,2022-04-01,0.004048807546496391,0.01931537687778473,0.12253870069980621,15.107342720031738
noctx,arbnet_density_skew,2022-04-04,0.005327458027750254,0.020730378106236458,0.010811018757522106,14.068216323852539
noctx,arbnet_density_skew,2022-04-05,0.005218253470957279,0.026189938187599182,0.010167963802814484,13.624454498291016
noctx,arbnet_density_skew,2022-04-06,0.0065824068151414394,0.020577648654580116,0.004858554806560278,12.961319923400879
noctx,arbnet_density_skew,2022-04-07,0.006213558837771416,0.021804485470056534,0.0025022830814123154,15.103596687316895
noctx,arbnet_density_skew,2022-04-08,0.0036904667504131794,0.026128461584448814,0.10139493644237518,18.704713821411133
noctx,arbnet_density_skew,2022-04-11,0.007273069582879543,0.015272310003638268,0.0021860869601368904,14.357906341552734
noctx,arbnet_density_skew,2022-04-12,0.0031422770116478205,0.015517858788371086,0.15197402238845825,16.133991241455078
noctx,arbnet_density_skew,2022-04-13,0.002984226681292057,0.01248470414429903,0.16238880157470703,16.2552433013916
noctx,arbnet_density_skew,2022-04-18,0.006053002085536718,0.02299005351960659,0.003526251530274749,14.698637008666992
noctx,arbnet_density_skew,2022-04-19,0.0024752861354500055,0.02469736896455288,0.12095735967159271,19.57518196105957
noctx,arbnet_density_skew,2022-04-20,0.005352535750716925,0.01833261176943779,0.0031377915292978287,14.419565200805664
noctx,arbnet_density_skew,2022-04-21,0.00215355446562171,0.020876692607998848,0.1654462367296219,16.82452964782715
noctx,arbnet_density_skew,2022-04-22,0.00514612952247262,0.024833593517541885,0.027436353266239166,14.128406524658203
noctx,arbnet_density_skew,2022-04-25,0.002326041227206588,0.03419603034853935,0.06318269670009613,15.653554916381836
noctx,arbnet_density_skew,2022-04-26,0.005635757464915514,0.01937062107026577,0.00899677723646164,14.642659187316895
noctx,arbnet_density_skew,2022-04-27,0.0025946281384676695,0.030447833240032196,0.112296462059021,17.485227584838867
noctx,arbnet_density_skew,2022-04-28,0.0027856663800776005,0.01723734848201275,0.1792106032371521,16.931785583496094
noctx,arbnet_density_skew,2022-04-29,0.0032752766273915768,0.029921816661953926,0.021085409447550774,16.1529598236084
noctx,arbnet_density_skew,2022-05-02,0.004455966874957085,0.029108677059412003,0.011614941991865635,13.891951560974121
noctx,arbnet_density_skew,2022-05-04,0.004366583656519651,0.025988586246967316,0.0018439057748764753,19.317298889160156
noctx,arbnet_density_skew,2022-05-05,0.0064970962703228,0.0173595380038023,0.004990630783140659,14.453411102294922
noctx,arbnet_density_skew,2022-05-06,0.004875238053500652,0.030311962589621544,0.009246744215488434,15.168188095092773
noctx,arbnet_density_skew,2022-05-09,0.0027759294025599957,0.0399855300784111,0.06013708934187889,17.073955535888672
noctx,arbnet_density_skew,2022-05-10,0.005234062671661377,0.02930203266441822,0.0037780171260237694,15.035725593566895
noctx,arbnet_density_skew,2022-05-11,0.004636434372514486,0.025734638795256615,0.0020243367180228233,16.196496963500977
noctx,arbnet_density_skew,2022-05-12,0.0019447861704975367,0.04295112192630768,0.04006083309650421,19.16130256652832
noctx,arbnet_density_skew,2022-05-13,0.0020710728131234646,0.03628493845462799,0.07389164716005325,20.14811134338379
noctx,arbnet_density_skew,2022-05-16,0.005505639594048262,0.02269836515188217,0.0009396731038577855,16.309141159057617
noctx,arbnet_density_skew,2022-05-17,0.0020149629563093185,0.02926945872604847,0.1104925200343132,17.260183334350586
noctx,arbnet_density_skew,2022-05-18,0.005639112554490566,0.017742589116096497,0.001740833162330091,15.426791191101074
noctx,arbnet_density_skew,2022-05-19,0.0019296328537166119,0.03339899331331253,0.09586633741855621,17.809585571289062
noctx,arbnet_density_skew,2022-05-20,0.005028270650655031,0.024730106815695763,0.012522066943347454,14.17788028717041
noctx,arbnet_density_skew,2022-05-23,0.003881612094119191,0.032580580562353134,0.003988245967775583,15.18002700805664
noctx,arbnet_density_skew,2022-05-24,0.0022908190730959177,0.04135454073548317,0.009859583340585232,15.382128715515137
noctx,arbnet_density_skew,2022-05-25,0.002784847281873226,0.040909260511398315,0.0034329008776694536,15.511295318603516
noctx,arbnet_density_skew,2022-05-26,0.001998541411012411,0.030778508633375168,0.1296522170305252,17.756784439086914
noctx,arbnet_density_skew,2022-05-27,0.004495083820074797,0.027632102370262146,0.04444492980837822,13.88506031036377
noctx,arbnet_density_skew,2022-05-30,0.0035097745712846518,0.024706274271011353,0.09408441185951233,15.609609603881836
noctx,arbnet_density_skew,2022-05-31,0.002740384079515934,0.023503264412283897,0.11857885122299194,16.680810928344727
noctx,arbnet_density_skew,2022-06-01,0.002611227100715041,0.025833869352936745,0.10405588150024414,16.157583236694336
noctx,arbnet_density_skew,2022-06-02,0.002625048626214266,0.018465952947735786,0.12883248925209045,16.858200073242188
noctx,arbnet_density_skew,2022-06-03,0.003445877693593502,0.018891451880335808,0.13874267041683197,16.09316635131836
noctx,arbnet_density_skew,2022-06-06,0.0024943111930042505,0.02852134220302105,0.10299775004386902,17.071962356567383
noctx,arbnet_density_skew,2022-06-07,0.0052392915822565556,0.02310827560722828,0.0038414658047258854,14.573909759521484
noctx,arbnet_density_skew,2022-06-08,0.006711368449032307,0.015077098272740841,0.003160914871841669,14.796211242675781
noctx,arbnet_density_skew,2022-06-09,0.0034717877861112356,0.016309749335050583,0.15797936916351318,16.08768653869629
noctx,arbnet_density_skew,2022-06-10,0.0024509269278496504,0.025097692385315895,0.12997059524059296,17.374391555786133
noctx,arbnet_density_skew,2022-06-13,0.004562267567962408,0.028860339894890785,0.00251096417196095,15.894537925720215
noctx,arbnet_density_skew,2022-06-14,0.00549006462097168,0.02477523498237133,0.0017868976574391127,15.19825267791748
noctx,arbnet_density_skew,2022-06-15,0.0022905024234205484,0.04144557565450668,0.056897543370723724,18.1970157623291
noctx,arbnet_density_skew,2022-06-16,0.006525903474539518,0.02235763520002365,0.0017733437707647681,15.960685729980469
noctx,arbnet_density_skew,2022-06-17,0.0024350422900170088,0.03939332067966461,0.07465516030788422,21.294450759887695
noctx,arbnet_density_skew,2022-06-20,0.002937022829428315,0.0326993465423584,0.09315668046474457,17.533977508544922
noctx,arbnet_density_skew,2022-06-21,0.0046122376807034016,0.0277690626680851,0.035590045154094696,14.375121116638184
noctx,arbnet_density_skew,2022-06-22,0.002207668498158455,0.026219524443149567,0.1466856300830841,17.719173431396484
noctx,arbnet_density_skew,2022-06-23,0.0022515244781970978,0.032363805919885635,0.11166764050722122,17.271240234375
noctx,arbnet_density_skew,2022-06-24,0.0022778355050832033,0.03298647701740265,0.10907284915447235,16.643821716308594
noctx,arbnet_density_skew,2022-06-27,0.0023925635032355785,0.026330934837460518,0.14541028439998627,17.36703872680664
noctx,arbnet_density_skew,2022-06-28,0.002368099754676223,0.027016665786504745,0.14721520245075226,16.98568344116211
noctx,arbnet_density_skew,2022-06-29,0.0031043407507240772,0.027126453816890717,0.11393030732870102,16.739553451538086
noctx,arbnet_density_skew,2022-06-30,0.002867280738428235,0.019952839240431786,0.18232083320617676,16.591617584228516
noctx,arbnet_density_skew,2022-07-01,0.003389633959159255,0.029804272577166557,0.03675231337547302,14.956520080566406
noctx,arbnet_density_skew,2022-07-04,0.002826891839504242,0.03198310360312462,0.07789834588766098,16.022146224975586
noctx,arbnet_density_skew,2022-07-05,0.003905464196577668,0.02262766659259796,0.10087840259075165,15.232911109924316
noctx,arbnet_density_skew,2022-07-06,0.0028939235489815474,0.027313023805618286,0.09597784280776978,15.974209785461426
noctx,arbnet_density_skew,2022-07-07,0.0067394934594631195,0.013727289624512196,0.0022994978353381157,14.684412002563477
noctx,arbnet_density_skew,2022-07-08,0.003064299700781703,0.014921260066330433,0.1570017784833908,15.06771469116211
noctx,arbnet_density_skew,2022-07-11,0.0037132950965315104,0.014843670651316643,0.1505410522222519,15.213217735290527
noctx,arbnet_density_skew,2022-07-12,0.002866811817511916,0.01621408946812153,0.15240342915058136,15.400986671447754
noctx,arbnet_density_skew,2022-07-13,0.005836300551891327,0.01883346028625965,0.0020146723836660385,14.25665283203125
noctx,arbnet_density_skew,2022-07-14,0.0028176603373140097,0.015532279387116432,0.15378382802009583,15.884398460388184
noctx,arbnet_density_skew,2022-07-15,0.005871832370758057,0.01785183511674404,0.008428303524851799,14.1229248046875
noctx,arbnet_density_skew,2022-07-18,0.00630447780713439,0.016389435157179832,0.004956366494297981,13.730360984802246
noctx,arbnet_density_skew,2022-07-19,0.0025058432947844267,0.017309077084064484,0.16276346147060394,16.14594268798828
noctx,arbnet_density_skew,2022-07-20,0.0026461114175617695,0.010430975817143917,0.2057311087846756,15.884710311889648
noctx,arbnet_density_skew,2022-07-21,0.002614733763039112,0.012136266566812992,0.20657473802566528,16.359344482421875
noctx,arbnet_density_skew,2022-07-22,0.0026472604367882013,0.012351158075034618,0.21163548529148102,16.051504135131836
noctx,arbnet_density_skew,2022-07-25,0.002632946940138936,0.018756067380309105,0.1505185216665268,16.302152633666992
noctx,arbnet_density_skew,2022-07-26,0.005984674673527479,0.02070060931146145,0.010895086452364922,14.252991676330566
noctx,arbnet_density_skew,2022-07-27,0.001709883101284504,0.02027679979801178,0.16592366993427277,17.670129776000977
noctx,arbnet_density_skew,2022-07-28,0.00531600508838892,0.015325804241001606,0.026887040585279465,14.380616188049316
noctx,arbnet_density_skew,2022-07-29,0.00413857027888298,0.015476232394576073,0.12244372069835663,14.41336441040039
noctx,arbnet_density_skew,2022-08-01,0.0035105408169329166,0.016216175630688667,0.12715788185596466,14.51944351196289
noctx,arbnet_density_skew,2022-08-02,0.004152786917984486,0.017037920653820038,0.10782348364591599,14.559636116027832
noctx,arbnet_density_skew,2022-08-03,0.00725673558190465,0.011105581186711788,0.001421354478225112,13.951349258422852
noctx,arbnet_density_skew,2022-08-04,0.007493217475712299,0.010960082523524761,0.002221828792244196,13.344281196594238
noctx,arbnet_density_skew,2022-08-05,0.006177949253469706,0.019761888310313225,0.023931365460157394,12.766642570495605
noctx,arbnet_density_skew,2022-08-08,0.004710174631327391,0.0211158636957407,0.09662589430809021,15.77762508392334
noctx,arbnet_density_skew,2022-08-10,0.004908375907689333,0.01801973767578602,0.10970431566238403,14.723123550415039
noctx,arbnet_density_skew,2022-08-11,0.0038959975354373455,0.014958835206925869,0.1370609998703003,15.407112121582031
noctx,arbnet_density_skew,2022-08-12,0.0071263606660068035,0.014360515400767326,0.01536577194929123,12.199013710021973
noctx,arbnet_density_skew,2022-08-16,0.002990138716995716,0.012596403248608112,0.1810043603181839,16.45217514038086
noctx,arbnet_density_skew,2022-08-17,0.006719487253576517,0.013405355624854565,0.0036508108023554087,13.284382820129395
noctx,arbnet_density_skew,2022-08-18,0.002903648419305682,0.016431991010904312,0.163507878780365,16.31064224243164
noctx,arbnet_density_skew,2022-08-19,0.002778857247903943,0.016583891585469246,0.16612622141838074,16.678129196166992
noctx,arbnet_density_skew,2022-08-22,0.00458125164732337,0.025981931015849113,0.027254564687609673,13.577866554260254
noctx,arbnet_density_skew,2022-08-23,0.004787255544215441,0.02599947527050972,0.026003414765000343,13.220266342163086
noctx,arbnet_density_skew,2022-08-24,0.004473312757909298,0.02560722641646862,0.03851938992738724,13.869194030761719
noctx,arbnet_density_skew,2022-08-25,0.004116202238947153,0.02761358767747879,0.026205483824014664,13.710408210754395
noctx,arbnet_density_skew,2022-08-26,0.00390954315662384,0.0236357469111681,0.061942726373672485,13.42196273803711
noctx,arbnet_density_skew,2022-08-29,0.004827391821891069,0.026585133746266365,0.07654689252376556,14.453847885131836
noctx,arbnet_density_skew,2022-08-30,0.004543227609246969,0.025344228371977806,0.03856822848320007,13.370912551879883
noctx,arbnet_density_skew,2022-09-01,0.003893153043463826,0.03253348171710968,0.026330159977078438,13.913776397705078
noctx,arbnet_density_skew,2022-09-02,0.0035821490455418825,0.021175917237997055,0.11062702536582947,14.05046272277832
noctx,arbnet_density_skew,2022-09-05,0.003906114725396037,0.026124633848667145,0.07497234642505646,13.529637336730957
noctx,arbnet_density_skew,2022-09-06,0.004927382338792086,0.023124216124415398,0.04760324954986572,12.899746894836426
noctx,arbnet_density_skew,2022-09-07,0.0034612168092280626,0.02597089111804962,0.09215269237756729,15.338790893554688
noctx,arbnet_density_skew,2022-09-08,0.006461387034505606,0.018242238089442253,0.014759236015379429,13.925788879394531
noctx,arbnet_density_skew,2022-09-09,0.005706201307475567,0.021354684606194496,0.027973223477602005,13.184610366821289
noctx,arbnet_density_skew,2022-09-12,0.0035329353995621204,0.0191484522074461,0.13593602180480957,15.624157905578613
noctx,arbnet_density_skew,2022-09-13,0.0032796035520732403,0.018755752593278885,0.13823477923870087,15.908342361450195
noctx,arbnet_density_skew,2022-09-14,0.0032600925769656897,0.02733187936246395,0.08971985429525375,15.50947380065918
noctx,arbnet_density_skew,2022-09-15,0.004899671766906977,0.021482331678271294,0.03402509540319443,13.893160820007324
noctx,arbnet_density_skew,2022-09-16,0.002908971393480897,0.03230542317032814,0.07688077539205551,15.762370109558105
noctx,arbnet_density_skew,2022-09-19,0.0031021630857139826,0.033740103244781494,0.030075814574956894,13.53321361541748
noctx,arbnet_density_skew,2022-09-20,0.0034816155675798655,0.02760164998471737,0.050607699900865555,13.815288543701172
noctx,arbnet_density_skew,2022-09-21,0.0032836070749908686,0.032531145960092545,0.03076188452541828,13.655599594116211
noctx,arbnet_density_skew,2022-09-22,0.004019722808152437,0.02754555270075798,0.03512169420719147,14.067906379699707
noctx,arbnet_density_skew,2022-09-23,0.0026308801025152206,0.03709165379405022,0.025368720293045044,13.89027214050293
noctx,arbnet_density_skew,2022-09-26,0.0034917593002319336,0.04318089783191681,0.026162007823586464,13.359617233276367
noctx,arbnet_density_skew,2022-09-27,0.002489356556907296,0.041186872869729996,0.011664554476737976,14.356630325317383
noctx,arbnet_density_skew,2022-09-28,0.0018621186027303338,0.03592580929398537,0.0654977560043335,15.416889190673828
noctx,arbnet_density_skew,2022-09-29,0.0016926407115533948,0.03181314468383789,0.08977800607681274,16.82731056213379
noctx,arbnet_density_skew,2022-09-30,0.0063814688473939896,0.01691674441099167,0.08861115574836731,13.282045364379883
noctx,arbnet_density_skew,2022-10-03,0.004003017209470272,0.03142718970775604,0.016954917460680008,13.564851760864258
noctx,arbnet_density_skew,2022-10-04,0.00503457011654973,0.01772678829729557,0.0866805911064148,13.776187896728516
noctx,arbnet_density_skew,2022-10-06,0.004644442815333605,0.018824312835931778,0.05348481237888336,14.032390594482422
noctx,arbnet_density_skew,2022-10-07,0.006381412036716938,0.02016155607998371,0.022372769191861153,12.306845664978027
noctx,arbnet_density_skew,2022-10-10,0.004691929090768099,0.02787082828581333,0.015833785757422447,13.39009952545166
noctx,arbnet_density_skew,2022-10-11,0.0031003907788544893,0.032275281846523285,0.05212905630469322,15.300433158874512
noctx,arbnet_density_skew,2022-10-12,0.005317519418895245,0.020570918917655945,0.008088716305792332,12.924637794494629
noctx,arbnet_density_skew,2022-10-13,0.006650659255683422,0.016068127006292343,0.0019045337103307247,13.696280479431152
noctx,arbnet_density_skew,2022-10-14,0.0028367782942950726,0.016236307099461555,0.1471760869026184,15.535028457641602
noctx,arbnet_density_skew,2022-10-17,0.007178161293268204,0.01171185728162527,0.001270992448553443,14.413414001464844
noctx,arbnet_density_skew,2022-10-18,0.005575684364885092,0.017287928611040115,0.01369027141481638,12.88468074798584
noctx,arbnet_density_skew,2022-10-19,0.007041294593364,0.012102663516998291,0.0020210924558341503,14.418943405151367
noctx,arbnet_density_skew,2022-10-20,0.0031499408651143312,0.008359497413039207,0.19559644162654877,15.724241256713867
noctx,arbnet_density_skew,2022-10-21,0.005006449297070503,0.014020566828548908,0.0553949736058712,13.416679382324219
noctx,arbnet_density_skew,2022-10-24,0.005985293071717024,0.016302715986967087,0.005860389210283756,13.850530624389648
noctx,arbnet_density_skew,2022-10-25,0.002865634160116315,0.017537865787744522,0.1515960991382599,16.27162742614746
noctx,arbnet_density_skew,2022-10-27,0.005706273950636387,0.014441380277276039,0.023631511256098747,13.661954879760742
noctx,arbnet_density_skew,2022-10-28,0.005217735189944506,0.016579922288656235,0.06373967975378036,12.675480842590332
noctx,arbnet_density_skew,2022-10-31,0.004971667658537626,0.0157028641551733,0.09928812086582184,14.293828010559082
noctx,arbnet_density_skew,2022-11-01,0.0052766879089176655,0.017904989421367645,0.03165946155786514,12.280338287353516
noctx,arbnet_density_skew,2022-11-02,0.003657523076981306,0.01844651997089386,0.09056024253368378,13.987580299377441
noctx,arbnet_density_skew,2022-11-03,0.004392119590193033,0.02041994221508503,0.026434337720274925,14.124456405639648
noctx,arbnet_density_skew,2022-11-04,0.0036861603148281574,0.016671154648065567,0.09827316552400589,15.760547637939453
noctx,arbnet_density_skew,2022-11-07,0.004187844227999449,0.016520759090781212,0.10101562738418579,16.055591583251953
noctx,arbnet_density_skew,2022-11-09,0.0035527562722563744,0.017657959833741188,0.09930737316608429,15.302209854125977
noctx,arbnet_density_skew,2022-11-10,0.005286086816340685,0.016308831050992012,0.017578350380063057,13.423093795776367
noctx,arbnet_density_skew,2022-11-11,0.002454527420923114,0.016250697895884514,0.1328001618385315,16.859399795532227
noctx,arbnet_density_skew,2022-11-14,0.0027827739249914885,0.01838545873761177,0.12461226433515549,16.622770309448242
noctx,arbnet_density_skew,2022-11-15,0.004105458036065102,0.01945970579981804,0.04919859766960144,13.85776424407959
noctx,arbnet_density_skew,2022-11-16,0.0024764728732407093,0.01670360378921032,0.14298398792743683,17.236248016357422
noctx,arbnet_density_skew,2022-11-17,0.004089102614670992,0.018338065594434738,0.05147627741098404,14.715829849243164
noctx,arbnet_density_skew,2022-11-18,0.0025750487111508846,0.012655680999159813,0.166857048869133,17.48706817626953
noctx,arbnet_density_skew,2022-11-21,0.002880040556192398,0.013186546973884106,0.16554580628871918,17.545387268066406
noctx,arbnet_density_skew,2022-11-22,0.002669320907443762,0.010523858480155468,0.18555518984794617,17.09432029724121
noctx,arbnet_density_skew,2022-11-23,0.0028650397434830666,0.011091339401900768,0.18345890939235687,16.76031494140625
noctx,arbnet_density_skew,2022-11-24,0.003821541089564562,0.011712501756846905,0.11683456599712372,15.198724746704102
noctx,arbnet_density_skew,2022-11-25,0.004457660485059023,0.013450868427753448,0.11120631545782089,14.433349609375
noctx,arbnet_density_skew,2022-11-28,0.0043679471127688885,0.01315044704824686,0.1158965677022934,14.464936256408691
noctx,arbnet_density_skew,2022-11-29,0.00502241775393486,0.01266734953969717,0.04879260063171387,13.064640045166016
noctx,arbnet_density_skew,2022-11-30,0.004458168521523476,0.009041947312653065,0.14015373587608337,14.187914848327637
noctx,arbnet_density_skew,2022-12-01,0.00483616441488266,0.011846155859529972,0.11314806342124939,15.411148071289062
noctx,arbnet_density_skew,2022-12-02,0.005382622592151165,0.014230526983737946,0.07300975173711777,13.22528076171875
noctx,arbnet_density_skew,2022-12-05,0.0029889531433582306,0.015118182636797428,0.11132345348596573,15.912561416625977
noctx,arbnet_density_skew,2022-12-06,0.0032456021290272474,0.01849922351539135,0.09878985583782196,16.17437171936035
noctx,arbnet_density_skew,2022-12-07,0.0033000123221427202,0.015200519002974033,0.1168266236782074,15.836644172668457
noctx,arbnet_density_skew,2022-12-08,0.004474803805351257,0.01647139899432659,0.03609118610620499,14.492231369018555
noctx,arbnet_density_skew,2022-12-09,0.005617215763777494,0.010576974600553513,0.06601912528276443,12.67990493774414
noctx,arbnet_density_skew,2022-12-12,0.004781885538250208,0.019886059686541557,0.03211626037955284,14.149515151977539
noctx,arbnet_density_skew,2022-12-13,0.004699999000877142,0.017931798473000526,0.027345528826117516,14.194300651550293
noctx,arbnet_density_skew,2022-12-14,0.0038934412878006697,0.012128612957894802,0.13085509836673737,17.032529830932617
noctx,arbnet_density_skew,2022-12-15,0.003735941369086504,0.009723222814500332,0.1360931694507599,15.815897941589355
noctx,arbnet_density_skew,2022-12-16,0.003059729700908065,0.009499154053628445,0.16826041042804718,16.855884552001953
noctx,arbnet_density_skew,2022-12-19,0.005423675756901503,0.01786293275654316,0.04283396154642105,14.665949821472168
noctx,arbnet_density_skew,2022-12-20,0.00484471907839179,0.010668260976672173,0.05400947481393814,13.564436912536621
noctx,arbnet_density_skew,2022-12-21,0.0034782830625772476,0.024881480261683464,0.02453744411468506,14.921123504638672
noctx,arbnet_density_skew,2022-12-22,0.004861760884523392,0.0146595174446702,0.018738606944680214,14.794700622558594
noctx,arbnet_density_skew,2022-12-23,0.0023864463437348604,0.015348084270954132,0.1320393830537796,20.029935836791992
noctx,arbnet_density_skew,2022-12-26,0.002687192754819989,0.013363380916416645,0.15899792313575745,18.58393669128418
noctx,arbnet_density_skew,2022-12-27,0.004527432844042778,0.014635791070759296,0.006417156662791967,15.72249698638916
noctx,arbnet_density_skew,2022-12-28,0.005057315807789564,0.010090397670865059,0.019833073019981384,14.644822120666504
noctx,arbnet_density_skew,2022-12-29,0.004789657425135374,0.008839894086122513,0.012130814604461193,15.182247161865234
noctx,arbnet_density_skew,2022-12-30,0.004670480266213417,0.012366490438580513,0.1019974797964096,14.472171783447266
noctx,arbnet_density_skew,2023-01-02,0.0038571760524064302,0.01554576214402914,0.0425703264772892,15.357784271240234
noctx,arbnet_density_skew,2023-01-03,0.0039566894993186,0.011815552599728107,0.10073601454496384,14.787096977233887
noctx,arbnet_density_skew,2023-01-04,0.003965867683291435,0.01757868379354477,0.01993245631456375,15.357935905456543
noctx,arbnet_density_skew,2023-01-05,0.0032566427253186703,0.017070133239030838,0.01756170578300953,15.818177223205566
noctx,arbnet_density_skew,2023-01-06,0.00499506713822484,0.01227293536067009,0.016464412212371826,14.716460227966309
noctx,arbnet_density_skew,2023-01-09,0.004716258961707354,0.012027169577777386,0.108408123254776,16.345073699951172
noctx,arbnet_density_skew,2023-01-10,0.0044219885021448135,0.012498448602855206,0.0032670844811946154,16.648082733154297
noctx,arbnet_density_skew,2023-01-11,0.0034977467730641365,0.017984900623559952,0.004684391897171736,16.236228942871094
noctx,arbnet_density_skew,2023-01-12,0.004930857568979263,0.010441435500979424,0.0038740800227969885,15.767707824707031
noctx,arbnet_density_skew,2023-01-13,0.005144232884049416,0.005167105700820684,0.0008186709019355476,16.339427947998047
noctx,arbnet_density_skew,2023-01-16,0.002105679828673601,0.01742922142148018,0.10207921266555786,20.328380584716797
noctx,arbnet_density_skew,2023-01-17,0.0038323148619383574,0.007325685117393732,0.0008696733857505023,18.310771942138672
noctx,arbnet_density_skew,2023-01-18,0.004807503893971443,0.00552705442532897,0.0007156762876547873,17.252689361572266
noctx,arbnet_density_skew,2023-01-19,0.0017558126710355282,0.013547650538384914,0.12448479235172272,18.595991134643555
noctx,arbnet_density_skew,2023-01-20,0.004405850078910589,0.00881632324308157,0.0013269407209008932,15.854890823364258
noctx,arbnet_density_skew,2023-01-23,0.002392267109826207,0.013925488106906414,0.12867240607738495,18.126285552978516
noctx,arbnet_density_skew,2023-01-24,0.004784518387168646,0.007066803518682718,0.0011282778577879071,16.9788761138916
noctx,arbnet_density_skew,2023-01-25,0.00439207861199975,0.007754528895020485,0.0009673279710114002,18.134456634521484
noctx,arbnet_density_skew,2023-01-27,0.0038582757115364075,0.02107568085193634,0.05611582472920418,21.514873504638672
noctx,arbnet_density_skew,2023-01-30,0.004573271609842777,0.026656797155737877,0.0037656163331121206,16.042051315307617
noctx,arbnet_density_skew,2023-01-31,0.007212487049400806,0.025501690804958344,0.03498932719230652,23.601518630981445
noctx,arbnet_density_skew,2023-02-01,0.003566693514585495,0.019883638247847557,0.0030398741364479065,15.990684509277344
noctx,arbnet_density_skew,2023-02-02,0.00387134263291955,0.014921902678906918,0.0700593888759613,17.047334671020508
noctx,arbnet_density_skew,2023-02-03,0.004660509061068296,0.009870696812868118,0.004928126465529203,15.239744186401367
noctx,arbnet_density_skew,2023-02-06,0.005738204810768366,0.010977420955896378,0.016133006662130356,14.437783241271973
noctx,arbnet_density_skew,2023-02-07,0.005203983746469021,0.010856686159968376,0.0037280393298715353,14.801450729370117
noctx,arbnet_density_skew,2023-02-08,0.001227049739100039,0.01210915856063366,0.09947025030851364,19.875545501708984
noctx,arbnet_density_skew,2023-02-09,0.003078008769080043,0.008156243711709976,0.1197735071182251,18.558691024780273
noctx,arbnet_density_skew,2023-02-10,0.0035015647299587727,0.010065753944218159,0.10072910040616989,16.89350700378418
noctx,arbnet_density_skew,2023-02-13,0.005516706500202417,0.006354632321745157,0.0010048315161839128,16.28932762145996
noctx,arbnet_density_skew,2023-02-14,0.003457913640886545,0.00927793513983488,0.0015179984038695693,17.74553680419922
noctx,arbnet_density_skew,2023-02-15,0.0033862085547298193,0.012374070473015308,0.007507484871894121,16.458328247070312
noctx,arbnet_density_skew,2023-02-16,0.00416409969329834,0.008338656276464462,0.0014369222335517406,17.894643783569336
noctx,arbnet_density_skew,2023-02-17,0.004047453869134188,0.007602334022521973,0.0021030011121183634,16.644868850708008
noctx,arbnet_density_skew,2023-02-20,0.0031049742829054594,0.012800931930541992,0.08913464844226837,16.67812156677246
noctx,arbnet_density_skew,2023-02-21,0.003255772404372692,0.007255788426846266,0.0010647245217114687,18.358840942382812
noctx,arbnet_density_skew,2023-02-22,0.003419460030272603,0.009324098005890846,0.0011870956514030695,18.151042938232422
noctx,arbnet_density_skew,2023-02-23,0.003125312039628625,0.010626965202391148,0.08558446913957596,16.712705612182617
noctx,arbnet_density_skew,2023-02-24,0.0008527752361260355,0.012695499695837498,0.09804919362068176,19.854389190673828
noctx,arbnet_density_skew,2023-02-27,0.005206005647778511,0.011046734638512135,0.06557007879018784,15.741036415100098
noctx,arbnet_density_skew,2023-02-28,2.783652234938927e-06,0.0110572949051857,0.12100197374820709,19.312610626220703
noctx,arbnet_density_skew,2023-03-01,0.0014377690386027098,0.006872115191072226,0.12836953997612,18.896503448486328
noctx,arbnet_density_skew,2023-03-02,0.005013993941247463,0.0080023892223835,0.06296183913946152,17.512632369995117
noctx,arbnet_density_skew,2023-03-03,0.00016756057448219508,0.007138565182685852,0.1526605486869812,18.9351863861084
noctx,arbnet_density_skew,2023-03-06,0.0014617014676332474,0.011671856045722961,0.04870380461215973,18.680465698242188
noctx,arbnet_density_skew,2023-03-08,0.00018581106269266456,0.014288114383816719,0.053598418831825256,18.831130981445312
noctx,arbnet_density_skew,2023-03-09,0.002847898518666625,0.00931704230606556,0.11414098739624023,17.895774841308594
noctx,arbnet_density_skew,2023-03-10,0.002671345602720976,0.008236417546868324,0.12438023090362549,17.129867553710938
noctx,arbnet_density_skew,2023-03-13,0.00422308873385191,0.013262799009680748,0.0019334180979058146,16.600276947021484
noctx,arbnet_density_skew,2023-03-14,0.003724296111613512,0.014509633183479309,0.001751669216901064,17.118797302246094
noctx,arbnet_density_skew,2023-03-15,0.0031388646457344294,0.019146988168358803,0.03298921883106232,16.254352569580078
noctx,arbnet_density_skew,2023-03-16,0.0038506132550537586,0.013156872242689133,0.0017021573148667812,17.600608825683594
noctx,arbnet_density_skew,2023-03-17,0.003721275134012103,0.019762350246310234,0.028655078262090683,17.015291213989258
noctx,arbnet_density_skew,2023-03-20,0.0036465274170041084,0.01176157034933567,0.0012794934445992112,17.664321899414062
noctx,arbnet_density_skew,2023-03-21,0.0039146458730101585,0.010192000307142735,0.00130824267398566,16.824981689453125
noctx,arbnet_density_skew,2023-03-22,0.003349933074787259,0.01570618525147438,0.08064814656972885,17.14051628112793
noctx,arbnet_density_skew,2023-03-23,0.00418810686096549,0.007165152113884687,0.001394324586726725,16.393415451049805
noctx,arbnet_density_skew,2023-03-24,0.004049730021506548,0.010409567505121231,0.0016459794715046883,16.19161605834961
noctx,arbnet_density_skew,2023-03-27,0.0034172520972788334,0.011071939021348953,0.0013241154374554753,16.85230255126953
noctx,arbnet_density_skew,2023-03-28,0.003635683562606573,0.010509117506444454,0.0012196755269542336,17.33681297302246
noctx,arbnet_density_skew,2023-03-29,0.0037385288160294294,0.0075751496478915215,0.0014976231614127755,16.452856063842773
noctx,arbnet_density_skew,2023-03-31,0.0013421258190646768,0.011875869706273079,0.04245895892381668,19.15097427368164
noctx,arbnet_density_skew,2023-04-03,0.004200511611998081,0.012354155071079731,0.054311808198690414,16.272748947143555
noctx,arbnet_density_skew,2023-04-05,1.0040463394034305e-06,0.008829756639897823,0.13456952571868896,18.793283462524414
noctx,arbnet_density_skew,2023-04-06,0.00011079021351179108,0.006656236480921507,0.14217182993888855,19.00276756286621
noctx,arbnet_density_skew,2023-04-10,0.004744483157992363,0.00975012592971325,0.01300879754126072,14.661760330200195
noctx,arbnet_density_skew,2023-04-11,0.0032492736354470253,0.011176833882927895,0.09268125146627426,16.147571563720703
noctx,arbnet_density_skew,2023-04-12,0.001067677279934287,0.010244747623801231,0.09639468044042587,19.411195755004883
noctx,arbnet_density_skew,2023-04-13,9.301914542447776e-05,0.00872713141143322,0.13560166954994202,19.380535125732422
noctx,arbnet_density_skew,2023-04-17,0.004541471600532532,0.007634506560862064,0.0015903975581750274,16.622106552124023
noctx,arbnet_density_skew,2023-04-18,0.00421570660546422,0.008947322145104408,0.007386929355561733,15.114785194396973
noctx,arbnet_density_skew,2023-04-19,0.004358315374702215,0.009836919605731964,0.09914547950029373,16.131364822387695
noctx,arbnet_density_skew,2023-04-20,0.004738575778901577,0.0049835434183478355,0.0010617708321660757,16.40091896057129
noctx,arbnet_density_skew,2023-04-21,0.0031841364689171314,0.012448725290596485,0.09699048101902008,17.073036193847656
noctx,arbnet_density_skew,2023-04-24,0.0046114688739180565,0.005943218246102333,0.000857597857248038,17.140104293823242
noctx,arbnet_density_skew,2023-04-25,7.839399040676653e-05,0.008954196237027645,0.1609930545091629,18.354278564453125
noctx,arbnet_density_skew,2023-04-26,0.004794861655682325,0.006834948435425758,0.00271399668417871,15.561453819274902
noctx,arbnet_density_skew,2023-04-27,0.00045358409988693893,0.01058519072830677,0.13895629346370697,18.959026336669922
noctx,arbnet_density_skew,2023-04-28,7.062105851218803e-06,0.006043566390872002,0.10989551246166229,19.416160583496094
noctx,arbnet_density_skew,2023-05-02,0.0025706514716148376,0.011725968681275845,0.0931970477104187,16.700572967529297
noctx,arbnet_density_skew,2023-05-03,0.002018661005422473,0.007056760601699352,0.10967741161584854,17.592016220092773
noctx,arbnet_density_skew,2023-05-04,7.541874947492033e-05,0.006495996378362179,0.0801912471652031,19.161296844482422
noctx,arbnet_density_skew,2023-05-05,0.0020913504995405674,0.010473426431417465,0.09514100104570389,17.06193733215332
noctx,arbnet_density_skew,2023-05-08,0.0021006977185606956,0.01390658225864172,0.060562338680028915,15.999794960021973
noctx,arbnet_density_skew,2023-05-09,5.2252347813919187e-05,0.014695464633405209,0.04264985769987106,18.643810272216797
noctx,arbnet_density_skew,2023-05-10,0.002455940702930093,0.013354028575122356,0.03564077243208885,16.798423767089844
noctx,arbnet_density_skew,2023-05-11,0.004625714849680662,0.009525291621685028,0.008357945829629898,15.512332916259766
noctx,arbnet_density_skew,2023-05-12,0.0005141992005519569,0.012509137392044067,0.09115605056285858,19.363351821899414
noctx,arbnet_density_skew,2023-05-15,0.004128684755414724,0.011186584830284119,0.024115553125739098,16.17373275756836
noctx,arbnet_density_skew,2023-05-16,6.886802293593064e-05,0.010491455905139446,0.11211805790662766,19.41060447692871
noctx,arbnet_density_skew,2023-05-17,0.004446486011147499,0.007032833062112331,0.005628935992717743,14.707061767578125
noctx,arbnet_density_skew,2023-05-18,0.00024745846167206764,0.010103675536811352,0.10971246659755707,19.687341690063477
noctx,arbnet_density_skew,2023-05-19,0.003961637616157532,0.006229803431779146,0.0016397559083998203,16.13762092590332
noctx,arbnet_density_skew,2023-05-22,0.004184918478131294,0.007069648243486881,0.0022261738777160645,16.373891830444336
noctx,arbnet_density_skew,2023-05-23,0.001336682471446693,0.007701906841248274,0.11061092466115952,19.25327491760254
noctx,arbnet_density_skew,2023-05-24,0.003448741976171732,0.005499179009348154,0.0008048189920373261,18.137805938720703
noctx,arbnet_density_skew,2023-05-25,0.002903711050748825,0.0070466818287968636,0.0010032686404883862,19.058128356933594
noctx,arbnet_density_skew,2023-05-26,5.2083563787164167e-05,0.010146448388695717,0.03193008527159691,18.32421112060547
noctx,arbnet_density_skew,2023-05-29,0.0038146330043673515,0.0072904471307992935,0.011799891479313374,16.67705535888672
noctx,arbnet_density_skew,2023-05-30,3.0440631235251203e-05,0.005442713852971792,0.14685595035552979,19.21550941467285
noctx,arbnet_density_skew,2023-05-31,0.0029849198181182146,0.006442519370466471,0.0015594515716657043,17.338970184326172
noctx,arbnet_density_skew,2023-06-01,0.001965218922123313,0.00884410459548235,0.014089941047132015,17.233802795410156
noctx,arbnet_density_skew,2023-06-02,0.0027608308009803295,0.007981649599969387,0.08872053772211075,16.69696807861328
noctx,arbnet_density_skew,2023-06-05,0.0032045987900346518,0.009106103330850601,0.04561953619122505,16.865478515625
noctx,arbnet_density_skew,2023-06-06,0.0008156258263625205,0.011590410023927689,0.04292118176817894,18.84456443786621
noctx,arbnet_density_skew,2023-06-07,5.843757389811799e-05,0.012137055397033691,0.050207968801259995,18.938432693481445
noctx,arbnet_density_skew,2023-06-08,0.002582255518063903,0.011858955025672913,0.07213571667671204,16.590641021728516
noctx,arbnet_density_skew,2023-06-09,0.002572821918874979,0.008771143853664398,0.08641006797552109,16.42206382751465
noctx,arbnet_density_skew,2023-06-12,0.003749124240130186,0.013936412520706654,0.024426136165857315,15.800320625305176
noctx,arbnet_density_skew,2023-06-13,0.002842842135578394,0.009904667735099792,0.08687670528888702,16.85696792602539
noctx,arbnet_density_skew,2023-06-14,0.0028990700375288725,0.00837054755538702,0.09243795275688171,16.052631378173828
noctx,arbnet_density_skew,2023-06-15,0.0025936479214578867,0.009825476445257664,0.08288957178592682,17.754255294799805
noctx,arbnet_density_skew,2023-06-16,0.004214263055473566,0.010128925554454327,0.013734482228755951,15.94459056854248
noctx,arbnet_density_skew,2023-06-19,0.0028026788495481014,0.01406809501349926,0.05338813364505768,17.317211151123047
noctx,arbnet_density_skew,2023-06-20,0.002659992780536413,0.010800722986459732,0.07590269297361374,16.73847770690918
noctx,arbnet_density_skew,2023-06-21,0.00251720636151731,0.010798858478665352,0.06897097080945969,16.13542366027832
noctx,arbnet_density_skew,2023-06-22,0.003619546303525567,0.011118659749627113,0.034053776413202286,16.75217056274414
noctx,arbnet_density_skew,2023-06-23,0.0032594832591712475,0.010078650899231434,0.06903444230556488,16.5292911529541
noctx,arbnet_density_skew,2023-06-26,0.0035925733391195536,0.009659532457590103,0.07296499609947205,15.804819107055664
noctx,arbnet_density_skew,2023-06-27,0.0003570612461771816,0.010440475307404995,0.0932527706027031,18.508708953857422
noctx,arbnet_density_skew,2023-06-28,0.002718776697292924,0.008959170430898666,0.0023933860938996077,16.707069396972656
noctx,arbnet_density_skew,2023-06-30,0.002505047945305705,0.008139458484947681,0.07778806984424591,16.51360321044922
noctx,arbnet_density_skew,2023-07-03,0.002444121055305004,0.007915693335235119,0.07093526422977448,17.835901260375977
noctx,arbnet_density_skew,2023-07-04,0.0006126015214249492,0.009404045529663563,0.06546901166439056,19.08313751220703
noctx,arbnet_density_skew,2023-07-05,0.0034336585085839033,0.010578243993222713,0.01682194508612156,15.05278491973877
noctx,arbnet_density_skew,2023-07-06,0.00250352849252522,0.009795288555324078,0.025418812409043312,15.686372756958008
noctx,arbnet_density_skew,2023-07-07,0.004669591784477234,0.007226071320474148,0.011234457604587078,13.908119201660156
noctx,arbnet_density_skew,2023-07-10,0.004300173372030258,0.0071669770404696465,0.013414710760116577,14.054594039916992
noctx,arbnet_density_skew,2023-07-11,0.004552583675831556,0.008810745552182198,0.005723948590457439,15.180329322814941
noctx,arbnet_density_skew,2023-07-12,0.0020896701607853174,0.010458254255354404,0.0680287554860115,19.570777893066406
noctx,arbnet_density_skew,2023-07-13,0.002879797015339136,0.009913558140397072,0.006772578693926334,15.734427452087402
noctx,arbnet_density_skew,2023-07-14,0.00242770928889513,0.01012831088155508,0.05534308776259422,16.439006805419922
noctx,arbnet_density_skew,2023-07-17,5.389090074459091e-05,0.012782319448888302,0.058910615742206573,19.12619972229004
noctx,arbnet_density_skew,2023-07-18,0.0032350660767406225,0.008395885117352009,0.0029635950922966003,16.180009841918945
noctx,arbnet_density_skew,2023-07-19,0.00040612206794321537,0.011498585343360901,0.0643511638045311,19.00310707092285
noctx,arbnet_density_skew,2023-07-20,6.3186162151396275e-06,0.005786164663732052,0.0912790596485138,19.31526756286621
noctx,arbnet_density_skew,2023-07-21,0.0023540141992270947,0.01038767583668232,0.06956874579191208,17.420166015625
noctx,arbnet_density_skew,2023-07-24,0.003453667741268873,0.006526569370180368,0.0010351373348385096,15.714811325073242
noctx,arbnet_density_skew,2023-07-25,0.0025195861235260963,0.011970841325819492,0.06409428268671036,16.702354431152344
noctx,arbnet_density_skew,2023-07-26,0.0016146610723808408,0.009408323094248772,0.07248473167419434,17.949260711669922
noctx,arbnet_density_skew,2023-07-27,0.0019339851569384336,0.010906443931162357,0.002414979971945286,16.11836051940918
noctx,arbnet_density_skew,2023-07-28,0.002350174356251955,0.006678852252662182,0.0581715889275074,17.346302032470703
noctx,arbnet_density_skew,2023-07-31,0.002967103850096464,0.009166073985397816,0.03287686035037041,14.372955322265625
noctx,arbnet_density_skew,2023-08-01,0.002380060264840722,0.009017352014780045,0.03867483511567116,15.623287200927734
noctx,arbnet_density_skew,2023-08-02,0.0033041611313819885,0.0075475419871509075,0.038666848093271255,15.983087539672852
noctx,arbnet_density_skew,2023-08-03,0.0032192468643188477,0.007477607112377882,0.033073801547288895,15.622820854187012
noctx,arbnet_density_skew,2023-08-04,0.003105445532128215,0.007050650659948587,0.03233898803591728,14.588509559631348
noctx,arbnet_density_skew,2023-08-07,0.003165567060932517,0.006901582237333059,0.0406951867043972,14.601391792297363
noctx,arbnet_density_skew,2023-08-08,0.002321506617590785,0.007219551596790552,0.03836578130722046,16.930870056152344
noctx,arbnet_density_skew,2023-08-09,4.052308577229269e-05,0.006271423771977425,0.10645546764135361,18.33713150024414
noctx,arbnet_density_skew,2023-08-10,0.002476673573255539,0.006992862559854984,0.04300732538104057,17.217342376708984
noctx,arbnet_density_skew,2023-08-11,0.0029016754124313593,0.0072014969773590565,0.07824085652828217,15.69991397857666
noctx,arbnet_density_skew,2023-08-14,0.002514346968382597,0.007558076176792383,0.07381457090377808,15.972713470458984
noctx,arbnet_density_skew,2023-08-16,0.0031635987106710672,0.006491009145975113,0.007818271405994892,15.53089427947998
noctx,arbnet_density_skew,2023-08-17,0.00011633471876848489,0.008581039495766163,0.09592682123184204,19.174699783325195
noctx,arbnet_density_skew,2023-08-18,0.0016865269280970097,0.007480144035071135,0.07593734562397003,17.884958267211914
noctx,arbnet_density_skew,2023-08-21,0.0017556227976456285,0.010049491189420223,0.06556327641010284,17.754329681396484
noctx,arbnet_density_skew,2023-08-22,0.0023918200749903917,0.006095543969422579,0.000875426281709224,18.770322799682617
noctx,arbnet_density_skew,2023-08-23,0.0013071887660771608,0.007325810380280018,0.07444972544908524,18.546165466308594
noctx,arbnet_density_skew,2023-08-24,0.0023915276397019625,0.007626115810126066,0.06435941159725189,16.352901458740234
noctx,arbnet_density_skew,2023-08-25,0.003320979652926326,0.0078428965061903,0.023032095283269882,15.809520721435547
noctx,arbnet_density_skew,2023-08-28,0.002590717514976859,0.006368565838783979,0.0008521565468981862,17.02801513671875
noctx,arbnet_density_skew,2023-08-29,0.0017762365750968456,0.008751374669373035,0.0713755264878273,16.193767547607422
noctx,arbnet_density_skew,2023-08-30,0.0016079973429441452,0.008667752146720886,0.061946332454681396,16.168542861938477
noctx,arbnet_density_skew,2023-08-31,0.002032367279753089,0.010180358774960041,0.0010505117243155837,18.52231216430664
noctx,arbnet_density_skew,2023-09-01,7.232169446069747e-05,0.005653963424265385,0.08767443150281906,19.457347869873047
noctx,arbnet_density_skew,2023-09-04,0.002528084209188819,0.010066842660307884,0.031166495755314827,16.929054260253906
noctx,arbnet_density_skew,2023-09-05,0.0023661102168262005,0.008824066258966923,0.035846516489982605,16.218421936035156
noctx,arbnet_density_skew,2023-09-06,4.434478614712134e-05,0.0061761909164488316,0.09290992468595505,19.299856185913086
noctx,arbnet_density_skew,2023-09-07,7.549365545855835e-05,0.00979048851877451,0.04737582430243492,18.21003532409668
noctx,arbnet_density_skew,2023-09-08,0.0004469800624065101,0.006504598073661327,0.08615661412477493,19.09162139892578
noctx,arbnet_density_skew,2023-09-11,0.002047046087682247,0.009976032190024853,0.05850999802350998,16.956199645996094
noctx,arbnet_density_skew,2023-09-12,0.002396532567217946,0.010286497883498669,0.05749121680855751,15.974848747253418
noctx,arbnet_density_skew,2023-09-13,0.002536185085773468,0.008352482691407204,0.06658477336168289,16.327009201049805
noctx,arbnet_density_skew,2023-09-14,0.002754204673692584,0.006133797112852335,0.07839709520339966,18.658964157104492
noctx,arbnet_density_skew,2023-09-15,0.0025735460221767426,0.006926275789737701,0.07618159055709839,16.0759220123291
noctx,arbnet_density_skew,2023-09-18,0.0020247253123670816,0.007083844859153032,0.07584863156080246,16.215410232543945
noctx,arbnet_density_skew,2023-09-20,0.001767801120877266,0.01024140976369381,0.05701620876789093,18.4481201171875
noctx,arbnet_density_skew,2023-09-21,0.0020789019763469696,0.008525442332029343,0.0680743083357811,17.823698043823242
noctx,arbnet_density_skew,2023-09-22,0.0026826774701476097,0.006199281197041273,0.0007795789279043674,16.795225143432617
noctx,arbnet_density_skew,2023-09-25,0.0027799715753644705,0.0065977624617516994,0.0009092228137888014,16.290281295776367
noctx,arbnet_density_skew,2023-09-26,0.0021000311244279146,0.006263385992497206,0.08866984397172928,17.906715393066406
noctx,arbnet_density_skew,2023-09-27,0.0023167128674685955,0.006587723270058632,0.00098339410033077,17.17074203491211
noctx,arbnet_density_skew,2023-09-28,0.002729501575231552,0.011063572950661182,0.04601748287677765,17.62319564819336
noctx,arbnet_density_skew,2023-09-29,0.0032837719190865755,0.005762438289821148,0.06625699996948242,16.751848220825195
noctx,arbnet_density_skew,2023-10-03,0.0020992665085941553,0.007200819905847311,0.039720967411994934,15.389403343200684
noctx,arbnet_density_skew,2023-10-04,0.0024043952580541372,0.005933607928454876,0.034324321895837784,16.111099243164062
noctx,arbnet_density_skew,2023-10-05,0.001770688104443252,0.0047881947830319405,0.025164294987916946,15.790838241577148
noctx,arbnet_density_skew,2023-10-06,0.00170724221970886,0.005080343224108219,0.03937873616814613,16.80550193786621
noctx,arbnet_density_skew,2023-10-09,0.001765217399224639,0.008195276372134686,0.01996190845966339,15.58614444732666
noctx,arbnet_density_skew,2023-10-10,0.0015437499387189746,0.00935713853687048,0.017797674983739853,15.508252143859863
noctx,arbnet_density_skew,2023-10-11,0.0021189628168940544,0.008089618757367134,0.00569078978151083,14.678291320800781
noctx,arbnet_density_skew,2023-10-12,0.0016723882872611284,0.007790399249643087,0.03274109587073326,17.522991180419922
noctx,arbnet_density_skew,2023-10-13,0.0016851824475452304,0.006176619790494442,0.0015024547465145588,15.903322219848633
noctx,arbnet_density_skew,2023-10-16,0.001355628832243383,0.008910114876925945,0.0030630307737737894,14.958568572998047
noctx,arbnet_density_skew,2023-10-17,0.0012798989191651344,0.0073318202048540115,0.006191079504787922,15.595752716064453
noctx,arbnet_density_skew,2023-10-18,0.0013018132885918021,0.0087509173899889,0.01527249813079834,15.884749412536621
noctx,arbnet_density_skew,2023-10-19,0.0011478614760562778,0.008229208178818226,0.004281851463019848,15.954581260681152
noctx,arbnet_density_skew,2023-10-20,0.0012529663508757949,0.007727114018052816,0.007132089696824551,15.207659721374512
noctx,arbnet_density_skew,2023-10-23,0.0009359358227811754,0.010462461970746517,0.00293463165871799,16.254501342773438
noctx,arbnet_density_skew,2023-10-25,0.001235675415955484,0.011608022265136242,0.0014902330003678799,16.5250244140625
noctx,arbnet_density_skew,2023-10-26,0.0021539952140301466,0.013157314620912075,0.0027284654788672924,17.150299072265625
noctx,arbnet_density_skew,2023-10-27,0.0019837284926325083,0.00623200973495841,0.03733552247285843,15.695337295532227
noctx,arbnet_density_skew,2023-10-30,0.0020255842246115208,0.007424920331686735,0.026194514706730843,15.4853515625
noctx,arbnet_density_skew,2023-10-31,0.0021205516532063484,0.008233089931309223,0.03164283558726311,16.18195915222168
noctx,arbnet_density_skew,2023-11-01,0.0018969456432387233,0.007804506458342075,0.0328034982085228,14.941044807434082
noctx,arbnet_density_skew,2023-11-02,0.0016557889757677913,0.0063894265331327915,0.02483648806810379,15.237757682800293
noctx,arbnet_density_skew,2023-11-03,0.0016347194323316216,0.005867083091288805,0.0404534637928009,15.051358222961426
noctx,arbnet_density_skew,2023-11-06,0.0018822008278220892,0.006717828568071127,0.025766568258404732,14.081974983215332
noctx,arbnet_density_skew,2023-11-07,0.0016224796418100595,0.006438561249524355,0.026821767911314964,14.244140625
noctx,arbnet_density_skew,2023-11-08,0.002325475914403796,0.006389095447957516,0.02220057137310505,14.689643859863281
noctx,arbnet_density_skew,2023-11-09,0.0020731210242956877,0.0060752821154892445,0.03913227096199989,17.928417205810547
noctx,arbnet_density_skew,2023-11-10,0.0017832674784585834,0.00622385973110795,0.0220636073499918,14.764331817626953
noctx,arbnet_density_skew,2023-11-13,0.0016509710112586617,0.0067366850562393665,0.027110494673252106,15.056431770324707
noctx,arbnet_density_skew,2023-11-15,0.001823460916057229,0.005927669815719128,0.04323214292526245,16.946735382080078
noctx,arbnet_density_skew,2023-11-16,0.0014542803401127458,0.006427993532270193,0.02001125179231167,15.590484619140625
noctx,arbnet_density_skew,2023-11-17,0.0017495801439508796,0.009516015648841858,0.027967503294348717,18.09027671813965
noctx,arbnet_density_skew,2023-11-20,0.0019619003869593143,0.010731860063970089,0.022484300658106804,17.0401668548584
noctx,arbnet_density_skew,2023-11-21,0.0019417754374444485,0.010549778118729591,0.004661452490836382,15.552919387817383
noctx,arbnet_density_skew,2023-11-22,0.0017031547613441944,0.01058194786310196,0.0034313963260501623,18.267993927001953
noctx,arbnet_density_skew,2023-11-23,0.0035487923305481672,0.009221604093909264,0.007260613143444061,20.584558486938477
noctx,arbnet_density_skew,2023-11-24,0.0020671156235039234,0.00611150823533535,0.04333198443055153,17.346172332763672
noctx,arbnet_density_skew,2023-11-28,0.002887176349759102,0.01123142708092928,0.0017914664931595325,23.114112854003906
noctx,arbnet_density_skew,2023-11-29,0.0027966105844825506,0.011700925417244434,0.0012253166642040014,23.058015823364258
noctx,arbnet_density_skew,2023-11-30,0.00212601525709033,0.009880841709673405,0.0015546042704954743,21.6571044921875
noctx,arbnet_density_skew,2023-12-01,0.0016672631027176976,0.008558501489460468,0.022433951497077942,15.494071960449219
noctx,arbnet_density_skew,2023-12-04,0.0014259322779253125,0.010310652665793896,0.015056604519486427,17.556161880493164
noctx,arbnet_density_skew,2023-12-05,0.0016239432152360678,0.010095243342220783,0.019304515793919563,15.751415252685547
noctx,arbnet_density_skew,2023-12-06,0.0015750100137665868,0.012693413533270359,0.0015752961626276374,17.011768341064453
noctx,arbnet_density_skew,2023-12-07,0.002376607619225979,0.012518874369561672,0.008857709355652332,21.6173095703125
noctx,arbnet_density_skew,2023-12-08,0.0032151418272405863,0.010254277847707272,0.0119337048381567,18.78862953186035
noctx,arbnet_density_skew,2023-12-11,0.002506943652406335,0.011650385335087776,0.015076663345098495,20.00017547607422
noctx,arbnet_density_skew,2023-12-12,0.004091710317879915,0.014184852130711079,0.004007497802376747,25.11374855041504
noctx,arbnet_density_skew,2023-12-13,0.0035780787002295256,0.011732368730008602,0.01506146602332592,23.13871192932129
noctx,arbnet_density_skew,2023-12-14,0.0027689170092344284,0.011302968487143517,0.005196894984692335,20.686546325683594
noctx,arbnet_density_skew,2023-12-15,0.007738203275948763,0.012986782938241959,0.012276687659323215,22.960437774658203
noctx,arbnet_density_skew,2023-12-18,0.0018638826441019773,0.015754207968711853,0.006681788247078657,16.574357986450195
noctx,arbnet_density_skew,2023-12-19,0.0036405425053089857,0.0133725106716156,0.001070174970664084,21.18476104736328
noctx,arbnet_density_skew,2023-12-20,0.0017778454348444939,0.019705839455127716,0.002195977373048663,20.986330032348633
noctx,arbnet_density_skew,2023-12-21,0.0029800913762301207,0.019797492772340775,0.001278771203942597,23.071374893188477
noctx,arbnet_density_skew,2023-12-22,0.0018015376990661025,0.011894235387444496,0.001113962265662849,22.245071411132812
noctx,arbnet_density_skew,2023-12-26,0.0028375284746289253,0.018831880763173103,0.001451060175895691,23.717893600463867
noctx,arbnet_density_skew,2023-12-27,0.0030386955477297306,0.019089285284280777,0.008466066792607307,23.108932495117188
noctx,arbnet_density_skew,2023-12-28,0.001337765483185649,0.010526718571782112,0.00107736443169415,22.38222885131836
noctx,arbnet_density_skew,2023-12-29,0.00181970139965415,0.016869809478521347,0.00864845234900713,21.336793899536133
noctx,arbnet_density_skew,2024-01-01,0.0009290530579164624,0.018062563613057137,0.0012501822784543037,20.096254348754883
noctx,arbnet_density_skew,2024-01-02,0.0016525202663615346,0.01570470631122589,0.004079532343894243,16.627025604248047
noctx,arbnet_density_skew,2024-01-03,0.0020026331767439842,0.01201269868761301,0.022463245317339897,15.911845207214355
noctx,arbnet_density_skew,2024-01-04,0.0019751540385186672,0.013158467598259449,0.021974265575408936,18.579769134521484
noctx,arbnet_density_skew,2024-01-05,0.002377668395638466,0.008691653609275818,0.0295343529433012,16.185182571411133
noctx,arbnet_density_skew,2024-01-08,0.0020696118008345366,0.013356709852814674,0.021784145385026932,15.009870529174805
noctx,arbnet_density_skew,2024-01-09,0.0021685489919036627,0.01451355591416359,0.005622208118438721,16.539470672607422
noctx,arbnet_density_skew,2024-01-10,0.002204527845606208,0.01517203077673912,0.011499038897454739,17.24478530883789
noctx,arbnet_density_skew,2024-01-11,0.0020007744897156954,0.010633313097059727,0.02314624935388565,16.74822425842285
noctx,arbnet_density_skew,2024-01-12,0.0025789609644562006,0.013701128773391247,0.02049381472170353,17.8098087310791
noctx,arbnet_density_skew,2024-01-15,0.002441639080643654,0.014978778548538685,0.015187324956059456,15.655399322509766
noctx,arbnet_density_skew,2024-01-16,0.0022590351291000843,0.014872546307742596,0.012957455590367317,15.193535804748535
noctx,arbnet_density_skew,2024-01-17,1.3139838301867712e-05,0.021449895575642586,0.004072208423167467,19.775253295898438
noctx,arbnet_density_skew,2024-01-18,0.0003818717668764293,0.020269405096769333,0.001039954018779099,21.90035057067871
noctx,arbnet_density_skew,2024-01-19,0.001760962069965899,0.018523775041103363,0.0011605264153331518,21.15753936767578
noctx,arbnet_density_skew,2024-01-23,0.00012189985864097252,0.021835675463080406,0.00045806056004948914,21.22821617126465
noctx,arbnet_density_skew,2024-01-24,0.0007694025989621878,0.019859042018651962,0.00040005287155508995,22.969654083251953
noctx,arbnet_density_skew,2024-01-25,0.0007403893396258354,0.01849927380681038,0.0005497777019627392,21.686691284179688
noctx,arbnet_density_skew,2024-01-29,0.0014473858755081892,0.013444543816149235,0.0008844454423524439,22.89105796813965
noctx,arbnet_density_skew,2024-01-30,0.0012308857403695583,0.015887876972556114,0.0009936069836840034,22.139936447143555
noctx,arbnet_density_skew,2024-01-31,0.0011120728449895978,0.013704458251595497,0.0009838319383561611,22.55315399169922
noctx,arbnet_density_skew,2024-02-01,0.0014092165511101484,0.014632618054747581,0.008373613469302654,15.337423324584961
noctx,arbnet_density_skew,2024-02-02,0.0011527125025168061,0.015606209635734558,0.013112072832882404,15.615899085998535
noctx,arbnet_density_skew,2024-02-05,0.0013237552484497428,0.01564525067806244,0.0011422454845160246,15.190966606140137
noctx,arbnet_density_skew,2024-02-06,0.001048161298967898,0.01568826474249363,0.0005962977302260697,17.736196517944336
noctx,arbnet_density_skew,2024-02-07,0.0012732235481962562,0.015436607412993908,0.0007314760005101562,19.61627960205078
noctx,arbnet_density_skew,2024-02-08,0.0008403326501138508,0.018884019926190376,0.009835290722548962,18.539581298828125
noctx,arbnet_density_skew,2024-02-09,0.0011776452884078026,0.016096243634819984,0.0013492637081071734,16.107330322265625
noctx,arbnet_density_skew,2024-02-12,0.0009761342080309987,0.01419720146805048,0.0008534353692084551,22.762836456298828
noctx,arbnet_density_skew,2024-02-13,0.0011378047056496143,0.016978533938527107,0.010148700326681137,17.64071273803711
noctx,arbnet_density_skew,2024-02-14,0.0007212915807031095,0.016490379348397255,0.0010376826394349337,21.228656768798828
noctx,arbnet_density_skew,2024-02-15,0.001531043672002852,0.010766659863293171,0.0012127519585192204,21.790647506713867
noctx,arbnet_density_skew,2024-02-16,0.0007224349537864327,0.015062735415995121,0.0011372505687177181,19.91120147705078
noctx,arbnet_density_skew,2024-02-19,0.0010791899403557181,0.011209714226424694,0.001068787183612585,22.494157791137695
noctx,arbnet_density_skew,2024-02-20,0.0007388385711237788,0.015549111180007458,0.0007610732573084533,20.791950225830078
noctx,arbnet_density_skew,2024-02-21,0.0009410143829882145,0.01429069135338068,0.0010779945878311992,21.02228355407715
noctx,arbnet_density_skew,2024-02-22,0.0008777851471677423,0.015116258524358273,0.0011659273877739906,21.24966049194336
noctx,arbnet_density_skew,2024-02-23,0.0008260111208073795,0.01526610367000103,0.0011432197643443942,20.852367401123047
noctx,arbnet_density_skew,2024-02-26,0.0016812081448733807,0.010727116838097572,0.0006884772446937859,23.397136688232422
noctx,arbnet_density_skew,2024-02-27,3.874303274642443e-06,0.020714495331048965,0.005528234876692295,19.398544311523438
noctx,arbnet_density_skew,2024-02-28,0.0004972901078872383,0.01731068082153797,0.0007642187993042171,22.53026580810547
noctx,arbnet_density_skew,2024-02-29,0.0026806844398379326,0.019329862669110298,0.010521662421524525,21.907995223999023
noctx,arbnet_density_skew,2024-03-01,0.0008131396025419235,0.014463280327618122,0.02299756370484829,18.31349754333496
noctx,arbnet_density_skew,2024-03-04,0.0009521539323031902,0.014026038348674774,0.01937669888138771,18.777040481567383
noctx,arbnet_density_skew,2024-03-05,0.0012253434397280216,0.011907926760613918,0.004802148323506117,14.871578216552734
noctx,arbnet_density_skew,2024-03-06,0.0017333171563223004,0.011053629219532013,0.0012957274448126554,16.54462242126465
noctx,arbnet_density_skew,2024-03-07,0.001402645604684949,0.008373207412660122,0.02519330196082592,16.129222869873047
noctx,arbnet_density_skew,2024-03-11,0.0012473991373553872,0.015337956137955189,0.0009827063186094165,18.328542709350586
noctx,arbnet_density_skew,2024-03-12,0.0008892648620530963,0.016179561614990234,0.001024325960315764,19.294261932373047
noctx,arbnet_density_skew,2024-03-13,8.749741391511634e-05,0.018729956820607185,0.020308995619416237,19.328506469726562
noctx,arbnet_density_skew,2024-03-14,0.002694519003853202,0.010420198552310467,0.0011380193755030632,21.770282745361328
noctx,arbnet_density_skew,2024-03-15,2.737033719313331e-05,0.019162653014063835,0.025618674233555794,19.32237434387207
noctx,arbnet_density_skew,2024-03-18,0.0006456762203015387,0.017483500763773918,0.01417502947151661,19.578876495361328
noctx,arbnet_density_skew,2024-03-19,0.0014725583605468273,0.011548209004104137,0.0009603917715139687,21.104780197143555
noctx,arbnet_density_skew,2024-03-20,0.001255791517905891,0.012159498408436775,0.001090505043976009,20.18248748779297
noctx,arbnet_density_skew,2024-03-21,0.0014486226718872786,0.01099394541233778,0.0011915402719751,21.596092224121094
noctx,arbnet_density_skew,2024-03-22,0.0012559926835820079,0.01419776026159525,0.007421679329127073,19.513065338134766
noctx,arbnet_density_skew,2024-03-26,0.0014168010093271732,0.01674177311360836,0.0007990091689862311,21.983583450317383
noctx,arbnet_density_skew,2024-03-27,0.0011178237618878484,0.01514497958123684,0.0017704879865050316,21.925289154052734
noctx,arbnet_density_skew,2024-03-28,0.0011703805066645145,0.013204643502831459,0.007873008958995342,22.004697799682617
noctx,arbnet_density_skew,2024-04-01,0.0029888132121413946,0.012225830927491188,0.03404226154088974,15.236260414123535
noctx,arbnet_density_skew,2024-04-02,0.0024657598696649075,0.007918531075119972,0.04514409229159355,16.130966186523438
noctx,arbnet_density_skew,2024-04-03,0.0029345010407269,0.01019227597862482,0.03907249495387077,15.11644172668457
noctx,arbnet_density_skew,2024-04-04,0.0036576557904481888,0.00898531824350357,0.02891521528363228,15.555083274841309
noctx,arbnet_density_skew,2024-04-05,0.0020207022316753864,0.009688899852335453,0.043183356523513794,15.266845703125
noctx,arbnet_density_skew,2024-04-08,0.00257450551725924,0.011609707027673721,0.03637059032917023,15.764152526855469
noctx,arbnet_density_skew,2024-04-09,0.0018989639356732368,0.01104925386607647,0.027479326352477074,15.625348091125488
noctx,arbnet_density_skew,2024-04-10,0.0019545110408216715,0.008335156366229057,0.04797801375389099,16.214019775390625
noctx,arbnet_density_skew,2024-04-12,0.0032657019328325987,0.00969141535460949,0.0351216085255146,15.874780654907227
noctx,arbnet_density_skew,2024-04-15,0.004417322110384703,0.015587368980050087,0.023409774526953697,15.496088027954102
noctx,arbnet_density_skew,2024-04-16,0.0027209240943193436,0.01339749712496996,0.03146718069911003,15.846957206726074
noctx,arbnet_density_skew,2024-04-18,0.0034000445157289505,0.01707128807902336,0.01902899332344532,17.401691436767578
noctx,arbnet_density_skew,2024-04-19,0.0016477445606142282,0.010188558138906956,0.03765915334224701,15.437910079956055
noctx,arbnet_density_skew,2024-04-22,0.002032134449109435,0.011839458718895912,0.040470171719789505,17.96375274658203
noctx,arbnet_density_skew,2024-04-23,0.001271183486096561,0.008027973584830761,0.059140194207429886,17.218782424926758
noctx,arbnet_density_skew,2024-04-24,0.0015745142009109259,0.010575955733656883,0.030828578397631645,15.720698356628418
noctx,arbnet_density_skew,2024-04-25,0.0010902369394898415,0.0076355221681296825,0.061562031507492065,18.663108825683594
noctx,arbnet_density_skew,2024-04-26,0.0021858499385416508,0.010276202112436295,0.04318881779909134,16.247955322265625
noctx,arbnet_density_skew,2024-04-29,0.0019299446139484644,0.009533006697893143,0.04790842533111572,14.827681541442871
noctx,arbnet_density_skew,2024-04-30,0.0014652033569291234,0.010931781493127346,0.04141511768102646,14.741637229919434
noctx,arbnet_density_skew,2024-05-02,0.0018327689031139016,0.011387632228434086,0.04232411086559296,15.473285675048828
noctx,arbnet_density_skew,2024-05-03,0.0012576642911881208,0.013307660818099976,0.04966706782579422,15.443068504333496
noctx,arbnet_density_skew,2024-05-06,0.0023668124340474606,0.016863860189914703,0.005895175505429506,14.80433177947998
noctx,arbnet_density_skew,2024-05-07,0.0010173642076551914,0.016344886273145676,0.04147229716181755,15.764727592468262
noctx,arbnet_density_skew,2024-05-08,0.0020258266013115644,0.014900864101946354,0.052575815469026566,15.517751693725586
noctx,arbnet_density_skew,2024-05-09,0.0015352064510807395,0.022148702293634415,0.020287729799747467,16.67751693725586
noctx,arbnet_density_skew,2024-05-10,0.0016251024790108204,0.01766701601445675,0.049466051161289215,15.917070388793945
noctx,arbnet_density_skew,2024-05-13,0.002412010682746768,0.01624525524675846,0.003590867854654789,17.201976776123047
noctx,arbnet_density_skew,2024-05-14,0.004892551340162754,0.011084473691880703,0.001969814533367753,16.126262664794922
noctx,arbnet_density_skew,2024-05-15,0.0034758178517222404,0.014069054275751114,0.027807576581835747,15.907949447631836
noctx,arbnet_density_skew,2024-05-16,0.0025694146752357483,0.015182826668024063,0.008499231189489365,16.278427124023438
noctx,arbnet_density_skew,2024-05-17,0.002355000702664256,0.01231280155479908,0.0031492363195866346,18.082563400268555
noctx,arbnet_density_skew,2024-05-21,0.0018046722980216146,0.02435394749045372,0.0017011357704177499,20.401201248168945
noctx,arbnet_density_skew,2024-05-22,0.003266120795160532,0.023414701223373413,0.0030041499994695187,20.747743606567383
noctx,arbnet_density_skew,2024-05-23,0.0025817882269620895,0.014323827810585499,0.001501713297329843,21.458925247192383
noctx,arbnet_density_skew,2024-05-24,0.00252294959500432,0.014859620481729507,0.0013695554807782173,22.8769588470459
noctx,arbnet_density_skew,2024-05-27,0.0036159257870167494,0.008864478208124638,0.0009848523186519742,24.034019470214844
noctx,arbnet_density_skew,2024-05-28,0.002004407811909914,0.019110646098852158,0.0007903426885604858,24.002384185791016
noctx,arbnet_density_skew,2024-05-29,0.004151938483119011,0.01735229231417179,0.0004946364788338542,24.331323623657227
noctx,arbnet_density_skew,2024-05-30,0.003463527886196971,0.03240916505455971,0.00047303931205533445,24.64447593688965
noctx,arbnet_density_skew,2024-05-31,0.0052871741354465485,0.010380051098763943,0.001038493006490171,23.613765716552734
noctx,arbnet_density_skew,2024-06-03,0.006409971509128809,0.015058322809636593,0.0006383426953107119,24.465084075927734
noctx,arbnet_density_skew,2024-06-04,0.003330382751300931,0.01871589943766594,0.0007990598096512258,24.283212661743164
noctx,arbnet_density_skew,2024-06-05,0.0027172802947461605,0.022521231323480606,0.022008556872606277,15.143037796020508
noctx,arbnet_density_skew,2024-06-06,0.0024732230231165886,0.019984321668744087,0.025604471564292908,15.838062286376953
noctx,arbnet_density_skew,2024-06-07,0.00259695784188807,0.018830617889761925,0.05144486203789711,15.37572956085205
noctx,arbnet_density_skew,2024-06-10,0.002553015947341919,0.01706673577427864,0.026249155402183533,15.394895553588867
noctx,arbnet_density_skew,2024-06-11,0.0030223685316741467,0.016170257702469826,0.024027308449149132,14.169981002807617
noctx,arbnet_density_skew,2024-06-12,0.003471763338893652,0.013063990511000156,0.014230506494641304,15.809016227722168
noctx,arbnet_density_skew,2024-06-13,0.0023671339731663465,0.008756361901760101,0.06492949277162552,17.716367721557617
noctx,arbnet_density_skew,2024-06-14,0.003835574956610799,0.008613919839262962,0.03737306222319603,15.213774681091309
noctx,arbnet_density_skew,2024-06-18,0.003859920660033822,0.00964474305510521,0.008713182993233204,15.020801544189453
noctx,arbnet_density_skew,2024-06-19,0.0034395786933600903,0.009948158636689186,0.06848518550395966,16.066421508789062
noctx,arbnet_density_skew,2024-06-20,0.0025876567233353853,0.008219080977141857,0.10463140159845352,16.184885025024414
noctx,arbnet_density_skew,2024-06-21,0.0035668041091412306,0.00849214382469654,0.08056840300559998,15.5812406539917
noctx,arbnet_density_skew,2024-06-24,0.0030132767278701067,0.013750205747783184,0.004833718296140432,15.983796119689941
noctx,arbnet_density_skew,2024-06-25,0.0033640479668974876,0.015400165691971779,0.0482153594493866,15.902088165283203
noctx,arbnet_density_skew,2024-06-26,0.002905418863520026,0.010600720532238483,0.08412765711545944,14.987710952758789
noctx,arbnet_density_skew,2024-06-27,0.004457457922399044,0.007278995122760534,0.008688332512974739,15.112715721130371
noctx,arbnet_density_skew,2024-06-28,0.003248146502301097,0.010890214703977108,0.07212187349796295,14.465653419494629
noctx,arbnet_density_skew,2024-07-01,0.0036983496975153685,0.01181608997285366,0.05653838813304901,13.689029693603516
noctx,arbnet_density_skew,2024-07-02,0.003188138362020254,0.011063987389206886,0.06789007782936096,13.467580795288086
noctx,arbnet_density_skew,2024-07-03,0.0032575519289821386,0.010579919442534447,0.07704954594373703,14.674275398254395
noctx,arbnet_density_skew,2024-07-04,0.0027253415901213884,0.008587225340306759,0.05931536853313446,16.729610443115234
noctx,arbnet_density_skew,2024-07-05,0.003445578971877694,0.008375057019293308,0.06734591722488403,15.917970657348633
