date,arbnet_density_skew,arbnet,ackerer,bs,arbnet_density
2019-01-01,29.431198120117188,75.69493103027344,40.549983978271484,33.06897735595703,29.127290725708008
2019-01-02,35.09609603881836,64.29971313476562,42.55637741088867,40.91462326049805,41.70071029663086
2019-01-03,25.904640197753906,75.9744873046875,23.397554397583008,29.816722869873047,24.287216186523438
2019-01-04,26.064495086669922,74.26830291748047,35.00041961669922,29.223527908325195,24.950576782226562
2019-01-07,23.93750762939453,70.36683654785156,60.62383270263672,28.963571548461914,24.250410079956055
2019-01-08,28.163875579833984,57.92250061035156,27.16037368774414,35.36882781982422,36.09125900268555
2019-01-09,34.412113189697266,72.4629135131836,45.1072883605957,38.88721466064453,35.892555236816406
2019-01-10,24.575698852539062,55.57453536987305,17.015918731689453,31.72480010986328,32.16555404663086
2019-01-11,22.19683265686035,64.35497283935547,31.72644805908203,26.159652709960938,22.08019256591797
2019-01-14,14.81773853302002,59.46270751953125,13.34942626953125,20.632783889770508,15.618298530578613
2019-01-15,22.742536544799805,62.882904052734375,40.68760681152344,25.831218719482422,23.01817512512207
2019-01-16,18.79874610900879,52.46658706665039,15.253571510314941,27.0423526763916,27.346614837646484
2019-01-17,17.21627426147461,58.28240966796875,16.712278366088867,22.899974822998047,17.79823875427246
2019-01-18,11.408604621887207,52.62850570678711,23.499427795410156,21.326610565185547,21.6838321685791
2019-01-21,7.341897487640381,55.65285873413086,30.8760929107666,17.352764129638672,11.283974647521973
2019-01-22,6.902423858642578,53.955997467041016,15.374683380126953,16.426483154296875,10.3131103515625
2019-01-23,15.018054008483887,58.592018127441406,25.941303253173828,21.46636390686035,17.273357391357422
2019-01-24,6.6829423904418945,52.183937072753906,14.698019027709961,16.764528274536133,11.322211265563965
2019-01-25,9.59815788269043,52.05672073364258,13.545181274414062,17.473344802856445,13.808564186096191
2019-01-28,9.838176727294922,52.39398193359375,13.328825950622559,14.713091850280762,11.631307601928711
2019-01-29,14.127524375915527,53.918479919433594,12.59035873413086,16.982189178466797,12.652199745178223
2019-01-30,8.646671295166016,47.384857177734375,15.815300941467285,13.346048355102539,10.621548652648926
2019-01-31,15.830108642578125,52.94911575317383,13.936532020568848,23.22366714477539,22.969383239746094
2019-02-01,29.761432647705078,58.98954391479492,24.898340225219727,27.92070198059082,29.790096282958984
2019-02-04,26.732818603515625,56.35231018066406,24.305192947387695,25.04086685180664,26.802017211914062
2019-02-05,18.35708999633789,50.549800872802734,25.121824264526367,27.524002075195312,27.744260787963867
2019-02-06,21.583621978759766,62.85197067260742,34.525569915771484,29.581737518310547,28.260730743408203
2019-02-07,20.0111083984375,48.397457122802734,16.4135799407959,29.26123046875,29.290775299072266
2019-02-08,29.86895179748535,48.06483459472656,29.278223037719727,30.304885864257812,29.917631149291992
2019-02-11,9.50754451751709,50.705196380615234,10.59029769897461,16.3114070892334,12.973160743713379
2019-02-12,7.220615863800049,51.12049102783203,14.992179870605469,13.916104316711426,9.819326400756836
2019-02-13,8.666364669799805,50.039058685302734,9.37520980834961,8.327699661254883,8.740457534790039
2019-02-14,6.604409694671631,48.11183166503906,7.068356990814209,14.65730094909668,9.833013534545898
2019-02-15,4.663939476013184,48.468685150146484,6.572697639465332,14.559717178344727,8.623151779174805
2019-02-18,8.01589584350586,48.683902740478516,13.699667930603027,14.285157203674316,9.707687377929688
2019-02-19,6.364649772644043,45.54135513305664,10.960437774658203,13.253703117370605,9.21878433227539
2019-02-20,5.52061128616333,47.606143951416016,11.847901344299316,14.262788772583008,9.178316116333008
2019-02-21,5.848262786865234,47.13808822631836,19.436851501464844,14.930000305175781,9.053411483764648
2019-02-22,3.637221336364746,47.90936279296875,5.826338768005371,15.182249069213867,8.376119613647461
2019-02-25,5.6886515617370605,46.178192138671875,67.37641143798828,15.838603973388672,10.304398536682129
2019-02-26,6.795373439788818,46.72455596923828,8.539857864379883,15.721214294433594,9.530622482299805
2019-02-27,12.232879638671875,47.77971267700195,12.539834022521973,18.346845626831055,13.155105590820312
2019-02-28,12.021635055541992,49.33219909667969,17.83574676513672,19.639814376831055,14.069526672363281
2019-03-01,13.672273635864258,49.1297607421875,14.983770370483398,18.534873962402344,15.510879516601562
2019-03-05,16.781494140625,53.750450134277344,20.36678123474121,22.885967254638672,18.0527400970459
2019-03-06,15.37823486328125,54.05915069580078,21.107227325439453,23.03196907043457,21.835742950439453
2019-03-07,13.949915885925293,45.792457580566406,12.887659072875977,19.10115623474121,15.95654296875
2019-03-08,17.731966018676758,53.70799255371094,18.40162467956543,24.627017974853516,19.44754409790039
2019-03-11,15.929004669189453,55.35334396362305,19.828317642211914,23.525901794433594,18.6271915435791
2019-03-12,17.246217727661133,50.09429931640625,17.7604923248291,24.453336715698242,19.431612014770508
2019-03-13,11.803382873535156,48.069339752197266,13.891555786132812,19.286134719848633,14.645763397216797
2019-03-14,12.980955123901367,47.78208923339844,10.488097190856934,18.87066650390625,15.053935050964355
2019-03-15,22.23702621459961,57.64316177368164,27.677967071533203,28.96776008605957,22.479310989379883
2019-03-18,21.629236221313477,56.709293365478516,28.98906707763672,27.14265251159668,22.590450286865234
2019-03-19,21.912260055541992,55.47597122192383,28.487958908081055,27.60017204284668,23.341527938842773
2019-03-20,17.538057327270508,48.302772521972656,25.673137664794922,22.732650756835938,17.88885498046875
2019-03-22,23.046005249023438,57.676273345947266,24.82269859313965,28.783594131469727,25.079383850097656
2019-03-25,17.343114852905273,47.947513580322266,17.56437873840332,19.414878845214844,16.659242630004883
2019-03-26,16.560331344604492,50.1541748046875,19.667102813720703,21.172624588012695,18.376855850219727
2019-03-27,21.790491104125977,50.03739929199219,29.697978973388672,24.141006469726562,24.304759979248047
2019-03-28,22.953414916992188,60.5024528503418,31.78252410888672,27.373178482055664,23.76568603515625
2019-03-29,17.543800354003906,62.554168701171875,19.7476863861084,54.7972412109375,18.682567596435547
2019-04-01,25.932506561279297,61.4755859375,35.387882232666016,34.78277587890625,28.852188110351562
2019-04-02,28.09804344177246,63.94086456298828,30.26984214782715,32.286231994628906,29.765335083007812
2019-04-03,26.592605590820312,58.97348403930664,46.706993103027344,30.79884147644043,26.720661163330078
2019-04-04,33.84003829956055,64.5888442993164,37.00687026977539,39.33415603637695,34.72896957397461
2019-04-05,19.617229461669922,51.3658332824707,19.159128189086914,20.947113037109375,27.532814025878906
2019-04-08,33.038421630859375,61.826011657714844,48.78141403198242,36.27599334716797,34.29534149169922
2019-04-09,31.725887298583984,60.41267013549805,32.72554016113281,34.852996826171875,33.013572692871094
2019-04-10,28.57802963256836,58.220699310302734,31.587751388549805,30.13710594177246,28.81130027770996
2019-04-11,25.713396072387695,56.715633392333984,39.91044998168945,27.366222381591797,25.41010856628418
2019-04-12,41.08400344848633,68.67068481445312,41.046016693115234,44.182701110839844,42.227317810058594
2019-04-15,34.904354095458984,57.07085418701172,39.5180549621582,32.82637405395508,31.912277221679688
2019-04-16,38.48138427734375,64.7061996459961,38.629676818847656,41.8252067565918,39.426666259765625
2019-04-18,40.25288772583008,67.37496948242188,40.364322662353516,44.68701934814453,44.897178649902344
2019-04-22,32.37362289428711,63.61626052856445,34.12851333618164,32.47930145263672,30.579322814941406
2019-04-23,38.39413833618164,68.3558578491211,35.7308235168457,41.066749572753906,40.557559967041016
2019-04-24,26.30472183227539,59.713233947753906,30.852018356323242,26.801620483398438,28.697711944580078
2019-04-25,26.95425796508789,60.92936706542969,38.27409744262695,29.327383041381836,30.514739990234375
2019-04-26,14.924803733825684,59.12181091308594,19.20473861694336,21.315248489379883,21.680234909057617
2019-04-30,19.28779411315918,62.10066604614258,18.5458984375,22.296125411987305,22.307132720947266
2019-05-02,24.52959442138672,64.19570922851562,24.928205490112305,26.399124145507812,24.658113479614258
2019-05-03,25.149446487426758,57.48458480834961,29.283113479614258,23.370702743530273,23.351816177368164
2019-05-06,30.032926559448242,62.85454559326172,44.84917068481445,33.41438674926758,31.29337501525879
2019-05-07,29.871213912963867,65.7188949584961,33.37162399291992,30.25162124633789,31.1768798828125
2019-05-08,29.90384864807129,65.39147186279297,37.93790817260742,32.66401672363281,31.121471405029297
2019-05-09,27.058015823364258,63.62664794921875,26.592798233032227,27.486560821533203,28.487186431884766
2019-05-10,35.54430389404297,72.26191711425781,34.39780807495117,37.649662017822266,35.10065841674805
2019-05-13,35.346866607666016,72.30962371826172,35.151363372802734,36.712589263916016,33.70199966430664
2019-05-14,29.15134620666504,66.72676849365234,35.1330680847168,32.61992645263672,34.3426513671875
2019-05-15,35.40419387817383,64.62232208251953,44.77682876586914,36.18723678588867,31.651718139648438
2019-05-16,32.14902114868164,67.43941497802734,33.34669494628906,32.86961364746094,30.698413848876953
2019-05-17,35.235816955566406,75.22743225097656,28.74758529663086,37.783241271972656,27.478635787963867
2019-05-20,25.859237670898438,81.9939193725586,25.160734176635742,28.57804298400879,20.579151153564453
2019-05-21,27.6453914642334,89.37238311767578,26.03015899658203,29.92234230041504,19.251754760742188
2019-05-22,34.965877532958984,89.3167953491211,20.44744873046875,36.71988296508789,19.67521858215332
2019-05-23,9.86544418334961,80.92201232910156,25.44205665588379,18.91367530822754,11.561582565307617
2019-05-24,17.440811157226562,80.8298110961914,21.810348510742188,23.105484008789062,21.80775260925293
2019-05-27,20.591726303100586,77.07392120361328,23.27249526977539,25.6110897064209,24.04408073425293
2019-05-28,19.73298454284668,73.72571563720703,22.14737892150879,24.090980529785156,22.415599822998047
2019-05-29,31.480722427368164,71.06687927246094,28.403079986572266,30.82010841369629,31.82740592956543
2019-05-30,31.01382827758789,69.05172729492188,32.06719970703125,36.0162467956543,35.088199615478516
2019-05-31,35.02412414550781,73.9633560180664,34.52081298828125,39.6981201171875,39.03175735473633
2019-06-03,21.89083480834961,70.83525848388672,30.082643508911133,28.447898864746094,27.583751678466797
2019-06-04,22.055431365966797,72.45353698730469,21.637903213500977,26.415380477905273,26.211973190307617
2019-06-06,25.2448673248291,74.10491180419922,45.59925079345703,30.636472702026367,29.007165908813477
2019-06-07,26.843425750732422,74.78408813476562,29.498605728149414,28.703989028930664,28.53376579284668
2019-06-10,24.179935455322266,70.5431137084961,26.656761169433594,26.692359924316406,26.552942276000977
2019-06-11,15.95993423461914,70.90946197509766,20.99222755432129,20.967327117919922,18.418121337890625
2019-06-12,22.709218978881836,65.69165802001953,24.039033889770508,24.761533737182617,24.713762283325195
2019-06-13,30.97766876220703,62.96830749511719,31.388708114624023,32.32890701293945,34.45951461791992
2019-06-14,21.350017547607422,69.7625732421875,19.067827224731445,19.812828063964844,19.326934814453125
2019-06-17,24.832340240478516,62.89122009277344,31.81403350830078,27.59503746032715,27.99226951599121
2019-06-18,21.402969360351562,63.94017791748047,24.561813354492188,20.927324295043945,21.18813705444336
2019-06-19,21.683940887451172,59.22584533691406,21.395719528198242,23.074079513549805,25.615663528442383
2019-06-20,17.92940902709961,65.65512084960938,19.185626983642578,23.182659149169922,21.551027297973633
2019-06-21,15.012385368347168,66.54203796386719,12.484999656677246,16.43330192565918,16.7120418548584
2019-06-24,12.762825012207031,62.46503829956055,15.32289981842041,14.875072479248047,13.142342567443848
2019-06-25,20.60514259338379,58.79856872558594,20.14015007019043,22.06500816345215,23.641246795654297
2019-06-26,14.862700462341309,59.8410758972168,16.199216842651367,15.428499221801758,12.165843963623047
2019-06-27,10.845446586608887,61.202354431152344,13.211764335632324,14.160820960998535,11.72528076171875
2019-06-28,16.557355880737305,63.288063049316406,26.24498176574707,23.01767921447754,18.716583251953125
2019-07-01,13.714461326599121,60.60162353515625,16.16850471496582,20.49003791809082,20.587141036987305
2019-07-02,12.425032615661621,58.610252380371094,14.283393859863281,19.552616119384766,16.30522346496582
2019-07-03,13.890046119689941,56.656436920166016,14.497153282165527,20.35085678100586,20.185665130615234
2019-07-04,15.263439178466797,53.82651901245117,15.920419692993164,22.291719436645508,17.813657760620117
2019-07-05,17.811878204345703,60.18170928955078,18.24265480041504,23.577836990356445,19.978296279907227
2019-07-08,23.640836715698242,67.7824935913086,28.69647979736328,25.763179779052734,27.497020721435547
2019-07-09,22.525354385375977,69.11035919189453,28.585702896118164,23.422510147094727,21.515708923339844
2019-07-10,21.65981101989746,63.7247428894043,25.948532104492188,24.465118408203125,24.22504234313965
2019-07-11,23.821575164794922,63.86773681640625,30.5087833404541,25.804107666015625,28.46708869934082
2019-07-12,27.277990341186523,61.34070587158203,33.22671127319336,31.228374481201172,32.56172180175781
2019-07-15,22.611568450927734,56.853858947753906,26.180004119873047,26.546194076538086,27.918411254882812
2019-07-16,21.94059181213379,59.422325134277344,26.957738876342773,24.5481014251709,22.777114868164062
2019-07-17,24.658710479736328,52.65970230102539,24.616962432861328,28.503185272216797,29.855079650878906
2019-07-18,17.968351364135742,58.07626724243164,27.256330490112305,22.029207229614258,22.06829071044922
2019-07-19,17.24848175048828,64.24414825439453,24.22659683227539,22.548133850097656,19.287643432617188
2019-07-22,19.812135696411133,57.097328186035156,24.284181594848633,23.40807342529297,21.684921264648438
2019-07-23,13.149389266967773,57.42333221435547,12.553028106689453,18.29351043701172,18.253623962402344
2019-07-24,18.435733795166016,52.71683883666992,17.38636016845703,20.659027099609375,19.451391220092773
2019-07-25,11.3479585647583,54.80691909790039,18.24811553955078,17.116247177124023,13.323287963867188
2019-07-26,12.332459449768066,52.3126220703125,13.013737678527832,18.451480865478516,17.903236389160156
2019-07-29,14.121493339538574,48.13008117675781,15.1543607711792,19.16183090209961,18.36876678466797
2019-07-30,11.020452499389648,50.29769515991211,11.04357624053955,15.186748504638672,14.835535049438477
2019-07-31,12.550054550170898,44.84600067138672,15.978703498840332,17.307884216308594,18.208101272583008
2019-08-01,10.838476181030273,50.039127349853516,18.082462310791016,15.40267276763916,12.510807991027832
2019-08-02,6.0265793800354,57.46220016479492,21.389244079589844,15.343582153320312,9.622453689575195
2019-08-05,8.010780334472656,57.58356475830078,8.890785217285156,14.626806259155273,10.184941291809082
2019-08-06,9.059279441833496,55.85847854614258,10.096126556396484,15.936924934387207,12.268177032470703
2019-08-07,6.7312822341918945,56.173580169677734,15.163233757019043,14.660399436950684,10.047051429748535
2019-08-08,18.763906478881836,61.23210144042969,20.57710075378418,23.00507926940918,20.52581024169922
2019-08-09,13.947205543518066,62.69866943359375,12.340909004211426,19.64760971069336,20.310991287231445
2019-08-13,17.49355697631836,61.8221321105957,18.55535125732422,21.75006866455078,22.03595733642578
2019-08-14,16.508848190307617,65.50213623046875,17.22356605529785,19.47340965270996,19.38497543334961
2019-08-16,6.906777381896973,65.83014678955078,9.277031898498535,14.592974662780762,14.131994247436523
2019-08-19,11.902164459228516,60.248226165771484,12.935273170471191,17.09474754333496,14.159431457519531
2019-08-20,9.935150146484375,57.93435287475586,10.953242301940918,15.988296508789062,12.548824310302734
2019-08-21,9.238335609436035,56.8478889465332,10.126884460449219,14.551311492919922,12.082867622375488
2019-08-22,12.50887393951416,62.14949417114258,20.020875930786133,14.438654899597168,12.107254028320312
2019-08-23,9.556222915649414,64.67389678955078,13.035550117492676,13.495223999023438,10.360319137573242
2019-08-26,16.427017211914062,69.93386840820312,22.526376724243164,18.74029541015625,18.406692504882812
2019-08-27,20.891033172607422,63.47065353393555,21.03211784362793,24.58356475830078,25.260494232177734
2019-08-28,17.967012405395508,62.805416107177734,16.411344528198242,20.72863006591797,21.3931941986084
2019-08-29,10.514091491699219,66.98191833496094,21.168813705444336,15.540616989135742,11.450847625732422
2019-08-30,11.974910736083984,68.051513671875,16.94072914123535,18.781131744384766,18.17882537841797
2019-09-03,11.056830406188965,73.76383972167969,15.902166366577148,16.058032989501953,12.2747802734375
2019-09-04,13.98334789276123,70.61676788330078,19.79269790649414,17.84841537475586,16.27664566040039
2019-09-05,15.469503402709961,68.28485107421875,17.572134017944336,20.94121551513672,20.386533737182617
2019-09-06,9.91779899597168,71.95939636230469,12.265058517456055,18.65728187561035,16.212127685546875
2019-09-09,19.75063133239746,65.30357360839844,21.105005264282227,24.422142028808594,24.62912940979004
2019-09-11,14.473949432373047,62.758270263671875,98.63319396972656,20.05076789855957,19.6569881439209
2019-09-12,10.796941757202148,65.91585540771484,14.033675193786621,18.43170738220215,17.023069381713867
2019-09-13,15.94377326965332,63.87184524536133,24.956058502197266,21.300853729248047,18.380016326904297
2019-09-16,12.832562446594238,63.909847259521484,13.86064624786377,14.920674324035645,12.668079376220703
2019-09-17,14.882088661193848,66.64628601074219,17.99311637878418,17.30949592590332,16.21717643737793
2019-09-18,16.413619995117188,62.93461227416992,21.3621768951416,19.044139862060547,16.59792709350586
2019-09-19,19.815624237060547,62.94602966308594,19.13096809387207,22.13538932800293,22.454282760620117
2019-09-20,44.5519905090332,100.99388122558594,41.6721305847168,47.30168151855469,44.76018524169922
2019-09-23,57.03117370605469,97.18782806396484,62.068382263183594,54.37436294555664,53.76081466674805
2019-09-24,43.98651123046875,100.03369140625,64.16143035888672,49.05289840698242,46.40138244628906
2019-09-25,41.57005310058594,105.14259338378906,49.023311614990234,44.212684631347656,43.794822692871094
2019-09-26,62.73637390136719,103.3865966796875,65.62960815429688,61.01694869995117,64.96292877197266
2019-09-27,43.82098388671875,119.91423034667969,45.34931564331055,38.54896926879883,45.4214973449707
2019-09-30,43.41716003417969,110.72116088867188,53.22707748413086,44.44050598144531,42.704071044921875
2019-10-01,60.52307891845703,105.53633117675781,62.5652961730957,62.147125244140625,63.676082611083984
2019-10-03,35.717063903808594,108.09740447998047,48.43826675415039,37.99641799926758,38.14206314086914
2019-10-04,56.614105224609375,105.65957641601562,53.39142608642578,60.018280029296875,60.99162292480469
2019-10-07,37.960655212402344,99.49166870117188,41.66825866699219,37.8345947265625,36.93452835083008
2019-10-09,54.698673248291016,94.75241088867188,53.801475524902344,58.01753616333008,59.5991325378418
2019-10-10,33.99018096923828,103.87420654296875,31.4129638671875,34.436824798583984,32.0317268371582
2019-10-11,47.03749084472656,96.52133178710938,56.7410774230957,49.77764129638672,51.6937141418457
2019-10-14,33.811214447021484,92.0602035522461,33.59375,34.68156051635742,34.8554573059082
2019-10-15,32.213279724121094,89.83222961425781,36.67776870727539,33.277435302734375,32.36757278442383
2019-10-16,32.85187911987305,87.83538055419922,35.79166030883789,33.732234954833984,36.29084777832031
2019-10-17,34.7710075378418,85.80052947998047,45.191986083984375,33.979949951171875,34.60364532470703
2019-10-18,39.00140380859375,85.3497085571289,39.9525032043457,43.912879943847656,43.456504821777344
2019-10-22,21.04826545715332,82.01181030273438,21.490673065185547,23.876853942871094,23.889328002929688
2019-10-23,19.404191970825195,79.17202758789062,30.73801040649414,23.357202529907227,23.153615951538086
2019-10-24,19.679950714111328,78.49833679199219,22.745344161987305,22.331661224365234,19.294775009155273
2019-10-25,22.24151039123535,76.37897491455078,29.435699462890625,25.75762367248535,26.95781135559082
2019-10-29,21.757089614868164,71.57159423828125,20.987380981445312,25.512847900390625,25.844860076904297
2019-10-30,19.372108459472656,69.73458862304688,26.69683837890625,25.319717407226562,24.443517684936523
2019-10-31,21.01776695251465,68.36399841308594,23.814796447753906,25.361164093017578,25.66602325439453
2019-11-01,15.192434310913086,74.0567626953125,23.823381423950195,22.10460090637207,21.52977752685547
2019-11-04,16.607627868652344,66.35932159423828,37.99123001098633,21.851497650146484,21.409883499145508
2019-11-05,12.750152587890625,67.28197479248047,13.750521659851074,18.90671157836914,18.836162567138672
2019-11-06,11.21501636505127,62.00891876220703,16.1634578704834,19.19240379333496,18.037128448486328
2019-11-07,12.50577163696289,61.89471435546875,15.942737579345703,20.34252166748047,19.234973907470703
2019-11-08,11.343134880065918,64.59064483642578,28.695890426635742,18.84713363647461,18.251976013183594
2019-11-11,9.29899787902832,61.06096649169922,21.149250030517578,16.891775131225586,16.3648681640625
2019-11-13,7.633890151977539,58.859832763671875,9.051530838012695,15.051392555236816,14.672609329223633
2019-11-14,10.641889572143555,58.75292205810547,14.92591667175293,17.042322158813477,12.975794792175293
2019-11-15,8.926698684692383,59.39645004272461,19.390750885009766,17.24187469482422,10.798782348632812
2019-11-18,4.326836109161377,56.03453826904297,8.8301420211792,13.694418907165527,8.467869758605957
2019-11-19,5.753312587738037,53.735130310058594,17.02855110168457,14.1921968460083,9.774779319763184
2019-11-20,3.836723804473877,51.796146392822266,6.857450008392334,13.955770492553711,8.632369995117188
2019-11-21,6.0265092849731445,52.87613296508789,19.191179275512695,15.025710105895996,14.926376342773438
2019-11-22,7.531721115112305,52.22960662841797,8.409062385559082,15.663862228393555,10.75137996673584
2019-11-25,7.561429500579834,53.760276794433594,7.910590648651123,16.164419174194336,9.568924903869629
2019-11-26,10.375758171081543,53.55759811401367,12.028204917907715,16.315696716308594,8.990545272827148
2019-11-27,8.330068588256836,49.05549621582031,9.693190574645996,15.91175651550293,11.305392265319824
2019-11-28,8.013335227966309,51.32275390625,8.292903900146484,16.249635696411133,15.819716453552246
2019-11-29,8.401622772216797,55.012290954589844,10.748324394226074,16.577425003051758,16.569971084594727
2019-12-02,7.187680721282959,51.043678283691406,12.156174659729004,16.206256866455078,15.77827262878418
2019-12-03,5.253471851348877,50.45486068725586,10.610210418701172,14.068414688110352,9.293570518493652
2019-12-04,12.141111373901367,48.74049758911133,14.506854057312012,18.35570526123047,14.122560501098633
2019-12-05,6.27475643157959,49.43517303466797,7.103675842285156,15.417930603027344,9.616157531738281
2019-12-06,4.407515525817871,51.226036071777344,7.115873336791992,14.627734184265137,9.135702133178711
2019-12-09,3.9181692600250244,47.905906677246094,3.982473134994507,14.295899391174316,9.080133438110352
2019-12-10,4.532463073730469,47.583168029785156,15.940630912780762,13.812567710876465,8.573808670043945
2019-12-11,4.048304080963135,46.27285385131836,10.404154777526855,13.305355072021484,8.65501880645752
2019-12-12,6.958517551422119,48.13918685913086,9.334628105163574,14.937365531921387,8.504007339477539
2019-12-13,7.617396831512451,51.25802230834961,14.074431419372559,17.076778411865234,9.989771842956543
2019-12-16,4.6169114112854,46.94358444213867,9.18876838684082,14.88737964630127,8.913824081420898
2019-12-17,5.85011625289917,47.509273529052734,8.618170738220215,15.697310447692871,11.652423858642578
2019-12-18,5.6844072341918945,45.3599967956543,7.773835182189941,15.28643798828125,10.306631088256836
2019-12-19,5.533259868621826,45.20744705200195,22.01984214782715,16.367380142211914,15.783722877502441
2019-12-20,4.061871528625488,46.11216354370117,6.849684238433838,15.795212745666504,8.950624465942383
2019-12-23,5.277645587921143,44.45634460449219,7.737598896026611,15.374429702758789,9.258458137512207
2019-12-24,6.346957206726074,42.373199462890625,8.303733825683594,15.517839431762695,9.712531089782715
2019-12-26,6.125592231750488,44.42167282104492,11.433428764343262,14.58393383026123,8.366024017333984
2019-12-27,7.384721279144287,50.7823600769043,7.80631685256958,19.24746322631836,18.786767959594727
2019-12-30,6.492011070251465,47.77814483642578,69.30677795410156,19.030757904052734,11.901446342468262
2019-12-31,8.168188095092773,49.983943939208984,7.7417497634887695,19.055150985717773,12.673200607299805
2020-01-01,6.16351842880249,46.01917266845703,7.691091537475586,18.1724796295166,11.948874473571777
2020-01-02,7.461526393890381,48.74054718017578,7.004227161407471,19.68600845336914,19.116912841796875
2020-01-03,7.558541774749756,50.015541076660156,6.462224960327148,19.26587677001953,12.311506271362305
2020-01-06,6.684463977813721,61.15019989013672,22.2316951751709,16.208723068237305,10.678058624267578
2020-01-07,7.950819492340088,58.01652145385742,14.20973014831543,18.04685401916504,12.498880386352539
2020-01-08,5.108768939971924,56.72312927246094,11.976104736328125,14.767632484436035,9.568669319152832
2020-01-09,9.551676750183105,63.97198486328125,13.756556510925293,19.259563446044922,12.969647407531738
2020-01-10,13.439068794250488,60.821197509765625,18.90279769897461,20.57891273498535,21.360984802246094
2020-01-13,6.701125144958496,60.21968460083008,11.780025482177734,17.04401969909668,16.748214721679688
2020-01-14,7.574361324310303,57.93840026855469,24.478002548217773,16.904273986816406,16.68243980407715
2020-01-15,6.258150100708008,54.78800582885742,13.57213306427002,15.668885231018066,15.22408676147461
2020-01-16,7.92788553237915,53.73609924316406,10.619412422180176,17.54767417907715,17.462575912475586
2020-01-17,7.118359088897705,55.19404602050781,13.103612899780273,16.56719207763672,16.348379135131836
2020-01-20,7.158048152923584,56.314613342285156,9.560680389404297,15.83262825012207,10.046635627746582
2020-01-21,9.593594551086426,55.96320343017578,10.046706199645996,16.260007858276367,12.040895462036133
2020-01-22,10.795344352722168,55.61781311035156,15.303779602050781,16.706912994384766,12.391423225402832
2020-01-23,7.341278076171875,54.87113571166992,10.263030052185059,14.923314094543457,9.640609741210938
2020-01-24,7.845849990844727,55.8851203918457,19.885116577148438,16.508285522460938,10.807878494262695
2020-01-27,11.891034126281738,58.77711486816406,12.366312026977539,16.547271728515625,12.592621803283691
2020-01-28,12.008556365966797,57.062965393066406,14.31087875366211,16.22454261779785,12.57158374786377
2020-01-29,6.884559631347656,53.54287338256836,13.179802894592285,14.124298095703125,9.809727668762207
2020-01-30,9.418720245361328,56.44847106933594,9.487058639526367,14.964744567871094,10.046109199523926
2020-01-31,13.294132232666016,61.33378219604492,11.407052993774414,17.61752700805664,11.753040313720703
2020-02-03,14.150705337524414,66.18034362792969,19.981937408447266,20.311996459960938,19.319482803344727
2020-02-04,18.176921844482422,61.47659683227539,28.65106964111328,23.10065460205078,22.397926330566406
2020-02-05,15.861940383911133,63.402862548828125,17.670841217041016,20.700178146362305,20.167739868164062
2020-02-06,18.747787475585938,61.74300003051758,25.210533142089844,23.077890396118164,22.3832950592041
2020-02-07,12.024913787841797,63.58343505859375,11.460969924926758,17.67211151123047,16.275833129882812
2020-02-10,14.23117446899414,56.801151275634766,13.108000755310059,17.674766540527344,16.19802474975586
2020-02-11,13.396125793457031,58.0059928894043,22.214351654052734,14.84812068939209,14.621037483215332
2020-02-12,16.92475128173828,51.67570114135742,17.96246910095215,20.694795608520508,21.211681365966797
2020-02-13,16.757532119750977,54.156795501708984,14.34694766998291,18.8509521484375,21.114681243896484
2020-02-14,9.112698554992676,55.919551849365234,15.52675724029541,14.687870979309082,14.437134742736816
2020-02-17,7.157073497772217,52.76454544067383,11.28644847869873,12.458410263061523,8.67553424835205
2020-02-18,9.367949485778809,48.28597640991211,10.13882827758789,14.2078275680542,11.556318283081055
2020-02-19,12.646142959594727,47.83066177368164,26.225292205810547,17.131515502929688,13.949930191040039
2020-02-20,10.626790046691895,51.14690017700195,11.550243377685547,14.27237319946289,14.357226371765137
2020-02-24,7.008194446563721,58.38810729980469,15.203161239624023,11.453518867492676,9.035273551940918
2020-02-25,8.385141372680664,55.059261322021484,11.151519775390625,12.716108322143555,9.803975105285645
2020-02-26,7.217105865478516,54.12859344482422,7.744110107421875,10.957711219787598,8.21737289428711
2020-02-27,6.205687522888184,53.46479034423828,7.4773335456848145,10.552597999572754,7.744325637817383
2020-02-28,19.993654251098633,70.33329010009766,17.566993713378906,21.195335388183594,20.005226135253906
2020-03-02,12.750683784484863,73.4957275390625,13.513379096984863,14.977068901062012,11.262742042541504
2020-03-03,8.701679229736328,76.6127700805664,12.81282901763916,12.047818183898926,8.813570976257324
2020-03-04,6.538241863250732,72.0110092163086,11.925207138061523,10.086128234863281,7.5021257400512695
2020-03-05,10.079675674438477,70.60902404785156,9.765108108520508,14.214014053344727,12.017980575561523
2020-03-06,7.277018070220947,74.27445983886719,10.727774620056152,10.363537788391113,8.378998756408691
2020-03-09,13.799771308898926,73.63191986083984,12.713706970214844,14.999394416809082,12.683537483215332
2020-03-11,11.23452377319336,84.67311096191406,11.796390533447266,13.620823860168457,11.632390975952148
2020-03-12,21.96103286743164,70.942626953125,25.27161407470703,22.47643280029297,24.3239803314209
2020-03-13,22.98921775817871,145.9629364013672,26.76204490661621,24.90743064880371,16.144676208496094
2020-03-16,41.476139068603516,111.9096908569336,31.59351348876953,41.9779167175293,28.957683563232422
2020-03-17,33.65925216674805,113.95364379882812,35.55802917480469,34.00020217895508,25.77094841003418
2020-03-18,33.16899108886719,94.21614074707031,35.93217849731445,33.84026336669922,31.268165588378906
2020-03-19,43.06672286987305,117.41665649414062,44.31895065307617,43.418060302734375,43.761573791503906
2020-03-20,22.825286865234375,154.8175811767578,21.04916000366211,24.63968276977539,21.318490982055664
2020-03-23,27.941143035888672,95.2248306274414,28.07884407043457,27.777572631835938,22.011638641357422
2020-03-24,31.986961364746094,149.17178344726562,26.648176193237305,32.321842193603516,25.938302993774414
2020-03-25,31.184885025024414,178.16653442382812,32.7060546875,31.998777389526367,31.189199447631836
2020-03-26,37.329872131347656,205.00350952148438,49.286537170410156,36.88292694091797,40.53611373901367
2020-03-27,42.06877517700195,212.5006866455078,52.40729522705078,42.46492004394531,42.307151794433594
2020-03-30,23.218477249145508,186.66592407226562,27.160919189453125,20.226716995239258,20.975988388061523
2020-03-31,45.553375244140625,195.43179321289062,45.94729995727539,48.953338623046875,47.396602630615234
2020-04-01,52.46312713623047,184.51683044433594,54.18869400024414,54.163997650146484,54.59418487548828
2020-04-03,63.7809944152832,175.0128173828125,58.620399475097656,65.02230834960938,62.988868713378906
2020-04-07,79.9480209350586,211.96971130371094,91.84651184082031,75.90876007080078,81.69513702392578
2020-04-08,67.05781555175781,201.60049438476562,69.34021759033203,64.9426040649414,68.0448226928711
2020-04-09,82.59046936035156,225.3355255126953,97.39232635498047,81.70138549804688,84.9859848022461
2020-04-13,62.3440055847168,209.20396423339844,65.57439422607422,62.060997009277344,64.83423614501953
2020-04-15,58.92897415161133,193.67230224609375,61.39247512817383,59.34298324584961,61.56184768676758
2020-04-16,30.55504608154297,202.13278198242188,48.90339279174805,44.902366638183594,37.387271881103516
2020-04-17,56.45336151123047,206.7778778076172,60.04670333862305,59.781734466552734,58.38597869873047
2020-04-20,34.305633544921875,197.53353881835938,43.28444290161133,37.27090072631836,36.16067123413086
2020-04-21,30.383813858032227,182.58306884765625,28.464712142944336,29.774986267089844,31.67801284790039
2020-04-22,52.22602844238281,184.66424560546875,63.25099182128906,47.93675231933594,53.93199157714844
2020-04-23,75.76009368896484,190.24923706054688,77.38467407226562,80.97931671142578,78.30753326416016
2020-04-24,36.713706970214844,182.9001007080078,49.529884338378906,37.6236686706543,39.76999282836914
2020-04-27,49.37329864501953,172.48892211914062,64.19816589355469,50.754188537597656,49.05933380126953
2020-04-28,64.77510070800781,167.07554626464844,66.1362533569336,65.96051788330078,64.42388153076172
2020-04-29,54.73762512207031,167.56280517578125,69.02587127685547,59.14314270019531,56.94523620605469
2020-04-30,75.18647003173828,177.78463745117188,81.79148864746094,77.2593002319336,76.91024780273438
2020-05-04,46.603309631347656,165.5586700439453,46.14956283569336,47.551109313964844,48.30628967285156
2020-05-05,59.099491119384766,155.91226196289062,63.24238586425781,60.061981201171875,60.84697341918945
2020-05-06,33.87803649902344,151.32150268554688,43.99967956542969,40.75694274902344,35.39109420776367
2020-05-07,38.89670944213867,152.791748046875,47.79487609863281,41.91915512084961,39.517578125
2020-05-08,49.774200439453125,155.5528564453125,66.45189666748047,48.932151794433594,54.76607131958008
2020-05-11,30.51409149169922,142.63311767578125,31.401607513427734,40.09644317626953,35.09206771850586
2020-05-12,50.95305252075195,133.57601928710938,51.33414077758789,53.990962982177734,53.4027099609375
2020-05-13,21.06614875793457,134.6875,17.527408599853516,30.891691207885742,23.688295364379883
2020-05-14,35.61702346801758,135.77969360351562,40.333778381347656,36.350215911865234,37.36347961425781
2020-05-15,43.583988189697266,133.01419067382812,45.196922302246094,44.599544525146484,45.66063690185547
2020-05-18,28.465288162231445,116.38532257080078,30.915735244750977,28.853008270263672,28.905534744262695
2020-05-19,15.648348808288574,118.9573745727539,18.158737182617188,14.710579872131348,17.60427474975586
2020-05-20,44.01885986328125,119.05873107910156,46.885372161865234,46.17313766479492,46.9970588684082
2020-05-21,24.882104873657227,124.48651885986328,28.210283279418945,26.67486000061035,26.5943603515625
2020-05-22,39.11146545410156,118.60214233398438,59.04710388183594,41.03118133544922,40.96263885498047
2020-05-26,18.86833381652832,108.56954956054688,65.81452178955078,25.376712799072266,20.7609806060791
2020-05-27,52.49311828613281,111.61565399169922,50.9564323425293,52.57416915893555,54.467979431152344
2020-05-28,46.94594192504883,121.93793487548828,51.06526565551758,45.59659194946289,43.28845977783203
2020-05-29,67.71531677246094,125.4492416381836,70.4408950805664,71.15594482421875,70.76604461669922
2020-06-01,33.52451705932617,92.30850982666016,34.12394714355469,36.50669479370117,37.14595031738281
2020-06-02,34.0461311340332,89.8167495727539,45.24007034301758,35.38896560668945,36.790870666503906
2020-06-03,23.98293113708496,87.53633117675781,25.995683670043945,29.066465377807617,27.354955673217773
2020-06-04,33.30168151855469,94.62062072753906,29.941062927246094,34.42839813232422,36.832366943359375
2020-06-05,21.502777099609375,96.86839294433594,36.23393630981445,26.152359008789062,25.66495132446289
2020-06-08,23.77134895324707,92.03087615966797,28.879398345947266,25.592025756835938,25.529926300048828
2020-06-09,16.60146141052246,94.11204528808594,24.30327796936035,19.535003662109375,20.374361038208008
2020-06-10,15.638919830322266,91.12606811523438,21.653629302978516,19.040132522583008,19.730918884277344
2020-06-11,19.73247528076172,95.55741119384766,24.834692001342773,23.22119140625,23.356029510498047
2020-06-12,20.0788516998291,96.54525756835938,24.474037170410156,22.994171142578125,22.188871383666992
2020-06-15,17.167781829833984,93.3945083618164,19.32164192199707,19.229049682617188,17.215984344482422
2020-06-16,7.341258525848389,93.26577758789062,17.38726806640625,13.278985023498535,9.05382251739502
2020-06-17,15.180861473083496,91.33480834960938,18.668203353881836,18.728790283203125,18.55777931213379
2020-06-18,13.051703453063965,90.93463897705078,18.365659713745117,20.687911987304688,14.62256145477295
2020-06-19,14.05781364440918,90.5862808227539,17.807247161865234,20.994287490844727,18.857955932617188
2020-06-22,13.038076400756836,90.1331787109375,17.100435256958008,21.38842010498047,19.72386360168457
2020-06-23,26.291641235351562,82.04171752929688,34.9456787109375,26.822277069091797,29.204345703125
2020-06-24,26.270915985107422,89.31166076660156,32.219234466552734,26.955646514892578,29.437335968017578
2020-06-25,28.527132034301758,93.47606658935547,34.008453369140625,31.38829803466797,32.2870979309082
2020-06-26,24.988353729248047,119.48857116699219,35.44155502319336,29.50733757019043,29.573822021484375
2020-06-29,24.685680389404297,110.8023910522461,29.23322105407715,30.749202728271484,29.18390655517578
2020-06-30,22.487070083618164,109.09201049804688,35.17909240722656,27.970998764038086,27.054534912109375
2020-07-01,19.685686111450195,111.12382507324219,28.320764541625977,28.4406795501709,25.099891662597656
2020-07-02,36.310325622558594,109.2574234008789,40.0558967590332,41.16679382324219,41.07599639892578
2020-07-03,29.13604736328125,116.47274017333984,26.71331214904785,33.69338607788086,28.324190139770508
2020-07-06,25.176349639892578,110.69432067871094,24.456937789916992,31.113752365112305,29.295278549194336
2020-07-07,34.379878997802734,105.35550689697266,39.80948257446289,41.37319564819336,39.41248321533203
2020-07-08,27.822179794311523,104.78166961669922,35.89106369018555,32.767662048339844,31.250154495239258
2020-07-09,31.130966186523438,108.20283508300781,42.15421676635742,36.280113220214844,34.631126403808594
2020-07-10,28.146549224853516,109.90645599365234,39.365543365478516,32.878910064697266,32.86172866821289
2020-07-13,26.785564422607422,106.51030731201172,24.783531188964844,32.01981735229492,30.1944522857666
2020-07-14,15.505773544311523,105.82485961914062,26.59067726135254,21.371572494506836,20.245698928833008
2020-07-15,21.913272857666016,103.42649841308594,27.507131576538086,26.094968795776367,25.52496910095215
2020-07-16,33.63045120239258,105.94405364990234,33.487701416015625,38.73188400268555,37.916656494140625
2020-07-17,31.037206649780273,108.64738464355469,33.17761993408203,33.24679183959961,35.20099639892578
2020-07-20,30.413806915283203,105.8535385131836,45.83656692504883,34.6177864074707,34.02007293701172
2020-07-21,30.678226470947266,100.69009399414062,32.09879684448242,33.76783752441406,32.64772033691406
2020-07-22,20.703125,103.73834228515625,25.21409034729004,28.239917755126953,26.439598083496094
2020-07-23,21.776874542236328,108.5003433227539,32.94284439086914,28.37879180908203,27.166698455810547
2020-07-24,29.967891693115234,106.04582977294922,36.31459045410156,35.220008850097656,34.65932846069336
2020-07-27,19.835447311401367,106.39099884033203,22.028230667114258,28.065914154052734,23.757787704467773
2020-07-28,19.574979782104492,101.26593017578125,32.4803581237793,27.60787582397461,25.2214412689209
2020-07-29,23.786800384521484,98.62548828125,23.28754234313965,28.076644897460938,27.76116943359375
2020-07-30,28.95165252685547,103.80924224853516,38.728477478027344,33.82786178588867,32.899723052978516
2020-07-31,20.573043823242188,107.439453125,20.739830017089844,26.623205184936523,23.506855010986328
2020-08-03,27.52723503112793,100.56425476074219,25.448596954345703,31.990436553955078,31.514055252075195
2020-08-04,33.201297760009766,99.89708709716797,35.99871826171875,37.85310363769531,37.951175689697266
2020-08-05,20.535762786865234,101.00154876708984,25.59083366394043,26.456687927246094,24.37786865234375
2020-08-06,41.44096374511719,102.017822265625,40.16511917114258,43.998931884765625,44.18806457519531
2020-08-07,30.07335662841797,109.22724151611328,36.260658264160156,33.83611297607422,34.30381393432617
2020-08-10,27.49028205871582,104.912109375,36.56436538696289,30.732309341430664,31.745155334472656
2020-08-11,20.926700592041016,99.91394805908203,36.32304000854492,28.287328720092773,27.37071418762207
2020-08-12,34.06687545776367,96.6390380859375,47.415496826171875,37.80546951293945,37.07938003540039
2020-08-13,38.114898681640625,100.8624038696289,58.04172134399414,42.18382263183594,41.04417037963867
2020-08-14,41.051456451416016,102.43170166015625,44.77355194091797,43.8984260559082,44.771724700927734
2020-08-17,43.978084564208984,96.64013671875,46.07277297973633,45.92254638671875,47.160255432128906
2020-08-18,29.43572425842285,96.32372283935547,30.13255500793457,37.43834686279297,33.92206573486328
2020-08-19,35.42957305908203,95.73346710205078,47.09030532836914,36.606136322021484,35.78300857543945
2020-08-20,42.79496383666992,101.33912658691406,47.85251998901367,38.869083404541016,39.341033935546875
2020-08-21,34.64260482788086,97.87088012695312,42.54444122314453,41.19035720825195,37.52059555053711
2020-08-24,38.20827865600586,96.84639739990234,63.81142807006836,38.58180618286133,35.95598220825195
2020-08-25,30.716901779174805,93.57910919189453,32.585899353027344,35.31947326660156,35.442413330078125
2020-08-26,51.98341751098633,93.41170501708984,46.69846725463867,49.5145263671875,54.76096725463867
2020-08-27,34.978328704833984,99.51891326904297,43.296722412109375,37.9954719543457,37.7353630065918
2020-08-28,54.59994888305664,99.67665100097656,71.1585922241211,61.006988525390625,56.72399139404297
2020-08-31,35.25676345825195,97.95185089111328,44.85676193237305,38.64484405517578,38.179317474365234
2020-09-01,21.706844329833984,98.53018188476562,31.808982849121094,28.187381744384766,24.4749698638916
2020-09-02,46.289756774902344,96.49334716796875,39.80133819580078,48.07984161376953,49.04078674316406
2020-09-03,28.925975799560547,103.95084381103516,29.545663833618164,40.18128967285156,30.366884231567383
2020-09-04,27.368083953857422,102.24600219726562,36.62948226928711,30.234825134277344,29.156944274902344
2020-09-07,37.98092269897461,97.68045806884766,37.04988479614258,42.394432067871094,43.19026565551758
2020-09-08,36.4489860534668,97.1810073852539,47.98320388793945,39.98670959472656,40.5478515625
2020-09-09,32.948551177978516,92.2472915649414,35.85226821899414,37.04768753051758,36.57723617553711
2020-09-10,47.41468811035156,96.92073822021484,61.762882232666016,51.873291015625,50.76641845703125
2020-09-11,31.705753326416016,101.81578826904297,38.53476333618164,32.8480339050293,35.0904541015625
2020-09-14,31.38190460205078,95.5984878540039,39.948333740234375,35.975223541259766,34.656063079833984
2020-09-15,31.993120193481445,94.31721496582031,33.2491569519043,35.70055389404297,34.80242919921875
2020-09-16,27.437522888183594,91.24501037597656,26.72608757019043,31.25922203063965,28.100234985351562
2020-09-17,34.251564025878906,95.40837097167969,42.128395080566406,34.06856155395508,36.770347595214844
2020-09-18,43.31433868408203,94.5896987915039,42.09365463256836,46.69102096557617,45.99704360961914
2020-09-21,24.142120361328125,91.77230072021484,26.602617263793945,25.920059204101562,26.55200958251953
2020-09-22,26.745100021362305,92.0155258178711,43.38235855102539,25.78761100769043,26.35439109802246
2020-09-23,30.399513244628906,91.01902770996094,33.01520538330078,28.01801300048828,28.472732543945312
2020-09-24,27.40486717224121,83.99413299560547,26.180978775024414,28.66092872619629,27.7983455657959
2020-09-25,42.4219970703125,90.83518981933594,37.804325103759766,43.42815017700195,45.36410140991211
2020-09-28,42.182594299316406,88.25907897949219,41.65571594238281,44.08530044555664,46.192657470703125
2020-09-29,42.768310546875,88.77690887451172,41.37206268310547,38.01677703857422,45.31438064575195
2020-09-30,41.64503860473633,86.69304656982422,44.82756042480469,43.16250991821289,44.745426177978516
2020-10-01,42.330833435058594,90.23970794677734,39.722965240478516,44.16664505004883,41.6038932800293
2020-10-05,41.536251068115234,98.38949584960938,41.73063278198242,42.82625198364258,42.12798309326172
2020-10-06,59.94944763183594,96.3843002319336,56.755123138427734,59.54084014892578,63.77070236206055
2020-10-07,34.726951599121094,94.77983093261719,55.97187423706055,38.77592468261719,38.26006317138672
2020-10-08,43.02363967895508,99.75135803222656,50.85657501220703,42.817237854003906,42.08473587036133
2020-10-09,44.56822967529297,100.49011993408203,49.53669738769531,43.9356803894043,47.87875747680664
2020-10-12,32.51702117919922,100.81501770019531,29.730260848999023,31.329803466796875,31.030742645263672
2020-10-13,41.99686813354492,95.35520935058594,45.72687530517578,45.66313934326172,45.55559539794922
2020-10-14,46.3707275390625,95.88822174072266,48.11775207519531,43.119998931884766,49.40654754638672
2020-10-15,45.01206588745117,101.24300384521484,59.10256576538086,41.639034271240234,46.93833923339844
2020-10-16,31.018451690673828,106.29512023925781,57.59809875488281,32.646663665771484,28.191904067993164
2020-10-19,32.033329010009766,98.22895812988281,39.95441436767578,29.232873916625977,28.107582092285156
2020-10-20,29.541778564453125,97.28515625,36.95067596435547,27.01611328125,26.409523010253906
2020-10-21,30.51134490966797,95.90292358398438,33.2227668762207,30.80887222290039,28.20786476135254
2020-10-22,30.148073196411133,102.08714294433594,48.47125244140625,25.74740982055664,25.840885162353516
2020-10-23,26.602298736572266,102.280517578125,51.363529205322266,31.1341552734375,27.168041229248047
2020-10-26,29.210371017456055,100.37332916259766,31.386728286743164,25.284561157226562,22.96474838256836
2020-10-27,24.540836334228516,95.84831237792969,38.704830169677734,30.370634078979492,28.549806594848633
2020-10-28,38.0357666015625,96.39434814453125,41.21958541870117,36.12278366088867,39.8438835144043
2020-10-29,37.42876434326172,98.44623565673828,36.05412673950195,37.25001525878906,39.329708099365234
2020-10-30,22.426607131958008,102.45021057128906,29.413814544677734,26.012950897216797,24.450571060180664
2020-11-02,20.060144424438477,100.02293395996094,24.686336517333984,23.258440017700195,21.57429313659668
2020-11-03,20.975360870361328,98.53665924072266,29.266393661499023,25.206113815307617,22.72553062438965
2020-11-04,34.06035232543945,93.3826675415039,34.29387664794922,35.928977966308594,36.07301712036133
2020-11-05,31.902402877807617,95.46385192871094,38.4810676574707,35.14434051513672,36.90414810180664
2020-11-06,54.06214141845703,97.81255340576172,53.21263122558594,59.27153396606445,58.78293991088867
2020-11-09,31.102380752563477,91.12608337402344,28.57183074951172,34.61442565917969,32.92425537109375
2020-11-10,21.20758628845215,91.18221282958984,27.62424659729004,28.73760223388672,22.98541259765625
2020-11-11,28.082828521728516,90.9425277709961,33.34465789794922,32.577781677246094,32.90436935424805
2020-11-12,35.15058135986328,94.87653350830078,40.0952262878418,38.63212585449219,39.50465393066406
2020-11-13,46.75991439819336,95.64305114746094,47.91815948486328,49.742862701416016,49.10416030883789
2020-11-17,30.703317642211914,89.39909362792969,32.2928352355957,37.71586608886719,36.433074951171875
2020-11-18,35.77080535888672,87.53453063964844,36.7708854675293,39.69804382324219,38.94191360473633
2020-11-19,38.728599548339844,95.88715362548828,51.577354431152344,41.34303665161133,40.079898834228516
2020-11-20,48.11817932128906,98.54296112060547,67.7459716796875,50.847415924072266,51.92692565917969
2020-11-23,26.21802520751953,92.30524444580078,33.9780387878418,34.50773239135742,31.00461196899414
2020-11-24,44.556976318359375,86.76903533935547,46.34340286254883,47.14516830444336,48.656063079833984
2020-11-25,33.21092224121094,96.07579040527344,39.32862091064453,34.199974060058594,31.93213653564453
2020-11-26,39.01018142700195,100.17896270751953,39.29795837402344,38.55147933959961,37.478729248046875
2020-11-27,42.82719802856445,96.24565887451172,60.737483978271484,47.16029357910156,47.70263671875
2020-12-01,34.156002044677734,89.32063293457031,41.39145278930664,40.01906967163086,38.959251403808594
2020-12-02,38.93130111694336,91.3778305053711,42.63448715209961,41.81977462768555,42.98759460449219
2020-12-03,41.20229721069336,93.2119369506836,47.73401641845703,44.5897331237793,46.15807342529297
2020-12-04,31.8753604888916,93.01290130615234,34.691436767578125,41.19090270996094,35.97780227661133
2020-12-07,46.554664611816406,90.36299133300781,40.03583526611328,51.3324089050293,49.66434097290039
2020-12-08,39.396270751953125,91.27143096923828,39.428733825683594,43.52156066894531,44.16802215576172
2020-12-09,27.946062088012695,85.1904067993164,29.578920364379883,36.09135055541992,30.2397518157959
2020-12-10,37.823974609375,98.29180908203125,47.1087532043457,44.58171844482422,44.64695358276367
2020-12-11,36.67780303955078,96.04126739501953,47.535823822021484,41.27577590942383,40.7230339050293
2020-12-14,27.764863967895508,93.95158386230469,32.9438591003418,32.126258850097656,31.968204498291016
2020-12-15,21.421308517456055,91.16134643554688,23.440200805664062,29.972021102905273,28.437170028686523
2020-12-16,24.872709274291992,86.750244140625,27.640275955200195,31.123563766479492,28.76731300354004
2020-12-17,29.13596534729004,93.48596954345703,39.417030334472656,37.37624740600586,34.28314208984375
2020-12-18,32.88771438598633,95.52458190917969,33.95111846923828,35.01973342895508,37.41005325317383
2020-12-21,17.08121109008789,101.96991729736328,24.5411376953125,22.561634063720703,18.4372615814209
2020-12-22,23.53290557861328,96.4129638671875,44.226898193359375,29.60346794128418,29.12258529663086
2020-12-23,19.30349349975586,93.28099060058594,25.551376342773438,27.400959014892578,23.082433700561523
2020-12-24,31.518423080444336,95.37776184082031,33.29420852661133,39.54220962524414,38.30057144165039
2020-12-28,22.19486427307129,97.95573425292969,31.993057250976562,26.362380981445312,23.572704315185547
2020-12-29,18.67850112915039,96.88291931152344,17.809005737304688,25.151268005371094,25.180269241333008
2020-12-30,24.26706314086914,95.33018493652344,34.00265121459961,30.493087768554688,30.156291961669922
2020-12-31,25.71567153930664,102.85590362548828,20.271541595458984,32.44044494628906,31.021692276000977
2021-01-01,30.839738845825195,105.13578796386719,34.47328186035156,36.77268981933594,37.317874908447266
2021-01-04,26.53481674194336,95.05651092529297,28.206819534301758,35.69610595703125,32.81763458251953
2021-01-05,31.36182975769043,97.58236694335938,42.11688232421875,39.99976348876953,36.95018768310547
2021-01-06,22.518096923828125,98.84033966064453,26.54625129699707,30.226036071777344,29.42010498046875
2021-01-07,24.145633697509766,103.29266357421875,26.10099220275879,32.48219680786133,31.93235969543457
2021-01-08,26.439001083374023,97.08407592773438,31.648746490478516,36.644447326660156,33.81913757324219
2021-01-11,22.271541595458984,96.14031219482422,25.644996643066406,29.2205810546875,29.459312438964844
2021-01-12,15.332510948181152,96.58831787109375,16.588058471679688,24.314102172851562,23.760032653808594
2021-01-13,17.496896743774414,95.72889709472656,25.29890251159668,23.7459774017334,24.2330379486084
2021-01-14,12.408369064331055,98.16513061523438,16.468708038330078,22.72707748413086,21.465923309326172
2021-01-15,13.937893867492676,106.17586517333984,26.164588928222656,20.828763961791992,16.74979019165039
2021-01-18,11.125468254089355,107.99378204345703,19.38125228881836,15.34504222869873,15.25052261352539
2021-01-19,16.0804386138916,97.43653106689453,22.735689163208008,21.2721004486084,18.471397399902344
2021-01-20,28.624061584472656,92.36538696289062,31.09276580810547,30.80497169494629,32.84730911254883
2021-01-21,19.7867431640625,101.4537353515625,23.516679763793945,22.198467254638672,19.269989013671875
2021-01-22,11.44157600402832,108.65469360351562,16.783170700073242,17.857986450195312,16.95733070373535
2021-01-25,18.868791580200195,106.03314971923828,25.31264305114746,21.3807315826416,18.30638313293457
2021-01-27,10.76148796081543,103.93258666992188,24.076251983642578,11.644021034240723,10.515458106994629
2021-01-28,10.511075019836426,107.60114288330078,8.311751365661621,14.05196475982666,10.352783203125
2021-01-29,22.164762496948242,111.04366302490234,27.809818267822266,25.97980308532715,19.40523910522461
2021-02-01,16.52362823486328,110.25582122802734,57.37749099731445,21.469343185424805,16.733901977539062
2021-02-02,25.846906661987305,100.21034240722656,31.442296981811523,32.342647552490234,32.050384521484375
2021-02-03,20.882186889648438,94.80792999267578,22.547677993774414,28.343608856201172,27.708114624023438
2021-02-04,28.992446899414062,101.08621215820312,33.67420196533203,35.85729217529297,35.060630798339844
2021-02-05,26.28565216064453,104.30258178710938,41.9539794921875,34.01025390625,32.88665771484375
2021-02-08,26.2868595123291,94.41194915771484,24.132701873779297,30.847990036010742,29.927528381347656
2021-02-09,17.27836036682129,99.5008544921875,21.194272994995117,25.839462280273438,24.059139251708984
2021-02-10,23.436687469482422,97.57044982910156,23.28081703186035,30.55171012878418,29.515966415405273
2021-02-11,21.401290893554688,99.53601837158203,39.939720153808594,30.871429443359375,28.69291877746582
2021-02-12,26.341772079467773,104.458984375,30.178163528442383,35.79085922241211,32.39398193359375
2021-02-15,25.81326675415039,91.5184326171875,26.276845932006836,32.1454963684082,31.531742095947266
2021-02-16,22.179845809936523,97.96013641357422,39.27684783935547,27.17243766784668,27.60899543762207
2021-02-17,23.057302474975586,100.19376373291016,46.09563446044922,28.81962013244629,28.15607261657715
2021-02-18,32.417274475097656,105.36415100097656,32.08064651489258,34.77872848510742,37.34969711303711
2021-02-19,20.620115280151367,112.28018951416016,42.63050842285156,27.77752113342285,26.64318084716797
2021-02-22,9.891825675964355,114.4655532836914,18.075408935546875,15.851799011230469,12.701982498168945
2021-02-23,10.898788452148438,110.36305236816406,31.575057983398438,17.56405258178711,17.043241500854492
2021-02-24,14.189205169677734,105.68661499023438,29.33945083618164,22.15134048461914,20.50279998779297
2021-02-25,19.01566505432129,107.6692123413086,25.832927703857422,26.689605712890625,21.910686492919922
2021-02-26,11.954618453979492,123.42633819580078,12.666335105895996,16.229089736938477,11.506057739257812
2021-03-01,36.40894317626953,131.62118530273438,57.6559944152832,41.473487854003906,39.49869918823242
2021-03-02,46.9354362487793,128.9329071044922,55.115177154541016,51.64047622680664,53.178829193115234
2021-03-03,34.3583869934082,110.52925109863281,57.302738189697266,43.86173629760742,40.11088943481445
2021-03-04,53.34522247314453,129.29981994628906,68.35489654541016,54.56822204589844,56.3625602722168
2021-03-05,31.0456485748291,133.34661865234375,34.62224197387695,33.190364837646484,33.377811431884766
2021-03-08,38.70625686645508,130.12460327148438,37.824012756347656,41.21591567993164,41.52205276489258
2021-03-09,33.90760040283203,117.02237701416016,33.13369369506836,36.72874450683594,35.822879791259766
2021-03-10,54.290008544921875,127.4107666015625,61.40266418457031,56.6115837097168,58.967559814453125
2021-03-12,39.3597412109375,127.51139068603516,41.30434799194336,44.1298828125,41.54519271850586
2021-03-15,33.69091033935547,124.87129974365234,59.94254684448242,36.73923873901367,34.85652160644531
2021-03-16,45.518917083740234,124.36407470703125,41.74699401855469,47.28455352783203,46.0632438659668
2021-03-17,47.87601089477539,121.03853607177734,45.52920913696289,49.20692443847656,49.0868034362793
2021-03-18,39.870460510253906,124.93993377685547,51.55801773071289,39.92194747924805,40.40854263305664
2021-03-19,40.21873092651367,131.28353881835938,67.96170806884766,43.341861724853516,41.49086380004883
2021-03-22,37.854583740234375,124.9167709350586,40.23029708862305,38.854095458984375,37.868438720703125
2021-03-23,48.46043014526367,119.86320495605469,47.20161819458008,50.25957107543945,50.755863189697266
2021-03-24,27.8244686126709,116.98273468017578,42.850372314453125,31.736642837524414,29.429931640625
2021-03-25,29.02366828918457,115.97628784179688,53.84214782714844,26.59181785583496,29.329641342163086
2021-03-26,38.390201568603516,141.15634155273438,46.39558410644531,39.545711517333984,39.237571716308594
2021-03-31,44.98933792114258,128.64292907714844,53.27052307128906,46.94450759887695,45.79513931274414
2021-04-01,47.26288986206055,133.7130889892578,61.25251388549805,50.52614212036133,50.93867492675781
2021-04-05,35.16930389404297,135.93548583984375,40.767696380615234,36.89438247680664,37.264976501464844
2021-04-06,35.14424133300781,133.37890625,47.21977233886719,33.058624267578125,30.344741821289062
2021-04-07,32.31444549560547,129.7960205078125,33.36019515991211,41.213600158691406,34.85415267944336
2021-04-08,53.2166633605957,130.08206176757812,68.87266540527344,57.337074279785156,57.38347625732422
2021-04-09,44.23353576660156,133.60247802734375,51.203216552734375,51.44830322265625,47.5172004699707
2021-04-12,35.92045593261719,134.46881103515625,48.024078369140625,36.089263916015625,37.17881393432617
2021-04-13,40.22632598876953,130.09210205078125,43.55305099487305,44.25897216796875,43.36250686645508
2021-04-15,52.821197509765625,130.36280822753906,54.626461029052734,49.17450714111328,54.54594802856445
2021-04-16,57.88248062133789,133.4996795654297,52.83152770996094,60.932193756103516,59.75456237792969
2021-04-19,31.680749893188477,131.179931640625,50.874542236328125,32.2246208190918,27.355655670166016
2021-04-20,37.05860900878906,130.4722442626953,39.133506774902344,32.41254806518555,32.502254486083984
2021-04-22,33.91352081298828,132.5729522705078,45.38652420043945,30.75879669189453,31.63574981689453
2021-04-23,42.883201599121094,130.9972381591797,51.645263671875,47.04583740234375,47.24324417114258
2021-04-26,24.99173927307129,127.37503814697266,36.10942459106445,27.442018508911133,24.0228271484375
2021-04-27,46.370697021484375,124.35356903076172,46.539024353027344,49.49380111694336,49.12445068359375
2021-04-28,34.617916107177734,117.3784408569336,41.54000473022461,38.54887771606445,38.49961853027344
2021-04-29,31.393953323364258,122.71398162841797,33.47874450683594,35.61359786987305,34.410709381103516
2021-04-30,36.427833557128906,131.3160858154297,37.8785514831543,41.26705551147461,40.15361404418945
2021-05-03,39.399986267089844,129.81553649902344,46.40470886230469,44.787681579589844,43.30049514770508
2021-05-04,38.02259063720703,126.58179473876953,42.398006439208984,40.92558670043945,42.32108688354492
2021-05-05,36.28266525268555,123.55905151367188,40.766334533691406,40.89328384399414,39.41240310668945
2021-05-06,43.686893463134766,125.83503723144531,49.515201568603516,44.656612396240234,46.42112731933594
2021-05-07,52.30176544189453,127.07637786865234,54.34171676635742,56.4998779296875,55.48330307006836
2021-05-10,59.02187728881836,119.66109466552734,57.457855224609375,60.00550842285156,59.18852233886719
2021-05-11,43.74029541015625,118.24642944335938,45.92243957519531,46.4752311706543,45.55250930786133
2021-05-12,47.45561218261719,127.84352111816406,55.635379791259766,50.65188217163086,48.5536994934082
2021-05-14,37.64756393432617,125.86599731445312,64.96328735351562,41.26090621948242,39.86374282836914
2021-05-17,60.62812423706055,124.76949310302734,60.597923278808594,60.986305236816406,64.1717529296875
2021-05-18,44.91724395751953,107.64849090576172,43.4801139831543,48.76123046875,47.21803283691406
2021-05-19,43.716129302978516,113.66718292236328,66.09552001953125,50.63359451293945,44.882568359375
2021-05-20,39.23876190185547,120.7268295288086,77.12632751464844,46.19795227050781,43.63130569458008
2021-05-21,47.51776885986328,114.00995635986328,46.49302673339844,52.619537353515625,49.93637466430664
2021-05-24,49.05924606323242,117.2694091796875,50.4484977722168,49.57686996459961,49.156978607177734
2021-05-25,48.62384033203125,110.39755249023438,55.23835372924805,49.60116958618164,49.52600860595703
2021-05-26,69.68006896972656,111.05979919433594,87.16361236572266,68.08638000488281,72.18307495117188
2021-05-27,51.564144134521484,112.87493133544922,51.72119903564453,52.94728469848633,51.4069709777832
2021-05-28,67.71141815185547,121.23239135742188,81.25865173339844,72.98277282714844,72.4638442993164
2021-05-31,58.851318359375,116.89264678955078,62.20719909667969,63.67225646972656,63.14919662475586
2021-06-01,46.57211685180664,116.62077331542969,52.73024368286133,47.32300567626953,51.346832275390625
2021-06-02,76.53166198730469,120.05850219726562,66.82398986816406,82.49266052246094,79.33763122558594
2021-06-03,91.2337875366211,130.0711669921875,87.09909057617188,92.30435943603516,95.74834442138672
2021-06-04,71.45038604736328,121.8655776977539,75.82841491699219,76.04657745361328,75.55950927734375
2021-06-07,80.43756103515625,118.10193634033203,74.84668731689453,83.42860412597656,85.38316345214844
2021-06-08,57.4726448059082,119.1186294555664,49.1728630065918,58.713409423828125,55.90019607543945
2021-06-09,85.77059173583984,116.81084442138672,79.6259994506836,88.95955657958984,89.98564910888672
2021-06-10,57.379844665527344,121.1937484741211,56.70525360107422,55.665592193603516,61.05509567260742
2021-06-11,63.71287155151367,119.46097564697266,79.46498107910156,62.756107330322266,65.8855209350586
2021-06-14,74.27149200439453,118.68728637695312,82.56413269042969,76.8855209350586,77.78488159179688
2021-06-15,75.82167053222656,120.96288299560547,83.76343536376953,83.9083480834961,80.22798919677734
2021-06-16,70.98723602294922,110.42605590820312,72.31314849853516,65.69578552246094,72.9115982055664
2021-06-17,67.53651428222656,122.90492248535156,79.23213195800781,65.24740600585938,61.85755920410156
2021-06-18,63.570438385009766,123.13875579833984,72.19515228271484,61.98263931274414,63.559120178222656
2021-06-21,80.23538970947266,117.05068969726562,80.67496490478516,72.38980102539062,82.18910217285156
2021-06-22,81.37045288085938,118.84907531738281,74.21604919433594,81.76921844482422,84.14039611816406
2021-06-23,70.27436065673828,113.03631591796875,91.74514770507812,76.35160827636719,76.11360931396484
2021-06-24,65.20098114013672,114.509521484375,73.33711242675781,65.08421325683594,64.33333587646484
2021-06-25,78.28358459472656,114.33927154541016,82.06757354736328,74.2513198852539,76.03057861328125
2021-06-28,62.284881591796875,114.22203063964844,64.8008041381836,66.1614990234375,61.172672271728516
2021-06-29,64.25920104980469,106.56114196777344,66.49304962158203,63.752784729003906,65.68118286132812
2021-06-30,69.1523208618164,113.39978790283203,64.96562194824219,67.091064453125,65.55430603027344
2021-07-01,95.81539154052734,120.74957275390625,83.22586059570312,91.8498306274414,97.34396362304688
2021-07-02,89.64688873291016,137.14637756347656,78.01334381103516,83.27483367919922,85.54969787597656
2021-07-05,96.73914337158203,126.59237670898438,113.62702178955078,89.32999420166016,99.53311157226562
2021-07-06,97.30934143066406,121.31592559814453,98.1234359741211,90.09371948242188,101.33968353271484
2021-07-07,88.19573211669922,118.54533386230469,101.26179504394531,86.08673095703125,85.09136962890625
2021-07-08,96.81963348388672,128.7178497314453,92.92939758300781,89.4820785522461,99.92460632324219
2021-07-09,105.04276275634766,129.78366088867188,90.36666870117188,101.46208190917969,106.40343475341797
2021-07-12,92.7840805053711,124.95310974121094,83.28225708007812,84.89704895019531,96.20206451416016
2021-07-13,100.7109146118164,124.6285400390625,98.50442504882812,103.06318664550781,106.220458984375
2021-07-14,82.8424301147461,118.97789764404297,82.91471862792969,75.18257904052734,74.87895965576172
2021-07-15,86.3403549194336,127.97747039794922,99.42189025878906,82.80668640136719,80.59229278564453
2021-07-16,107.48993682861328,141.95193481445312,110.0291748046875,100.35983276367188,110.74701690673828
2021-07-19,99.09590148925781,131.1964874267578,113.142822265625,97.21595764160156,103.22594451904297
2021-07-20,73.78608703613281,122.87244415283203,83.87860107421875,66.32071685791016,67.189453125
2021-07-22,87.68400573730469,131.0039825439453,94.10494995117188,85.69621276855469,83.31494903564453
2021-07-23,106.15278625488281,134.8988494873047,103.28841400146484,103.08782958984375,108.61634826660156
2021-07-26,95.68717193603516,131.1878662109375,90.33951568603516,94.70288848876953,99.3099365234375
2021-07-27,67.2005615234375,116.08238983154297,85.74161529541016,72.45260620117188,72.80628967285156
2021-07-28,69.65616607666016,112.34539031982422,74.03865051269531,68.12032318115234,69.38414764404297
2021-07-29,72.16752624511719,122.8420639038086,85.35271453857422,75.27191925048828,75.23783111572266
2021-07-30,86.158935546875,124.58372497558594,66.26380920410156,85.5568618774414,84.14939880371094
2021-08-02,95.14261627197266,119.85301971435547,102.91557312011719,94.16130828857422,100.3783187866211
2021-08-03,104.5315933227539,120.76223754882812,104.96896362304688,101.7765121459961,108.44865417480469
2021-08-04,103.16842651367188,123.29998016357422,129.54383850097656,101.56713104248047,109.52579498291016
2021-08-05,94.67733764648438,125.71337890625,98.80996704101562,94.33118438720703,92.21063232421875
2021-08-06,93.31242370605469,130.49473571777344,110.9008560180664,91.08675384521484,90.00692749023438
2021-08-09,92.706298828125,130.43228149414062,87.45793151855469,89.26990509033203,86.6378402709961
2021-08-10,115.74864959716797,135.59567260742188,118.27490234375,116.0564956665039,119.64568328857422
2021-08-11,84.22985076904297,124.0260238647461,74.58633422851562,85.05690002441406,82.46403503417969
2021-08-12,94.49446105957031,128.71206665039062,99.22021484375,88.82196807861328,91.1620864868164
2021-08-13,114.82502746582031,134.8448486328125,99.3394775390625,106.40970611572266,112.71818542480469
2021-08-16,84.19021606445312,123.94901275634766,88.59284973144531,78.34065246582031,79.11351776123047
2021-08-17,89.629150390625,121.20613861083984,94.62796020507812,86.60090637207031,85.56271362304688
2021-08-18,86.8936767578125,121.75996398925781,97.06905364990234,87.18241882324219,85.15065002441406
2021-08-20,96.25049591064453,126.78633880615234,94.74756622314453,97.72838592529297,99.68722534179688
2021-08-23,64.09880828857422,117.86244201660156,76.73414611816406,72.19845581054688,65.9699935913086
2021-08-24,92.39322662353516,118.5716781616211,85.72582244873047,95.14971923828125,94.38392639160156
2021-08-25,69.26577758789062,109.44547271728516,72.5478744506836,75.20962524414062,71.74462127685547
2021-08-26,105.00492095947266,127.71662902832031,108.40802001953125,96.53372192382812,107.82225799560547
2021-08-27,93.4499282836914,114.11190032958984,96.62593841552734,95.16340637207031,97.51026916503906
2021-08-30,97.9437255859375,124.94585418701172,114.01405334472656,96.78311157226562,94.04029846191406
2021-08-31,104.37214660644531,125.66200256347656,131.08523559570312,102.17687225341797,108.4586410522461
2021-09-01,87.90950775146484,113.94232177734375,89.87923431396484,85.98344421386719,85.39915466308594
2021-09-02,94.35816955566406,122.85704803466797,98.30641174316406,92.33617401123047,92.50563049316406
2021-09-03,103.43087768554688,132.7141876220703,103.21235656738281,108.42899322509766,107.41732025146484
2021-09-06,70.65606689453125,114.50082397460938,62.54924774169922,69.508056640625,70.71501922607422
2021-09-07,68.68606567382812,111.85725402832031,54.986167907714844,71.6035385131836,71.72379302978516
2021-09-08,88.81919860839844,116.81697845458984,76.60032653808594,90.01759338378906,94.6955795288086
2021-09-09,83.0224380493164,128.46302795410156,74.90424346923828,89.77111053466797,87.36585235595703
2021-09-13,81.44242095947266,111.97309875488281,75.2947006225586,81.96113586425781,85.79490661621094
2021-09-14,68.86036682128906,115.91585540771484,78.85962677001953,70.11058044433594,69.21582794189453
2021-09-15,70.9730453491211,101.72933197021484,62.995079040527344,73.14392852783203,72.27426147460938
2021-09-16,78.07395935058594,117.90303802490234,108.91908264160156,79.99014282226562,81.17901611328125
2021-09-17,53.36665725708008,112.61763000488281,72.43572998046875,65.35665130615234,57.821380615234375
2021-09-20,54.1231689453125,116.06645202636719,66.7244873046875,52.273780822753906,52.29544448852539
2021-09-21,68.88068389892578,111.3449478149414,82.21271514892578,69.98328399658203,70.42180633544922
2021-09-22,49.548553466796875,105.08792114257812,46.412330627441406,51.171993255615234,49.70610427856445
2021-09-23,57.42633056640625,103.75792694091797,60.94767379760742,58.78334045410156,59.346736907958984
2021-09-24,61.04973220825195,108.09848022460938,99.42772674560547,63.284751892089844,64.78363037109375
2021-09-27,37.00753402709961,105.68920135498047,41.94363021850586,43.35900115966797,39.87344741821289
2021-09-28,31.002967834472656,108.75199890136719,35.97175216674805,37.95921325683594,34.06446075439453
2021-09-29,38.813331604003906,106.5908432006836,46.03236770629883,43.88785934448242,42.06544876098633
2021-09-30,36.04459762573242,114.27456665039062,41.46407699584961,43.38282775878906,38.13218307495117
2021-10-01,45.003273010253906,125.84298706054688,50.28308868408203,54.53656005859375,50.071617126464844
2021-10-04,52.22013473510742,118.34381866455078,57.800193786621094,55.255802154541016,55.09430694580078
2021-10-05,61.88728332519531,117.08773803710938,53.867149353027344,60.81983947753906,61.40106201171875
2021-10-06,55.00033187866211,119.14183044433594,51.02799987792969,60.33802032470703,58.099674224853516
2021-10-07,73.36481475830078,117.04569244384766,71.91799926757812,71.30870819091797,76.08541870117188
2021-10-08,79.26351165771484,121.8694076538086,85.56859588623047,78.34466552734375,83.99955749511719
2021-10-11,76.22181701660156,110.91861724853516,103.74079895019531,76.55033874511719,76.51398468017578
2021-10-12,77.39009857177734,125.49943542480469,65.67725372314453,73.35440063476562,78.51260375976562
2021-10-13,59.84989547729492,107.43179321289062,55.94334030151367,61.73557662963867,62.78215789794922
2021-10-14,67.95983123779297,109.78713989257812,69.69744873046875,69.90264892578125,69.54073333740234
2021-10-18,43.940547943115234,107.38286590576172,53.527557373046875,49.10243225097656,48.305091857910156
2021-10-19,55.897743225097656,112.59497833251953,56.251121520996094,52.96072769165039,57.75575256347656
2021-10-20,33.160255432128906,111.02791595458984,39.996185302734375,34.82325744628906,34.94629669189453
2021-10-21,38.59873962402344,116.62655639648438,42.52738952636719,40.927310943603516,39.41852569580078
2021-10-22,39.81816482543945,122.39131927490234,39.8590087890625,42.12519454956055,39.93013000488281
2021-10-25,45.694610595703125,118.16902923583984,61.22227478027344,44.6748046875,46.65370559692383
2021-10-26,49.976226806640625,115.2605972290039,44.77190399169922,48.73687744140625,52.015708923339844
2021-10-27,43.4468994140625,111.18927764892578,37.328739166259766,42.49338912963867,43.74781799316406
2021-10-28,39.729881286621094,124.81974792480469,30.32790184020996,41.453369140625,39.02976989746094
2021-10-29,42.99197769165039,126.25950622558594,41.49165344238281,47.632354736328125,46.23448944091797
2021-11-01,41.48319625854492,120.27007293701172,41.7408561706543,46.14270782470703,42.087181091308594
2021-11-02,44.739173889160156,118.52803802490234,46.74323272705078,50.48603057861328,48.3409309387207
2021-11-03,53.05754089355469,122.70425415039062,52.15943145751953,59.016754150390625,57.32118225097656
2021-11-04,45.264251708984375,129.35797119140625,58.9801139831543,52.56199645996094,45.600669860839844
2021-11-08,46.965354919433594,121.29719543457031,42.702327728271484,48.70042037963867,48.00748062133789
2021-11-09,47.56846618652344,118.78233337402344,51.693416595458984,50.859588623046875,50.567020416259766
2021-11-10,55.06850051879883,118.78285217285156,46.46784591674805,55.1109733581543,51.502357482910156
2021-11-11,54.64892578125,123.8563232421875,45.40733337402344,53.98390197753906,51.79505920410156
2021-11-12,52.6391487121582,123.27157592773438,60.20897674560547,56.31735610961914,54.078800201416016
2021-11-15,61.74589157104492,115.4043197631836,67.82737731933594,63.399166107177734,64.77876281738281
2021-11-16,56.476661682128906,122.1019515991211,73.73169708251953,55.018917083740234,56.05038833618164
2021-11-17,67.89427185058594,120.17156982421875,69.21125793457031,64.93275451660156,70.844482421875
2021-11-18,62.0456428527832,118.75052642822266,68.01071166992188,59.74782943725586,59.8997917175293
2021-11-22,56.44337463378906,115.56029510498047,80.44889068603516,54.62870788574219,58.91264724731445
2021-11-23,52.86478042602539,115.8202133178711,69.59514617919922,57.304359436035156,56.626705169677734
2021-11-24,61.269073486328125,112.7844467163086,91.31143951416016,61.74799346923828,65.53789520263672
2021-11-25,51.67670440673828,115.34674072265625,57.37007522583008,58.30626678466797,57.633602142333984
2021-11-26,49.97505569458008,113.53446960449219,54.01423645019531,49.736572265625,50.80421447753906
2021-11-29,33.69291305541992,113.25115203857422,40.84428787231445,37.12681198120117,34.2266845703125
2021-11-30,33.12470245361328,109.38995361328125,45.22508239746094,38.33306884765625,34.3363151550293
2021-12-01,38.39256286621094,112.42848205566406,43.901615142822266,44.546146392822266,43.28496170043945
2021-12-02,52.13567352294922,117.3162841796875,66.93236541748047,55.927894592285156,56.426456451416016
2021-12-03,35.913082122802734,116.22543334960938,46.292293548583984,41.86561965942383,38.70701599121094
2021-12-06,26.193254470825195,109.23295593261719,37.910091400146484,32.10760498046875,29.406946182250977
2021-12-07,31.037275314331055,112.6618423461914,33.619441986083984,36.89513397216797,34.55715560913086
2021-12-08,39.45027542114258,111.8666000366211,32.21917724609375,44.08330154418945,41.0536994934082
2021-12-09,50.98142623901367,115.04849243164062,49.68437576293945,53.5694694519043,55.05580520629883
2021-12-10,53.110050201416016,116.25821685791016,63.96734619140625,53.483402252197266,56.768165588378906
2021-12-13,42.141170501708984,111.93283081054688,50.05806350708008,43.48672866821289,42.558170318603516
2021-12-14,44.076107025146484,115.17951202392578,41.31511306762695,47.48775863647461,47.97650909423828
2021-12-15,38.623714447021484,105.6205062866211,40.765262603759766,39.0464973449707,40.35597229003906
2021-12-16,39.63917922973633,115.30831909179688,49.72285461425781,40.44903564453125,39.06511688232422
2021-12-17,45.42931365966797,108.87736511230469,56.94718551635742,47.32258987426758,46.01091003417969
2021-12-20,23.830965042114258,95.64456176757812,29.409399032592773,25.807680130004883,24.622068405151367
2021-12-21,37.71435546875,104.04815673828125,41.774078369140625,40.77548599243164,39.516014099121094
2021-12-22,45.583953857421875,103.43806457519531,43.85590362548828,46.10356903076172,48.62446212768555
2021-12-23,53.82758712768555,111.46984100341797,51.915733337402344,53.2696418762207,58.03648376464844
2021-12-24,47.96393585205078,113.32000732421875,43.90324020385742,49.74312210083008,49.0921745300293
2021-12-27,36.48972702026367,110.75743103027344,40.41442108154297,40.54296112060547,38.968502044677734
2021-12-28,39.78095626831055,105.48739624023438,57.544857025146484,45.30710220336914,41.498207092285156
2021-12-29,29.01494598388672,106.98281860351562,32.66960525512695,34.62059783935547,29.611408233642578
2021-12-30,28.70351219177246,112.16725158691406,32.37388229370117,36.051475524902344,30.56226348876953
2021-12-31,43.434478759765625,119.01887512207031,43.481300354003906,46.610477447509766,46.76681900024414
2022-01-03,39.091190338134766,117.44100952148438,55.43334197998047,41.06879806518555,42.24291229248047
2022-01-04,48.37896728515625,108.36238861083984,56.33449935913086,50.2492561340332,49.44313049316406
2022-01-05,49.849029541015625,114.66746520996094,42.47737121582031,50.613746643066406,52.911197662353516
2022-01-06,40.64778137207031,123.46515655517578,40.60863494873047,42.505165100097656,39.93227767944336
2022-01-07,49.367530822753906,120.83924865722656,47.71665573120117,49.85902404785156,54.799949645996094
2022-01-10,50.9029426574707,109.9743881225586,54.93950271606445,52.632415771484375,55.95071792602539
2022-01-11,48.40279006958008,114.14471435546875,51.2121696472168,54.09700012207031,55.54258346557617
2022-01-12,53.10211944580078,110.63432312011719,53.68437194824219,51.40595245361328,58.8843994140625
2022-01-13,45.71635055541992,112.33128356933594,45.52964401245117,46.075355529785156,45.97700119018555
2022-01-14,40.41883087158203,114.96936798095703,45.10426712036133,39.98544692993164,43.190792083740234
2022-01-17,35.93367385864258,110.85458374023438,41.61801528930664,37.98986053466797,37.83405303955078
2022-01-18,34.81867218017578,115.74166107177734,40.19468688964844,32.19268035888672,34.986473083496094
2022-01-19,39.54584503173828,116.14327239990234,48.09212875366211,41.172393798828125,43.10936737060547
2022-01-20,38.34012222290039,121.47001647949219,45.31913757324219,38.024227142333984,39.185585021972656
2022-01-21,36.53877258300781,122.96361541748047,34.74998474121094,37.571834564208984,39.35848617553711
2022-01-24,21.89340591430664,118.62055969238281,34.300533294677734,24.40131378173828,21.656314849853516
2022-01-25,25.462390899658203,120.71141052246094,27.04425811767578,27.3260498046875,26.19640350341797
2022-01-27,26.96512794494629,116.90169525146484,36.322547912597656,30.217538833618164,29.946273803710938
2022-01-28,18.4258975982666,122.40904998779297,56.14246368408203,20.260360717773438,19.658910751342773
2022-01-31,29.895788192749023,123.44143676757812,24.225067138671875,31.881868362426758,25.462947845458984
2022-02-01,35.444908142089844,119.17353057861328,30.800390243530273,35.13260269165039,36.36315155029297
2022-02-02,46.20347595214844,111.26921081542969,49.66716766357422,47.69964599609375,50.20066833496094
2022-02-03,45.87544250488281,127.88465881347656,54.45216369628906,48.51300048828125,50.06795883178711
2022-02-04,30.41580581665039,120.61244201660156,33.17705154418945,35.86387634277344,34.3725700378418
2022-02-07,36.98829650878906,112.994873046875,33.612430572509766,34.4094123840332,36.788082122802734
2022-02-08,38.310855865478516,108.7361068725586,38.672000885009766,39.94782257080078,39.48545455932617
2022-02-09,43.57125473022461,109.55067443847656,55.56303787231445,47.39501190185547,47.72536849975586
2022-02-10,57.5328483581543,114.6723403930664,52.68534469604492,54.93745803833008,62.27741241455078
2022-02-11,51.24217224121094,118.47886657714844,54.66593551635742,53.51212692260742,57.242149353027344
2022-02-14,21.088748931884766,103.94007110595703,26.600040435791016,20.168067932128906,19.828510284423828
2022-02-15,42.974056243896484,109.25602722167969,37.15815353393555,46.32114791870117,43.96603012084961
2022-02-16,40.229774475097656,113.39623260498047,44.81574249267578,44.89568328857422,43.63960647583008
2022-02-17,37.61655044555664,122.63380432128906,43.99197006225586,36.69682312011719,41.31877136230469
2022-02-18,33.56055450439453,126.9623031616211,33.3405876159668,34.15750503540039,35.90635299682617
2022-02-21,28.85970687866211,120.66009521484375,35.54471969604492,32.73031234741211,30.294994354248047
2022-02-22,19.88945198059082,119.1385269165039,21.012834548950195,17.3398494720459,15.656961441040039
2022-02-23,23.126205444335938,117.85745239257812,39.880592346191406,27.59617805480957,24.90796661376953
2022-02-24,76.28240203857422,127.08538055419922,73.24021911621094,79.90418243408203,70.17811584472656
2022-02-25,25.840044021606445,129.70187377929688,30.577348709106445,33.01078796386719,28.59488868713379
2022-02-28,23.343589782714844,132.09103393554688,20.94772720336914,25.52114486694336,24.756450653076172
2022-03-02,27.68280601501465,129.21923828125,23.885833740234375,30.06618309020996,26.055057525634766
2022-03-03,15.608149528503418,128.11801147460938,22.350631713867188,19.494369506835938,14.720848083496094
2022-03-04,15.252184867858887,117.09745788574219,25.22092628479004,18.015382766723633,14.36396598815918
2022-03-07,28.798973083496094,102.35538482666016,26.47368621826172,31.95998764038086,23.20838165283203
2022-03-08,20.197877883911133,116.86347198486328,39.82590103149414,22.433923721313477,19.508895874023438
2022-03-09,19.177974700927734,121.95065307617188,28.782997131347656,22.531387329101562,17.770055770874023
2022-03-10,20.32186508178711,127.61339569091797,43.076904296875,24.657773971557617,21.37350845336914
2022-03-11,15.996593475341797,128.32025146484375,32.85408020019531,20.6229190826416,17.190406799316406
2022-03-14,22.594026565551758,121.11055755615234,40.66986083984375,27.292299270629883,23.179821014404297
2022-03-15,34.55029296875,133.7264862060547,38.49837112426758,35.9681396484375,33.20541000366211
2022-03-16,24.355356216430664,113.7932357788086,35.66877365112305,27.9882755279541,26.09787368774414
2022-03-17,25.184612274169922,112.34269714355469,35.132057189941406,32.023189544677734,26.78055191040039
2022-03-21,21.67267608642578,126.35352325439453,30.951725006103516,26.06795310974121,20.670494079589844
2022-03-22,18.23554229736328,114.74440002441406,28.775104522705078,21.832853317260742,15.891136169433594
2022-03-23,19.455665588378906,119.27569580078125,35.70578384399414,24.228254318237305,21.01981544494629
2022-03-24,16.733625411987305,121.94244384765625,51.076229095458984,23.085350036621094,19.06321907043457
2022-03-25,18.727262496948242,126.97032928466797,21.536542892456055,24.759754180908203,19.874347686767578
2022-03-28,17.065933227539062,114.08692932128906,26.202606201171875,19.357370376586914,14.378684043884277
2022-03-29,19.75407600402832,107.54949951171875,25.637454986572266,23.03879165649414,16.60220718383789
2022-03-30,27.54033660888672,101.6493148803711,28.904817581176758,33.88760757446289,30.288619995117188
2022-03-31,29.486169815063477,113.07357025146484,33.888275146484375,37.397682189941406,32.393070220947266
2022-04-01,54.460330963134766,122.37549591064453,56.25345993041992,58.633052825927734,58.787330627441406
2022-04-04,52.11333084106445,113.89215087890625,56.228797912597656,49.04264450073242,50.6967658996582
2022-04-05,43.29597091674805,122.4735336303711,48.41746139526367,43.06980895996094,43.80632019042969
2022-04-06,41.01080322265625,122.56886291503906,46.52207946777344,40.86639404296875,39.81571960449219
2022-04-07,41.45460510253906,133.25650024414062,40.37788009643555,39.736732482910156,40.77302169799805
2022-04-08,53.67524719238281,134.5885467529297,61.152706146240234,56.71927261352539,57.613807678222656
2022-04-11,43.380218505859375,126.77418518066406,37.54776382446289,41.31916809082031,42.446563720703125
2022-04-12,51.677703857421875,127.34683227539062,62.02138900756836,47.30386734008789,54.56645202636719
2022-04-13,56.6410026550293,130.18069458007812,79.75111389160156,51.59698486328125,60.64208221435547
2022-04-18,29.086763381958008,124.57220458984375,43.28887939453125,31.801786422729492,29.756528854370117
2022-04-19,44.00151824951172,122.17436981201172,51.72981643676758,43.117252349853516,47.616737365722656
2022-04-20,43.08329772949219,120.00516510009766,41.04615783691406,37.62702178955078,35.96596908569336
2022-04-21,61.384124755859375,126.68717193603516,58.419639587402344,60.03260803222656,66.09242248535156
2022-04-22,36.9815559387207,125.0715103149414,45.762977600097656,43.97871398925781,41.65262985229492
2022-04-25,34.673404693603516,118.37120056152344,31.445173263549805,36.68385696411133,37.87607955932617
2022-04-26,40.39725875854492,116.17044830322266,35.93761444091797,42.95027160644531,43.417171478271484
2022-04-27,41.245582580566406,118.87232971191406,45.53266906738281,38.55970764160156,40.70632553100586
2022-04-28,58.558109283447266,125.85564422607422,54.92027282714844,54.45762252807617,60.56111145019531
2022-04-29,47.241432189941406,124.61164855957031,44.288150787353516,49.00465393066406,46.6637077331543
2022-05-02,43.716365814208984,121.36202239990234,46.39522171020508,46.06586837768555,45.67450714111328
2022-05-04,35.914276123046875,111.78958892822266,47.61973571777344,33.290184020996094,33.111270904541016
2022-05-05,49.12551498413086,120.86262512207031,68.83802032470703,44.2491455078125,45.496524810791016
2022-05-06,38.09355545043945,112.59184265136719,35.8477783203125,37.47193145751953,39.16562271118164
2022-05-09,51.5452880859375,105.78777313232422,48.11348342895508,47.867286682128906,51.43864059448242
2022-05-10,27.08721923828125,110.79442596435547,24.04299545288086,29.660879135131836,29.167415618896484
2022-05-11,30.103147506713867,107.26371002197266,24.045989990234375,23.819252014160156,26.656070709228516
2022-05-12,34.49219512939453,91.63581085205078,46.482059478759766,39.460506439208984,35.496036529541016
2022-05-13,36.179237365722656,106.214111328125,56.79102325439453,32.962074279785156,36.261619567871094
2022-05-16,26.04826545715332,107.3343734741211,34.85325622558594,19.8510799407959,21.18905258178711
2022-05-17,44.68890380859375,112.15333557128906,43.9705810546875,43.106319427490234,46.650150299072266
2022-05-18,36.916019439697266,115.24703216552734,39.17313003540039,36.617061614990234,34.90349578857422
2022-05-19,37.68263244628906,103.0923080444336,47.55045700073242,37.292579650878906,39.56525802612305
2022-05-20,39.50780487060547,123.99908447265625,39.10335159301758,41.00856018066406,39.29408264160156
2022-05-23,31.791040420532227,118.6824722290039,43.02882385253906,30.932037353515625,31.296476364135742
2022-05-24,22.42868995666504,115.95555877685547,28.66139793395996,24.040264129638672,23.515403747558594
2022-05-25,20.871614456176758,113.44769287109375,29.599924087524414,20.790266036987305,21.2899112701416
2022-05-26,37.850467681884766,112.56538391113281,37.53559112548828,40.18894577026367,40.22794723510742
2022-05-27,49.28154373168945,119.55933380126953,51.93022918701172,54.09476852416992,51.930606842041016
2022-05-30,55.122406005859375,114.97615051269531,79.10515594482422,57.6571044921875,58.83945846557617
2022-05-31,54.49369430541992,115.18630981445312,58.791969299316406,54.67217254638672,56.166358947753906
2022-06-01,50.78167724609375,109.7905044555664,52.120967864990234,51.24586486816406,52.499935150146484
2022-06-02,60.0300407409668,114.75094604492188,63.75661087036133,56.701053619384766,62.84812927246094
2022-06-03,61.31983184814453,122.19676208496094,57.72031784057617,58.00874710083008,62.0001335144043
2022-06-06,47.51912307739258,112.26447296142578,61.88118362426758,48.66574478149414,49.5369873046875
2022-06-07,40.83284378051758,112.51030731201172,44.21495056152344,39.70199966430664,40.33515167236328
2022-06-08,48.315338134765625,111.08937072753906,52.85865783691406,43.22185516357422,43.97822570800781
2022-06-09,68.51300048828125,114.38304901123047,61.595848083496094,66.91838836669922,70.90851593017578
2022-06-10,50.695220947265625,120.55648803710938,51.5899772644043,49.1252326965332,54.10496139526367
2022-06-13,30.37452507019043,99.01366424560547,40.940696716308594,27.745525360107422,30.062902450561523
2022-06-14,29.15998649597168,107.55200958251953,31.485191345214844,25.784730911254883,26.786588668823242
2022-06-15,31.773529052734375,99.95476531982422,31.280893325805664,32.827613830566406,33.329185485839844
2022-06-16,25.786191940307617,94.42738342285156,18.9351749420166,23.7502384185791,21.84347152709961
2022-06-17,26.128942489624023,105.32553100585938,33.671913146972656,27.91087532043457,27.9666690826416
2022-06-20,26.384037017822266,103.29033660888672,29.063270568847656,28.143009185791016,28.230472564697266
2022-06-21,29.615968704223633,112.35779571533203,53.07854080200195,28.710941314697266,29.89678382873535
2022-06-22,31.942522048950195,102.47514343261719,31.961320877075195,30.476686477661133,32.92578125
2022-06-23,32.3379020690918,112.19119262695312,31.261953353881836,35.04399108886719,34.503509521484375
2022-06-24,32.96882629394531,111.7582015991211,44.04147720336914,40.226505279541016,36.17095184326172
2022-06-27,34.79462814331055,114.872314453125,33.0858154296875,35.43196105957031,35.96224594116211
2022-06-28,31.765043258666992,110.67515563964844,32.1456184387207,34.4896240234375,35.03451156616211
2022-06-29,30.56975746154785,108.26419830322266,30.61953353881836,34.10483932495117,34.33024215698242
2022-06-30,35.41952896118164,117.6056137084961,51.30735778808594,36.85022735595703,38.44904708862305
2022-07-01,32.45942306518555,120.2464828491211,28.034008026123047,33.54572677612305,31.505264282226562
2022-07-04,38.821258544921875,112.99370574951172,53.61870193481445,38.6224250793457,41.77973937988281
2022-07-05,51.49060821533203,111.80416107177734,56.844322204589844,48.60041427612305,56.0001106262207
2022-07-06,46.28679656982422,113.30338287353516,55.99839782714844,45.86858367919922,50.40080642700195
2022-07-07,48.62139129638672,118.71022033691406,50.80169677734375,45.496421813964844,47.470115661621094
2022-07-08,64.49788665771484,123.25074005126953,75.79710388183594,62.361167907714844,69.1713638305664
2022-07-11,63.02915954589844,119.318603515625,86.08628845214844,59.98326873779297,67.58397674560547
2022-07-12,60.98409652709961,116.71549224853516,61.91072463989258,55.94715118408203,65.26551055908203
2022-07-13,41.783668518066406,109.11686706542969,46.12558364868164,44.04566955566406,43.411495208740234
2022-07-14,59.952781677246094,117.13090515136719,62.31369400024414,56.3707275390625,63.76946258544922
2022-07-15,50.653804779052734,119.24928283691406,60.99642562866211,51.20127868652344,49.743648529052734
2022-07-18,51.64301300048828,116.10977172851562,56.11781692504883,50.54362869262695,51.09534454345703
2022-07-19,59.4370002746582,112.46072387695312,53.98960494995117,60.4820556640625,63.848899841308594
2022-07-20,68.77111053466797,117.54935455322266,67.2957534790039,67.41081237792969,73.47718048095703
2022-07-21,72.44166564941406,114.329833984375,60.17720031738281,68.72793579101562,76.00737762451172
2022-07-22,68.74445343017578,116.78157806396484,56.610557556152344,69.23394775390625,72.11930084228516
2022-07-25,53.26074981689453,109.3913803100586,45.653228759765625,60.573890686035156,58.576011657714844
2022-07-26,37.82952880859375,112.33643341064453,31.98914909362793,41.42374801635742,41.541500091552734
2022-07-27,49.36320877075195,108.028076171875,49.93154525756836,48.25469207763672,51.10841751098633
2022-07-28,48.688690185546875,113.36354064941406,49.83675765991211,52.121498107910156,52.3841552734375
2022-07-29,73.43002319335938,119.3646240234375,60.708988189697266,72.1724624633789,74.31480407714844
2022-08-01,71.62175750732422,112.1216049194336,65.99092102050781,68.0198974609375,73.33320617675781
2022-08-02,60.085540771484375,112.64741516113281,55.711341857910156,58.814788818359375,64.09882354736328
2022-08-03,54.5541877746582,122.4826889038086,64.08065032958984,52.91909408569336,52.97747802734375
2022-08-04,54.351898193359375,121.9631576538086,69.27287292480469,50.94813537597656,50.59897994995117
2022-08-05,38.22612762451172,136.92788696289062,47.02555465698242,51.88660430908203,46.59910202026367
2022-08-08,50.558021545410156,113.93489837646484,56.742774963378906,61.490238189697266,56.525638580322266
2022-08-10,46.52996826171875,116.33635711669922,42.577789306640625,50.51416778564453,51.674034118652344
2022-08-11,56.97234344482422,114.01622009277344,65.38636779785156,56.131507873535156,59.440128326416016
2022-08-12,50.21607971191406,126.36038208007812,46.162925720214844,57.06665802001953,55.00581741333008
2022-08-16,56.876468658447266,111.80711364746094,61.97504806518555,53.15928649902344,59.87717819213867
2022-08-17,48.26504898071289,113.14730834960938,56.490928649902344,50.01704788208008,48.74802780151367
2022-08-18,56.101531982421875,108.89315032958984,56.50968933105469,58.46955871582031,58.61614990234375
2022-08-19,50.42539596557617,119.07708740234375,55.402034759521484,53.343849182128906,52.20854568481445
2022-08-22,32.008827209472656,126.2657470703125,29.37809181213379,35.789241790771484,35.5460319519043
2022-08-23,33.043155670166016,119.8938217163086,37.12226104736328,39.8892707824707,37.17840576171875
2022-08-24,28.531007766723633,118.53529357910156,30.27288818359375,36.7903938293457,34.48744583129883
2022-08-25,32.436241149902344,122.09578704833984,32.201969146728516,37.99171447753906,33.52798843383789
2022-08-26,33.57929992675781,128.21627807617188,36.54983139038086,42.591331481933594,36.29807662963867
2022-08-29,42.291099548339844,120.98002624511719,51.01285171508789,46.08510208129883,45.47964096069336
2022-08-30,40.90800476074219,117.58072662353516,34.1531982421875,48.4221305847168,46.57250213623047
2022-09-01,33.14677047729492,127.99365997314453,47.47563934326172,42.41936492919922,40.87916564941406
2022-09-02,37.57759094238281,126.70223999023438,38.22528076171875,43.52122116088867,43.78599548339844
2022-09-05,28.743366241455078,121.22383880615234,44.50050354003906,37.77012634277344,33.853538513183594
2022-09-06,31.09996223449707,119.19651794433594,36.037506103515625,37.758121490478516,35.6817626953125
2022-09-07,37.537235260009766,114.93708801269531,36.0128288269043,41.479679107666016,42.30109405517578
2022-09-08,45.35438919067383,117.49280548095703,51.63317108154297,47.950096130371094,47.688838958740234
2022-09-09,40.769962310791016,119.64949798583984,52.51251220703125,47.19468688964844,46.0323600769043
2022-09-12,42.35741424560547,115.97014617919922,43.34486770629883,42.209075927734375,44.88838577270508
2022-09-13,45.074703216552734,108.3289566040039,46.55012130737305,45.720096588134766,47.982086181640625
2022-09-14,47.56264114379883,108.14590454101562,41.23652267456055,49.512847900390625,50.78828430175781
2022-09-15,31.318099975585938,117.37374114990234,35.609840393066406,36.36689376831055,36.91598892211914
2022-09-16,30.59504508972168,122.41747283935547,38.02480697631836,34.48813247680664,32.631072998046875
2022-09-19,21.921859741210938,120.6346435546875,25.231897354125977,26.28141975402832,25.670997619628906
2022-09-20,27.929346084594727,115.03424835205078,29.10230827331543,31.04374122619629,30.691207885742188
2022-09-21,22.224369049072266,116.0608139038086,22.918304443359375,26.507892608642578,22.093961715698242
2022-09-22,23.90715217590332,121.12797546386719,35.203086853027344,28.59840965270996,25.548137664794922
2022-09-23,20.910282135009766,129.41305541992188,26.793682098388672,24.200387954711914,23.4697322845459
2022-09-26,14.949956893920898,120.35840606689453,27.30326271057129,19.91412353515625,16.41330909729004
2022-09-27,11.125463485717773,119.69171905517578,24.119279861450195,15.603772163391113,11.590313911437988
2022-09-28,17.155656814575195,112.60945129394531,24.223955154418945,19.47893714904785,18.714067459106445
2022-09-29,21.98741912841797,113.77461242675781,22.461040496826172,26.807880401611328,25.693157196044922
2022-09-30,45.26747131347656,121.68659210205078,42.76742172241211,43.63589859008789,44.784061431884766
2022-10-03,21.984766006469727,122.36852264404297,29.37418556213379,25.374582290649414,23.16045379638672
2022-10-04,39.07441329956055,113.99950408935547,35.994537353515625,42.64761734008789,45.10441970825195
2022-10-06,33.3551025390625,127.79014587402344,41.40960693359375,38.97332000732422,39.50746536254883
2022-10-07,29.776702880859375,126.1152572631836,46.66801452636719,38.1260986328125,36.83987045288086
2022-10-10,29.163379669189453,120.996337890625,46.248069763183594,35.86460876464844,34.700130462646484
2022-10-11,38.965858459472656,115.12444305419922,34.26388931274414,38.017982482910156,42.12361526489258
2022-10-12,30.768234252929688,123.98657989501953,28.733657836914062,33.131263732910156,30.40260887145996
2022-10-13,31.753629684448242,125.9641342163086,37.62004470825195,31.481590270996094,30.741588592529297
2022-10-14,50.54187774658203,123.62808227539062,65.48054504394531,48.222084045410156,53.66722106933594
2022-10-17,43.342830657958984,119.67378997802734,54.78892135620117,43.16862487792969,43.61973571777344
2022-10-18,38.92634201049805,124.43462371826172,49.49771499633789,45.179298400878906,39.7757453918457
2022-10-19,45.34706115722656,117.72628784179688,43.7703857421875,45.07202911376953,46.16720199584961
2022-10-20,62.45383071899414,128.42340087890625,54.45326232910156,55.976287841796875,65.60187530517578
2022-10-21,41.576717376708984,124.66710662841797,56.460323333740234,46.425865173339844,42.35636520385742
2022-10-24,41.3046760559082,115.24640655517578,33.57746124267578,42.8051643371582,43.254234313964844
2022-10-25,54.14081573486328,110.9788589477539,52.89602279663086,57.07787322998047,56.57234573364258
2022-10-27,41.17057800292969,113.20026397705078,44.006507873535156,47.86213302612305,45.75688552856445
2022-10-28,48.009033203125,124.68534851074219,44.20408630371094,56.52164840698242,53.73052215576172
2022-10-31,63.0045166015625,114.23792266845703,52.62816619873047,68.26445770263672,67.17803955078125
2022-11-01,45.96162414550781,112.8361587524414,47.10108947753906,50.17631912231445,49.064090728759766
2022-11-02,49.197265625,113.44217681884766,50.390380859375,52.94929885864258,53.709686279296875
2022-11-03,45.438819885253906,123.36683654785156,40.75497055053711,45.65492248535156,43.1943244934082
2022-11-04,45.63169860839844,118.10684967041016,49.32068634033203,49.260498046875,50.76879119873047
2022-11-07,45.36578369140625,111.47014617919922,43.29836654663086,48.33810043334961,49.69102096557617
2022-11-09,48.93917465209961,109.08477783203125,50.58467483520508,50.81354904174805,53.95106887817383
2022-11-10,41.88339614868164,119.20886993408203,44.99945831298828,44.67534637451172,44.06031799316406
2022-11-11,52.12383270263672,109.48761749267578,60.061519622802734,56.792564392089844,56.42642593383789
2022-11-14,52.91940689086914,109.4793701171875,52.12291717529297,58.16010665893555,55.42987823486328
2022-11-15,41.030616760253906,108.6233901977539,60.477413177490234,46.70487594604492,45.1089973449707
2022-11-16,55.6982307434082,103.32862854003906,74.54951477050781,56.261810302734375,59.51022720336914
2022-11-17,41.757484436035156,113.80352783203125,40.63523483276367,52.02918243408203,46.30454635620117
2022-11-18,53.90827560424805,112.86564636230469,57.37691116333008,56.87209701538086,55.21018600463867
2022-11-21,55.281227111816406,111.17391967773438,54.34497833251953,56.56606674194336,54.77391815185547
2022-11-22,53.282020568847656,110.50397491455078,60.77384567260742,55.893375396728516,54.62348175048828
2022-11-23,52.752925872802734,103.4412612915039,49.955387115478516,56.03889465332031,53.85420227050781
2022-11-24,41.23016357421875,107.03273010253906,61.682655334472656,53.681495666503906,44.79184341430664
2022-11-25,65.34013366699219,107.87833404541016,62.807090759277344,71.1266098022461,69.27607727050781
2022-11-28,60.83534240722656,108.05741119384766,67.947509765625,66.09754180908203,66.22228240966797
2022-11-29,48.71335220336914,103.0135269165039,53.57294464111328,54.800262451171875,48.670589447021484
2022-11-30,64.51628112792969,99.06558227539062,58.82204818725586,64.18714141845703,70.00601196289062
2022-12-01,67.0984878540039,96.68624114990234,55.57903289794922,65.81082916259766,69.50286865234375
2022-12-02,47.0059928894043,105.7514419555664,57.75052261352539,56.9173698425293,52.893394470214844
2022-12-05,44.65252685546875,100.36705780029297,46.370662689208984,48.97529983520508,48.87324905395508
2022-12-06,42.578556060791016,101.19429779052734,47.42774963378906,45.55621337890625,44.663753509521484
2022-12-07,51.788002014160156,101.91566467285156,73.54547882080078,52.904937744140625,57.56727600097656
2022-12-08,45.15966033935547,107.62891387939453,35.56409454345703,47.48579025268555,46.02632141113281
2022-12-09,42.30813980102539,109.38890838623047,48.567543029785156,50.92363357543945,46.986968994140625
2022-12-12,38.9988899230957,101.80604553222656,36.258724212646484,40.30799102783203,42.82257843017578
2022-12-13,38.78416442871094,99.62004089355469,41.76469039916992,44.928070068359375,43.72988510131836
2022-12-14,52.39915466308594,96.88233947753906,54.62690353393555,55.93264389038086,57.57978820800781
2022-12-15,56.400630950927734,115.2440414428711,69.61337280273438,59.411922454833984,63.3472900390625
2022-12-16,50.86075210571289,104.54679107666016,50.36627197265625,48.710941314697266,52.69757843017578
2022-12-19,34.27937698364258,103.56926727294922,44.484134674072266,38.594703674316406,38.5557861328125
2022-12-20,39.81536102294922,97.05830383300781,46.8437385559082,47.15117263793945,40.50965118408203
2022-12-21,30.361299514770508,99.74029541015625,42.56608200073242,33.092987060546875,29.26337242126465
2022-12-22,34.5380859375,100.29217529296875,46.98482131958008,40.067466735839844,38.5529899597168
2022-12-23,35.118980407714844,97.38806915283203,33.158939361572266,36.16233444213867,37.601924896240234
2022-12-26,38.88485336303711,96.2034683227539,45.26775360107422,37.455322265625,41.53209686279297
2022-12-27,35.40010070800781,96.86725616455078,42.36317825317383,36.86233139038086,37.79949188232422
2022-12-28,32.51017379760742,94.76708984375,43.63716506958008,36.62949752807617,35.354698181152344
2022-12-29,40.95502853393555,100.57120513916016,49.540611267089844,44.702327728271484,44.44650650024414
2022-12-30,53.2772216796875,100.66035461425781,65.68409729003906,54.08531188964844,57.077144622802734
2023-01-02,42.15691375732422,103.26655578613281,44.16499710083008,46.17498016357422,41.607818603515625
2023-01-03,53.96345520019531,93.04966735839844,53.834564208984375,55.010589599609375,60.0654411315918
2023-01-04,42.60145568847656,102.630615234375,46.33076477050781,45.42191696166992,43.8841438293457
2023-01-05,47.43457794189453,106.68745422363281,48.6558952331543,51.935401916503906,48.88746643066406
2023-01-06,44.55005645751953,105.09324645996094,52.533363342285156,43.567787170410156,44.165138244628906
2023-01-09,63.121952056884766,97.80794525146484,54.84000778198242,60.02587890625,66.80245971679688
2023-01-10,46.97633743286133,102.91504669189453,58.196285247802734,45.73181915283203,46.478816986083984
2023-01-11,45.3230094909668,101.10763549804688,37.2415771484375,42.43655014038086,45.061100006103516
2023-01-12,49.615257263183594,103.18028259277344,70.62432861328125,46.93873977661133,45.9776725769043
2023-01-13,56.688289642333984,105.21490478515625,58.4022102355957,47.850582122802734,50.21798324584961
2023-01-16,58.55397033691406,89.85658264160156,59.14850997924805,51.63383865356445,56.01314163208008
2023-01-17,60.468223571777344,99.23929595947266,50.6545295715332,55.036861419677734,57.67255401611328
2023-01-18,55.52246856689453,96.18010711669922,71.90470123291016,49.43901824951172,50.746463775634766
2023-01-19,67.7534408569336,86.62359619140625,67.83727264404297,67.91002655029297,73.72408294677734
2023-01-20,52.09578323364258,99.2532730102539,62.75889587402344,52.82624816894531,51.25617218017578
2023-01-23,57.136749267578125,84.95024108886719,55.92558288574219,51.90305709838867,59.073326110839844
2023-01-24,47.32872009277344,87.00072479248047,54.04362487792969,48.370540618896484,46.55233383178711
2023-01-25,44.01974868774414,87.24784851074219,52.28520965576172,45.52951431274414,45.10889434814453
2023-01-27,42.646240234375,99.76731872558594,62.666587829589844,43.399879455566406,44.53532791137695
2023-01-30,35.549835205078125,105.36000061035156,46.26053237915039,37.504310607910156,35.95645523071289
2023-01-31,42.222877502441406,99.91974639892578,73.772705078125,44.84233856201172,40.51559829711914
2023-02-01,45.679931640625,97.93756103515625,51.003822326660156,47.55841827392578,45.64082717895508
2023-02-02,50.37445068359375,83.10577392578125,50.59899139404297,55.35611343383789,53.389122009277344
2023-02-03,59.907005310058594,95.10626220703125,55.01962661743164,60.56231689453125,60.0364990234375
2023-02-06,49.99271011352539,93.07060241699219,174.97352600097656,54.90056610107422,52.135398864746094
2023-02-07,52.23632049560547,92.61986541748047,55.134010314941406,52.500396728515625,50.44377899169922
2023-02-08,64.16901397705078,78.45291137695312,61.352962493896484,63.280757904052734,67.15168762207031
2023-02-09,66.90988159179688,84.1808853149414,96.5915298461914,67.36831665039062,71.71991729736328
2023-02-10,71.67923736572266,81.56856536865234,63.39492416381836,72.65962219238281,77.91002655029297
2023-02-13,57.24575424194336,85.97564697265625,58.843807220458984,57.2523078918457,56.57663345336914
2023-02-14,66.59798431396484,90.05028533935547,54.60808181762695,66.66668701171875,64.757080078125
2023-02-15,67.03985595703125,89.12655639648438,86.87938690185547,66.99430084228516,66.7198257446289
2023-02-16,67.81513977050781,90.04481506347656,64.30904388427734,70.40923309326172,68.83609008789062
2023-02-17,62.81020736694336,86.50799560546875,69.10816192626953,70.39315032958984,65.8559799194336
2023-02-20,54.77147674560547,75.91943359375,53.33555221557617,56.447757720947266,61.41984176635742
2023-02-21,57.484840393066406,82.68429565429688,147.2218780517578,58.406002044677734,57.440921783447266
2023-02-22,44.165306091308594,70.1771011352539,61.007381439208984,47.80997848510742,47.337669372558594
2023-02-23,46.080780029296875,74.78288269042969,66.88343048095703,49.96205520629883,47.876773834228516
2023-02-24,62.811641693115234,86.49239349365234,69.3325424194336,71.84300231933594,59.852439880371094
2023-02-27,42.21470642089844,81.11553192138672,43.22364044189453,57.33251953125,48.13218688964844
2023-02-28,59.737892150878906,75.4919204711914,59.298988342285156,58.706539154052734,56.21772766113281
2023-03-01,62.49834442138672,74.55775451660156,67.8043212890625,64.31038665771484,63.5068244934082
2023-03-02,48.34025955200195,85.39675903320312,46.609745025634766,64.86582946777344,50.29563903808594
2023-03-03,80.14917755126953,87.24755096435547,72.2841796875,75.90430450439453,79.12913513183594
2023-03-06,57.91694259643555,83.17119598388672,71.16839599609375,73.91081237792969,63.54623794555664
2023-03-08,59.941734313964844,82.14485931396484,57.014095306396484,70.10010528564453,60.68141555786133
2023-03-09,63.54121780395508,77.71096801757812,67.46298217773438,68.26385498046875,67.11376190185547
2023-03-10,65.04293823242188,88.39026641845703,55.307186126708984,61.315460205078125,68.7599105834961
2023-03-13,36.137046813964844,77.13187408447266,39.68552780151367,37.897056579589844,37.355892181396484
2023-03-14,32.990020751953125,82.71427154541016,38.308738708496094,31.413982391357422,31.656036376953125
2023-03-15,26.28612518310547,71.97920227050781,64.36715698242188,31.447595596313477,29.629512786865234
2023-03-16,26.848678588867188,75.57357788085938,31.409889221191406,34.3360595703125,30.553939819335938
2023-03-17,32.833683013916016,77.89998626708984,29.444055557250977,38.8508415222168,36.11964797973633
2023-03-20,25.74570083618164,74.86824035644531,37.067134857177734,31.415987014770508,28.870361328125
2023-03-21,35.7479133605957,79.91175842285156,38.9937629699707,36.21776580810547,35.695579528808594
2023-03-22,39.71237564086914,70.3502426147461,44.82710647583008,39.35599136352539,41.446929931640625
2023-03-23,42.433406829833984,79.55979919433594,55.226722717285156,46.36933898925781,46.04358673095703
2023-03-24,32.173309326171875,75.38641357421875,32.958370208740234,40.71101760864258,36.88936996459961
2023-03-27,31.626924514770508,78.23107147216797,32.09144973754883,33.69554138183594,30.211809158325195
2023-03-28,29.575130462646484,76.17028045654297,29.29490852355957,35.4911003112793,32.470455169677734
2023-03-29,36.84408187866211,77.18707275390625,43.99158477783203,45.581016540527344,40.817081451416016
2023-03-31,63.70002746582031,107.36792755126953,81.2482681274414,72.5423355102539,65.24832153320312
2023-04-03,46.30167770385742,93.6705322265625,57.598331451416016,58.9336051940918,50.46706771850586
2023-04-05,70.26793670654297,86.01496887207031,73.20037841796875,70.7199478149414,69.9972152709961
2023-04-06,80.39096069335938,91.79953002929688,86.62020874023438,79.56039428710938,79.30699920654297
2023-04-10,56.3349609375,92.91110229492188,63.45551681518555,58.267765045166016,54.44245147705078
2023-04-11,66.09159851074219,87.84268951416016,75.41917419433594,68.27530670166016,72.76795196533203
2023-04-12,60.56266403198242,83.50695037841797,64.44628143310547,60.736541748046875,64.06901550292969
2023-04-13,74.79510498046875,84.16484069824219,90.85818481445312,71.50135040283203,74.25731658935547
2023-04-17,53.38027572631836,88.37065124511719,56.9589958190918,53.10945129394531,51.53805160522461
2023-04-18,52.838478088378906,90.82780456542969,55.12868881225586,53.24379348754883,50.74696350097656
2023-04-19,66.19114685058594,72.86084747314453,79.83061218261719,58.37990188598633,66.59978485107422
2023-04-20,63.716712951660156,90.0116195678711,72.42179870605469,61.641197204589844,63.2031364440918
2023-04-21,67.03114318847656,77.22895812988281,62.505680084228516,65.28136444091797,70.66282653808594
2023-04-24,56.39588165283203,84.1015853881836,61.08333969116211,54.79340362548828,57.03491973876953
2023-04-25,70.15191650390625,72.3988265991211,69.8931655883789,58.61676788330078,69.30182647705078
2023-04-26,57.53667068481445,84.91246795654297,55.16336441040039,59.8819580078125,58.33730697631836
2023-04-27,78.24214935302734,72.4656982421875,65.50506591796875,71.07113647460938,76.2142562866211
2023-04-28,73.9151611328125,95.64620208740234,91.85914611816406,80.94329071044922,73.9381332397461
2023-05-02,73.11781311035156,78.32450866699219,74.20589447021484,78.60782623291016,75.85259246826172
2023-05-03,66.72013092041016,74.83370971679688,146.22544860839844,69.88591766357422,69.93482971191406
2023-05-04,66.59273529052734,99.90513610839844,102.89554595947266,81.4856948852539,68.6573257446289
2023-05-05,68.17830657958984,84.60347747802734,59.7417106628418,73.35585021972656,72.5606460571289
2023-05-08,52.71931076049805,80.35017395019531,58.349647521972656,61.930667877197266,56.67628860473633
2023-05-09,59.46994400024414,81.22294616699219,165.71827697753906,61.024330139160156,57.138736724853516
2023-05-10,53.000614166259766,79.80375671386719,63.41618728637695,59.93772888183594,55.43357849121094
2023-05-11,57.382259368896484,86.07787322998047,67.072021484375,57.105125427246094,56.586158752441406
2023-05-12,68.55085754394531,85.7042007446289,65.38269805908203,67.89906311035156,68.46034240722656
2023-05-15,51.593082427978516,85.39225006103516,57.48581314086914,58.752647399902344,53.51367950439453
2023-05-16,58.37338638305664,82.0411148071289,73.88587188720703,53.74592971801758,56.739200592041016
2023-05-17,50.04419708251953,82.51044464111328,58.33961868286133,49.43966293334961,48.71955108642578
2023-05-18,60.88445281982422,76.587158203125,66.32943725585938,58.27918243408203,58.59854507446289
2023-05-19,58.8653678894043,81.05001068115234,62.69278335571289,58.36338806152344,57.93949890136719
2023-05-22,54.90764236450195,77.21652221679688,51.64350509643555,55.555572509765625,54.810550689697266
2023-05-23,57.187015533447266,71.15512084960938,65.92290496826172,54.79927062988281,61.47331237792969
2023-05-24,52.376853942871094,72.41534423828125,58.85661697387695,52.641788482666016,50.83119583129883
2023-05-25,53.78927230834961,68.36225891113281,53.57895278930664,55.8845100402832,55.51698684692383
2023-05-26,63.55253219604492,73.3377456665039,58.81271743774414,66.02818298339844,61.9796028137207
2023-05-29,55.59180450439453,72.21075439453125,53.7415657043457,62.693790435791016,58.401405334472656
2023-05-30,56.332672119140625,63.812095642089844,77.70125579833984,47.97232437133789,55.806148529052734
2023-05-31,43.58108139038086,58.93302917480469,43.03666687011719,47.03282165527344,44.734962463378906
2023-06-01,49.33760452270508,66.05859375,60.570316314697266,52.86714172363281,50.694820404052734
2023-06-02,67.23421478271484,80.00016784667969,69.21864318847656,69.62678527832031,68.86304473876953
2023-06-05,51.591854095458984,84.5754165649414,78.97169494628906,59.39472579956055,54.11487579345703
2023-06-06,53.39616394042969,80.6875991821289,56.932456970214844,61.899436950683594,55.54232406616211
2023-06-07,56.94038391113281,82.71725463867188,61.10440444946289,67.62744140625,54.19377899169922
2023-06-08,64.5392837524414,71.76306915283203,68.90841674804688,71.02122497558594,69.56575775146484
2023-06-09,63.20567321777344,79.71592712402344,98.85545349121094,67.77079010009766,68.25276947021484
2023-06-12,44.53840255737305,91.32026672363281,48.374916076660156,52.276954650878906,46.8288459777832
2023-06-13,60.769195556640625,74.04871368408203,58.35359573364258,62.703792572021484,65.86089324951172
2023-06-14,56.54848861694336,71.63652038574219,80.10565185546875,59.158180236816406,59.59713363647461
2023-06-15,57.04964065551758,67.61480712890625,59.6835823059082,60.4401969909668,62.12300491333008
2023-06-16,46.72866439819336,67.64253234863281,48.47678756713867,54.14253234863281,53.303199768066406
2023-06-19,44.16448974609375,68.04258728027344,129.8897247314453,49.3616828918457,47.228004455566406
2023-06-20,52.35514450073242,69.20494842529297,64.91619110107422,57.752376556396484,56.74075698852539
2023-06-21,49.18144989013672,66.00967407226562,51.98523712158203,54.521507263183594,56.09823989868164
2023-06-22,41.04835510253906,77.02250671386719,47.82448959350586,46.2070426940918,42.284996032714844
2023-06-23,44.26237869262695,74.37599182128906,43.12926483154297,47.287899017333984,49.34857940673828
2023-06-26,44.481224060058594,67.74159240722656,74.98856353759766,46.76996994018555,48.71406173706055
2023-06-27,54.371002197265625,67.54605102539062,60.96976852416992,54.39157485961914,55.648956298828125
2023-06-28,49.939571380615234,68.38038635253906,54.943382263183594,56.75904083251953,55.2005500793457
2023-06-30,74.10237884521484,91.27103424072266,73.60668182373047,80.8622817993164,78.64087677001953
2023-07-03,54.8636474609375,92.36906433105469,60.89643096923828,60.73277282714844,61.16649627685547
2023-07-04,56.502662658691406,86.62171173095703,78.93097686767578,59.15971755981445,59.586585998535156
2023-07-05,57.557373046875,89.47071838378906,166.06521606445312,63.7384147644043,61.874053955078125
2023-07-06,61.64032745361328,93.79407501220703,68.5962142944336,71.31948852539062,65.04602813720703
2023-07-07,52.64332580566406,85.90351104736328,54.595794677734375,57.38689041137695,56.55964279174805
2023-07-10,57.230716705322266,87.41630554199219,62.07307052612305,60.95750427246094,59.17900085449219
2023-07-11,52.08071517944336,85.23915100097656,61.69338607788086,58.73050308227539,54.95505142211914
2023-07-12,50.01758575439453,69.34365844726562,46.986534118652344,54.17151641845703,53.15482711791992
2023-07-13,52.50989532470703,86.5891342163086,53.629154205322266,56.614990234375,54.776607513427734
2023-07-14,60.619083404541016,80.09716033935547,59.691036224365234,63.57368087768555,66.35791778564453
2023-07-17,62.83626174926758,81.90377044677734,55.39641571044922,60.24859619140625,63.45377731323242
2023-07-18,53.07973861694336,87.77168273925781,52.216758728027344,53.15070724487305,55.299129486083984
2023-07-19,55.72632598876953,68.245361328125,48.336708068847656,53.438133239746094,56.209903717041016
2023-07-20,61.3134880065918,74.6014633178711,64.18314361572266,52.07540512084961,61.28419876098633
2023-07-21,45.00927734375,76.58265686035156,67.72623443603516,48.06494903564453,52.89936447143555
2023-07-24,42.620506286621094,84.55733489990234,45.718238830566406,44.14791488647461,41.56391525268555
2023-07-25,41.76865768432617,68.12251281738281,54.17029571533203,45.33263397216797,44.68589401245117
2023-07-26,43.3504753112793,62.047611236572266,54.461036682128906,45.04027557373047,50.06923294067383
2023-07-27,39.47683334350586,73.84831237792969,40.72315979003906,43.365806579589844,38.4971809387207
2023-07-28,41.20427322387695,79.38682556152344,57.5671501159668,58.626827239990234,46.54877471923828
2023-07-31,44.77532196044922,71.22483825683594,43.646697998046875,56.82274627685547,49.98111343383789
2023-08-01,46.02306365966797,74.64752197265625,57.25706100463867,60.8818244934082,49.98343276977539
2023-08-02,43.54047393798828,78.49236297607422,64.40265655517578,59.5848274230957,47.035400390625
2023-08-03,44.11785125732422,86.06588745117188,69.35675811767578,56.1733512878418,46.25836181640625
2023-08-04,59.062076568603516,93.89734649658203,58.89459228515625,69.26209259033203,62.163429260253906
2023-08-07,48.26776885986328,80.0758056640625,55.9952392578125,61.64573287963867,53.027732849121094
2023-08-08,54.58062744140625,84.46444702148438,52.79273223876953,67.91007232666016,57.42582321166992
2023-08-09,58.425880432128906,66.97814178466797,46.131534576416016,61.1568603515625,57.40476989746094
2023-08-10,49.176734924316406,83.00643920898438,48.77558135986328,62.15132141113281,53.930870056152344
2023-08-11,48.36894989013672,80.8675308227539,75.4078140258789,53.50294494628906,55.873538970947266
2023-08-14,49.939823150634766,83.22461700439453,85.5527572631836,51.64305877685547,56.952579498291016
2023-08-16,54.336021423339844,78.61611938476562,46.540523529052734,58.59984588623047,55.572933197021484
2023-08-17,58.628055572509766,74.90301513671875,48.87015914916992,55.928565979003906,59.58802795410156
2023-08-18,51.128265380859375,76.4288558959961,118.1417236328125,51.726383209228516,56.58238983154297
2023-08-21,56.394264221191406,72.45152282714844,50.961761474609375,60.7147331237793,62.35878372192383
2023-08-22,50.64694595336914,72.78394317626953,58.04591751098633,53.89152908325195,53.920166015625
2023-08-23,53.38745880126953,68.98316955566406,47.700618743896484,50.46296691894531,59.252262115478516
2023-08-24,43.89551544189453,59.32905578613281,42.80399703979492,49.39047622680664,53.92815399169922
2023-08-25,40.316646575927734,73.6391830444336,40.73188018798828,48.34280776977539,49.94748306274414
2023-08-28,35.637359619140625,71.49143981933594,36.94380187988281,42.10869216918945,39.10186004638672
2023-08-29,42.86948776245117,68.15294647216797,39.48041915893555,46.06770706176758,49.2714729309082
2023-08-30,39.21419906616211,61.3873405456543,38.8853759765625,44.58104705810547,46.16417694091797
2023-08-31,33.7489013671875,72.10638427734375,40.03043746948242,42.0625,34.636260986328125
2023-09-01,63.56393814086914,78.18280029296875,61.97239303588867,59.9501953125,63.933414459228516
2023-09-04,45.21132278442383,77.57488250732422,54.03795623779297,55.29936981201172,48.020755767822266
2023-09-05,43.95621871948242,76.92167663574219,50.84843063354492,54.66666030883789,47.19142532348633
2023-09-06,61.72315979003906,69.0458755493164,61.207359313964844,62.7000732421875,61.53166961669922
2023-09-07,54.47099304199219,79.75904846191406,169.83164978027344,66.9372787475586,55.432586669921875
2023-09-08,59.906471252441406,80.43368530273438,60.7121467590332,56.299659729003906,62.263309478759766
2023-09-11,67.64383697509766,82.29881286621094,104.22274780273438,71.72483825683594,75.68309783935547
2023-09-12,54.94622039794922,76.7193374633789,57.78253173828125,61.443870544433594,61.676212310791016
2023-09-13,55.58393859863281,69.18019104003906,44.563350677490234,54.8791389465332,61.49601364135742
2023-09-14,52.13544464111328,77.54349517822266,51.346378326416016,52.54930114746094,55.35188674926758
2023-09-15,58.99418640136719,82.32002258300781,64.02416229248047,60.47528076171875,65.7365493774414
2023-09-18,54.182865142822266,75.50007629394531,50.916175842285156,57.82564163208008,57.87321853637695
2023-09-20,42.292335510253906,73.74534606933594,60.924644470214844,45.28527069091797,45.491905212402344
2023-09-21,48.031978607177734,71.45116424560547,39.87798309326172,50.688594818115234,49.46380615234375
2023-09-22,42.790836334228516,83.76274108886719,142.74603271484375,45.43197250366211,41.72384262084961
2023-09-25,38.637210845947266,78.164794921875,32.64078903198242,39.44686508178711,37.697933197021484
2023-09-26,41.5871696472168,72.39419555664062,42.58391189575195,40.815216064453125,43.08646011352539
2023-09-27,34.9964599609375,67.37847900390625,47.02562713623047,36.67677688598633,36.784263610839844
2023-09-28,28.4110050201416,75.23273468017578,28.369050979614258,35.594093322753906,30.769807815551758
2023-09-29,50.93180847167969,80.87129211425781,57.88810348510742,57.40826416015625,58.21870040893555
2023-10-03,24.20254135131836,68.88716888427734,35.29570007324219,27.547216415405273,25.218557357788086
2023-10-04,19.354822158813477,66.6281967163086,30.682201385498047,27.75006103515625,25.63399314880371
2023-10-05,28.21073341369629,72.70904541015625,33.07355880737305,39.65815353393555,31.524742126464844
2023-10-06,31.32657241821289,65.0333251953125,34.81989288330078,34.732276916503906,38.933311462402344
2023-10-09,19.763216018676758,67.02849578857422,21.636981964111328,25.94075584411621,26.770193099975586
2023-10-10,18.710783004760742,63.826751708984375,19.852872848510742,27.0263729095459,22.978073120117188
2023-10-11,25.10903549194336,67.90200805664062,24.355741500854492,28.41911506652832,25.842981338500977
2023-10-12,26.275604248046875,69.7622299194336,37.442073822021484,31.658329010009766,29.029512405395508
2023-10-13,28.399866104125977,66.00328826904297,42.96086502075195,32.60213088989258,32.47594451904297
2023-10-16,22.855140686035156,70.6570816040039,25.925065994262695,28.783180236816406,24.701541900634766
2023-10-17,26.49234390258789,68.16932678222656,35.28526306152344,32.825984954833984,28.934785842895508
2023-10-18,15.374129295349121,63.42546844482422,20.76957130432129,24.479873657226562,24.875507354736328
2023-10-19,18.757274627685547,69.63301086425781,18.75000762939453,27.725746154785156,22.593677520751953
2023-10-20,16.843326568603516,65.50947570800781,19.05299949645996,24.623367309570312,24.912052154541016
2023-10-23,12.205907821655273,65.32422637939453,19.197677612304688,19.24852180480957,19.098129272460938
2023-10-25,11.082992553710938,64.02286529541016,91.354248046875,16.34581756591797,12.4574613571167
2023-10-26,11.296151161193848,69.50355529785156,12.314608573913574,16.959684371948242,12.311175346374512
2023-10-27,15.551579475402832,67.55270385742188,15.58758544921875,25.245759963989258,17.346437454223633
2023-10-30,14.918209075927734,68.60311889648438,16.839914321899414,24.899213790893555,16.648849487304688
2023-10-31,14.352311134338379,65.76019287109375,27.06624412536621,22.228116989135742,16.20406723022461
2023-11-01,13.183727264404297,64.73392486572266,13.357407569885254,20.709671020507812,16.01304054260254
2023-11-02,13.866758346557617,72.11581420898438,17.288331985473633,24.707992553710938,15.750052452087402
2023-11-03,20.272979736328125,64.9603042602539,22.63272476196289,28.111265182495117,23.191654205322266
2023-11-06,17.57680892944336,66.09162902832031,21.559541702270508,28.570945739746094,24.776439666748047
2023-11-07,17.224720001220703,66.37606811523438,19.214242935180664,27.040266036987305,23.481794357299805
2023-11-08,19.741321563720703,62.25444030761719,104.84298706054688,30.972476959228516,26.878774642944336
2023-11-09,21.422882080078125,63.372154235839844,19.37802505493164,27.335296630859375,28.22003936767578
2023-11-10,21.95438575744629,68.7518081665039,27.488088607788086,31.679786682128906,27.89727783203125
2023-11-13,17.218669891357422,66.44312286376953,31.718017578125,26.497835159301758,22.6348934173584
2023-11-15,19.825098037719727,52.65572738647461,21.300201416015625,27.90387725830078,27.54465675354004
2023-11-16,19.03489875793457,63.29912567138672,20.093753814697266,28.410398483276367,20.102981567382812
2023-11-17,20.048770904541016,66.93194580078125,37.53242492675781,28.602222442626953,21.344484329223633
2023-11-20,16.670223236083984,64.86165618896484,100.75015258789062,24.661630630493164,18.824594497680664
2023-11-21,19.028793334960938,64.97332763671875,21.54824447631836,26.520959854125977,20.09764862060547
2023-11-22,17.06509780883789,64.29885864257812,22.93388557434082,20.894283294677734,18.722620010375977
2023-11-23,18.51373863220215,67.56971740722656,27.97854232788086,24.053142547607422,19.826562881469727
2023-11-24,18.548072814941406,63.47896957397461,18.432476043701172,24.021883010864258,22.25318717956543
2023-11-28,21.45619010925293,66.82609558105469,24.87481117248535,28.420557022094727,22.19481658935547
2023-11-29,21.9792423248291,64.01543426513672,32.21822738647461,30.225000381469727,23.200531005859375
2023-11-30,17.26170539855957,68.5903091430664,21.754554748535156,26.221887588500977,18.03883934020996
2023-12-01,16.535722732543945,65.46247863769531,24.763656616210938,23.933380126953125,17.66795539855957
2023-12-04,15.00680160522461,57.74207305908203,25.579986572265625,27.37517547607422,19.128347396850586
2023-12-05,13.969111442565918,58.12894058227539,29.639564514160156,22.775278091430664,17.280868530273438
2023-12-06,14.790515899658203,63.416053771972656,19.758563995361328,24.227869033813477,17.6575927734375
2023-12-07,19.22450065612793,73.2757568359375,20.84573745727539,28.257566452026367,18.523189544677734
2023-12-08,17.960479736328125,67.91838073730469,53.266719818115234,27.597272872924805,18.855876922607422
2023-12-11,13.275936126708984,63.79962921142578,14.347450256347656,21.450841903686523,16.580299377441406
2023-12-12,21.54840660095215,72.38068389892578,23.36199378967285,30.05322265625,23.239843368530273
2023-12-13,28.134765625,70.81263732910156,32.52916717529297,36.6483039855957,31.31165885925293
2023-12-14,36.69491958618164,77.40253448486328,41.04179382324219,44.9869270324707,30.10433006286621
2023-12-15,24.721261978149414,69.74336242675781,58.82631301879883,30.34995460510254,24.586441040039062
2023-12-18,17.139955520629883,70.34918212890625,23.590511322021484,24.722660064697266,19.7684326171875
2023-12-19,22.37651824951172,75.61077880859375,27.682727813720703,24.329795837402344,22.569738388061523
2023-12-20,32.587745666503906,83.43485260009766,34.51455307006836,38.67863082885742,34.65401840209961
2023-12-21,39.9410400390625,91.37213897705078,41.505210876464844,47.27351379394531,38.44145202636719
2023-12-22,34.08901596069336,87.59406280517578,41.14352798461914,40.74174118041992,33.83146667480469
2023-12-26,34.98652267456055,85.36904907226562,33.79857635498047,33.618385314941406,31.324703216552734
2023-12-27,41.10267639160156,88.6198501586914,57.013492584228516,41.97905349731445,40.00585174560547
2023-12-28,42.40571212768555,83.93517303466797,41.09098434448242,40.741825103759766,35.0115966796875
2023-12-29,30.113407135009766,98.53526306152344,45.6372184753418,36.654293060302734,31.655488967895508
2024-01-01,40.577667236328125,109.45207214355469,41.5916633605957,44.10868453979492,40.038307189941406
2024-01-02,20.69447898864746,96.13220977783203,30.124868392944336,22.411130905151367,22.937747955322266
2024-01-03,18.566469192504883,88.74642944335938,19.518156051635742,19.46369171142578,22.32916259765625
2024-01-04,24.801586151123047,94.47944641113281,33.31200408935547,31.090465545654297,26.756195068359375
2024-01-05,11.97512435913086,82.61959838867188,21.31768798828125,20.091506958007812,20.738340377807617
2024-01-08,14.90509033203125,89.31517791748047,19.604503631591797,17.186017990112305,16.36456298828125
2024-01-09,16.795940399169922,88.88548278808594,56.62892150878906,22.2684268951416,19.249916076660156
2024-01-10,18.5947208404541,87.50772094726562,37.85820388793945,22.811626434326172,18.175243377685547
2024-01-11,10.663092613220215,88.00225830078125,43.32157897949219,16.527008056640625,16.8936710357666
2024-01-12,17.32398223876953,86.7405776977539,30.843486785888672,22.184295654296875,18.646926879882812
2024-01-15,16.996578216552734,86.4336166381836,22.685562133789062,19.752965927124023,18.354825973510742
2024-01-16,11.596474647521973,82.20905303955078,19.01247787475586,14.14670181274414,14.571463584899902
2024-01-17,23.029911041259766,95.7315902709961,27.596214294433594,22.456798553466797,24.177207946777344
2024-01-18,31.10684585571289,96.55714416503906,35.26838684082031,30.870502471923828,26.809608459472656
2024-01-19,22.99395179748535,94.23392486572266,31.001087188720703,27.236928939819336,30.270244598388672
2024-01-23,20.72428321838379,90.55635833740234,130.802978515625,18.94137954711914,22.179244995117188
2024-01-24,24.083066940307617,91.2494125366211,23.707990646362305,25.140663146972656,21.798397064208984
2024-01-25,19.04459571838379,92.34586334228516,56.6790771484375,21.13998031616211,17.603906631469727
2024-01-29,26.165111541748047,101.93766784667969,32.42546844482422,31.905811309814453,24.636762619018555
2024-01-30,26.745338439941406,103.779052734375,22.379865646362305,30.882184982299805,22.141590118408203
2024-01-31,28.782535552978516,102.58243560791016,24.40004539489746,30.87137222290039,28.194828033447266
2024-02-01,10.613834381103516,93.16463470458984,12.576157569885254,15.81129264831543,14.950339317321777
2024-02-02,18.353628158569336,95.0125961303711,44.056793212890625,21.166040420532227,17.747270584106445
2024-02-05,17.728069305419922,94.71125793457031,19.96822738647461,20.079914093017578,19.029340744018555
2024-02-06,23.07439613342285,97.82766723632812,27.22002410888672,25.020633697509766,23.1428165435791
2024-02-07,21.739582061767578,92.64104461669922,31.827943801879883,25.189876556396484,22.33625602722168
2024-02-08,32.83032989501953,106.4134292602539,44.891727447509766,31.76580047607422,32.257911682128906
2024-02-09,23.67784881591797,99.53428649902344,35.84645462036133,26.395410537719727,26.183372497558594
2024-02-12,35.30514907836914,107.92034149169922,43.985069274902344,35.052818298339844,35.25247573852539
2024-02-13,21.754846572875977,93.61053466796875,30.315454483032227,22.760826110839844,23.90501594543457
2024-02-14,31.397010803222656,102.66363525390625,32.37106704711914,31.98226547241211,32.46198272705078
2024-02-15,39.29494094848633,103.8770980834961,38.451148986816406,39.996788024902344,37.32177734375
2024-02-16,28.702205657958984,98.91483306884766,26.640233993530273,28.646738052368164,28.150911331176758
2024-02-19,36.296024322509766,94.62520599365234,35.97523880004883,31.941932678222656,33.326114654541016
2024-02-20,25.467527389526367,91.65255737304688,36.951053619384766,27.761764526367188,25.89200782775879
2024-02-21,26.69056510925293,97.61206817626953,36.582618713378906,28.694927215576172,30.01691246032715
2024-02-22,24.749643325805664,95.1778793334961,29.27650260925293,27.767316818237305,28.559762954711914
2024-02-23,24.217937469482422,93.63127899169922,28.243257522583008,26.761531829833984,24.382844924926758
2024-02-26,33.124839782714844,98.06407165527344,35.38671875,33.09318542480469,33.15304946899414
2024-02-27,29.831575393676758,86.1035385131836,30.677579879760742,29.015687942504883,27.080556869506836
2024-02-28,24.26850700378418,96.13400268554688,23.959796905517578,24.359832763671875,23.835905075073242
2024-02-29,42.4580192565918,102.22296905517578,29.466419219970703,34.096771240234375,34.183563232421875
2024-03-01,24.436695098876953,90.11652374267578,46.137142181396484,23.487693786621094,25.71573829650879
2024-03-04,23.351219177246094,95.7486572265625,25.67436981201172,24.97015380859375,25.504613876342773
2024-03-05,30.213899612426758,93.35172271728516,51.82874298095703,28.88196563720703,28.681373596191406
2024-03-06,37.396034240722656,97.57596588134766,53.324485778808594,36.536346435546875,34.13114547729492
2024-03-07,27.58319664001465,91.16862487792969,45.386600494384766,32.54368591308594,28.608062744140625
2024-03-11,35.27095413208008,101.36931610107422,37.16394805908203,33.82423782348633,34.160823822021484
2024-03-12,30.534364700317383,94.13109588623047,36.848716735839844,31.430641174316406,28.846511840820312
2024-03-13,36.00865173339844,98.36026000976562,43.15388488769531,32.63973617553711,35.767330169677734
2024-03-14,44.27385711669922,107.68631744384766,46.35722732543945,36.86237716674805,39.45111083984375
2024-03-15,41.913665771484375,100.10519409179688,43.64925003051758,38.76347351074219,40.34225845336914
2024-03-18,29.115516662597656,92.31305694580078,39.912349700927734,29.595327377319336,28.37699317932129
2024-03-19,32.895267486572266,100.9854507446289,34.89752960205078,30.57182502746582,30.14960479736328
2024-03-20,27.656858444213867,95.27837371826172,30.333589553833008,26.6424503326416,24.90723419189453
2024-03-21,36.02927017211914,99.45944213867188,43.60636901855469,36.84746170043945,33.10969543457031
2024-03-22,27.405059814453125,93.37702178955078,35.75012969970703,29.520645141601562,32.73622512817383
2024-03-26,41.273990631103516,97.22277069091797,34.62181091308594,39.20995330810547,32.03168487548828
2024-03-27,32.63692092895508,89.67330932617188,126.78697967529297,33.521446228027344,26.534624099731445
2024-03-28,18.347280502319336,84.56243133544922,19.142330169677734,21.31820297241211,17.843585968017578
2024-04-01,25.420970916748047,94.82621002197266,65.72824096679688,40.3221321105957,31.913677215576172
2024-04-02,24.9824275970459,92.98992156982422,30.497058868408203,36.47012710571289,29.929677963256836
2024-04-03,30.744325637817383,86.66455841064453,31.719717025756836,41.42055892944336,38.93215560913086
2024-04-04,29.930160522460938,95.12118530273438,30.425025939941406,44.880855560302734,31.496116638183594
2024-04-05,31.90275001525879,93.88644409179688,44.12205505371094,43.951805114746094,42.07252502441406
2024-04-08,31.187959671020508,89.42620086669922,31.04551887512207,37.44367980957031,32.91839599609375
2024-04-09,24.985158920288086,88.8759994506836,22.53847885131836,37.176822662353516,29.60870361328125
2024-04-10,29.82623863220215,86.87290954589844,29.129215240478516,46.17658615112305,41.80195999145508
2024-04-12,23.872169494628906,95.60665130615234,33.67125701904297,33.98056411743164,26.135433197021484
2024-04-15,23.366844177246094,99.79988098144531,31.12045669555664,33.14842987060547,25.247106552124023
2024-04-16,18.213573455810547,94.27942657470703,20.30862808227539,27.649011611938477,21.18467140197754
2024-04-18,24.905214309692383,105.17058563232422,37.96392822265625,32.973758697509766,24.301834106445312
2024-04-19,19.728391647338867,97.05961608886719,23.043907165527344,27.014537811279297,21.1225643157959
2024-04-22,20.093454360961914,90.5411376953125,21.910964965820312,27.355573654174805,23.032033920288086
2024-04-23,21.291980743408203,82.22821807861328,24.22149658203125,29.428316116333008,24.366918563842773
2024-04-24,21.587276458740234,78.83662414550781,29.82669448852539,32.6356201171875,24.498884201049805
2024-04-25,27.43959617614746,80.51080322265625,27.343036651611328,35.69224548339844,25.236452102661133
2024-04-26,17.500303268432617,99.37769317626953,18.374589920043945,30.6568660736084,19.642478942871094
2024-04-29,18.927457809448242,91.70223236083984,26.027244567871094,34.62770462036133,22.94379234313965
2024-04-30,22.619096755981445,93.48831939697266,28.910457611083984,36.11811447143555,24.481990814208984
2024-05-02,23.20064926147461,105.34556579589844,24.26622772216797,34.60383224487305,29.07550048828125
2024-05-03,34.91637420654297,109.53842163085938,31.215274810791016,38.07879638671875,37.730064392089844
2024-05-06,36.58625793457031,114.91181945800781,33.56199645996094,37.08487319946289,35.79697036743164
2024-05-07,38.96070098876953,116.36363983154297,45.95244216918945,38.501853942871094,39.818660736083984
2024-05-08,42.283599853515625,112.85088348388672,38.964962005615234,42.743309020996094,45.37213897705078
2024-05-09,50.566463470458984,130.29873657226562,49.319129943847656,52.32053756713867,53.287410736083984
2024-05-10,51.287296295166016,114.88919830322266,64.5695571899414,50.91415023803711,47.37315368652344
2024-05-13,62.447303771972656,141.58401489257812,53.93766784667969,61.77415084838867,60.28003692626953
2024-05-14,55.95907974243164,130.82089233398438,68.95616912841797,59.85414505004883,58.19255828857422
2024-05-15,63.39186477661133,128.04478454589844,59.14995574951172,58.63883590698242,61.3193359375
2024-05-16,53.92890167236328,132.26101684570312,45.45401382446289,56.50483322143555,55.961631774902344
2024-05-17,43.89678955078125,126.17102813720703,48.51106262207031,45.35127258300781,46.63153076171875
2024-05-21,62.280879974365234,130.3546905517578,58.543418884277344,63.533660888671875,61.097572326660156
2024-05-22,56.86976623535156,120.61589050292969,51.766780853271484,62.18281555175781,58.87959671020508
2024-05-23,48.921836853027344,119.7127685546875,50.647850036621094,56.53243637084961,52.0931510925293
2024-05-24,61.695892333984375,127.7246322631836,58.78524398803711,65.22382354736328,58.62385177612305
2024-05-27,74.6431884765625,138.6578369140625,83.19414520263672,72.00138854980469,70.33157348632812
2024-05-28,81.855712890625,141.8494873046875,84.39203643798828,84.88362884521484,75.91223907470703
2024-05-29,97.26719665527344,147.6262969970703,86.94173431396484,93.66035461425781,85.29476928710938
2024-05-30,98.2429428100586,166.6356658935547,75.2720947265625,102.11474609375,76.53489685058594
2024-05-31,112.11705017089844,178.5045166015625,87.65978240966797,126.08113098144531,93.12284851074219
2024-06-03,72.69400787353516,132.2944793701172,60.28837585449219,89.3286361694336,50.51897048950195
2024-06-04,70.0362777709961,140.86964416503906,60.292396545410156,78.60177612304688,58.02900314331055
2024-06-05,29.169368743896484,117.57447052001953,43.655006408691406,36.327903747558594,27.76832389831543
2024-06-06,26.02678680419922,116.18648529052734,28.76273536682129,39.78346252441406,26.509157180786133
2024-06-07,46.2191047668457,108.50181579589844,45.90229034423828,52.66389083862305,54.44977951049805
2024-06-10,40.04267501831055,106.4832763671875,55.95481491088867,49.963932037353516,43.27433395385742
2024-06-11,36.80672073364258,98.96956634521484,54.98906707763672,48.104740142822266,43.03715133666992
2024-06-12,46.89239501953125,91.2845687866211,61.83578872680664,51.27853012084961,50.501319885253906
2024-06-13,56.09309768676758,101.89913177490234,51.89452362060547,75.04729461669922,61.36786651611328
2024-06-14,64.96644592285156,100.21823120117188,60.77193832397461,73.27291107177734,66.1932144165039
2024-06-18,55.859954833984375,86.13204193115234,46.3489990234375,59.438880920410156,59.258235931396484
2024-06-19,50.34622573852539,80.36589813232422,63.818702697753906,58.202796936035156,59.68583679199219
2024-06-20,56.90943145751953,95.8895263671875,68.53038024902344,59.202484130859375,59.22039794921875
2024-06-21,59.37242889404297,96.20867919921875,64.61103820800781,62.33047103881836,68.08949279785156
2024-06-24,42.73567581176758,91.76734161376953,37.66342544555664,51.61152267456055,47.66150665283203
2024-06-25,45.67333984375,82.56635284423828,40.16973876953125,51.42595672607422,52.61909103393555
2024-06-26,49.57626724243164,88.32862854003906,46.788421630859375,52.90205001831055,55.544227600097656
2024-06-27,63.40424728393555,94.8717041015625,58.84659957885742,69.62647247314453,67.7486343383789
2024-06-28,57.941650390625,112.78137969970703,54.95947265625,64.62808227539062,59.69725799560547
2024-07-01,48.27119827270508,105.57453918457031,63.138710021972656,62.11433029174805,55.23467254638672
2024-07-02,55.6653938293457,105.56816864013672,63.915157318115234,65.15550231933594,63.02562713623047
2024-07-03,64.31455993652344,116.72557067871094,70.55599975585938,72.82545471191406,70.35340118408203
2024-07-04,55.962852478027344,105.66554260253906,54.32722091674805,77.80545043945312,63.58634948730469
2024-07-05,64.1700210571289,116.1043472290039,59.42431640625,69.24974060058594,70.06724548339844
